Arbeitgeber;Ort;PLZ;Strasse;Region;Ausbildungsberufe;AnzahlBerufe;AnzahlAnzeigen;ErstmalsGesehen;ZuletztGesehen;Jahre;Quellen;Webseite;Notiz
Autohaus Eberhard Schneider GmbH;;74357;;BADEN_WUERTTEMBERG;Kraftfahrzeugmechatroniker/in - Personenkraftwagentechnik;1;1;2026-09-20;2026-09-22;2026;ba-jobsuche;;
ALDI SÜD Dienstleistungs- SE & Co. oHG;Abstatt;74232;;BADEN_WUERTTEMBERG;Verkäufer/in;1;1;2026-09-20;2026-09-23;2026;ba-jobsuche;;
Eugen Unkauf GmbH & Co. KG;Abstatt;74232;Alt Untgruppenbach Str;BADEN_WUERTTEMBERG;Land- und Baumaschinenmechatroniker/in;1;1;2026-09-20;2026-09-23;2026;ba-jobsuche;;
Heiko Wangler Weinkellerei;Abstatt;74232;Sportplatzstr.;BADEN_WUERTTEMBERG;Bachelor of Science - Wein-Technologie-Management 2027 | Weintechnologe/-technologin;2;2;2026-09-20;2026-09-23;2026;ba-jobsuche;;
Koos GmbH;Abstatt;74232;Seestr.;BADEN_WUERTTEMBERG;Maler/in und Lackierer/in - Gestaltung und Instandhaltung;1;1;2026-09-20;2026-09-23;2026;ba-jobsuche;;
Landmetzgerei Setzer GmbH;Abstatt;74232;Beilsteiner Straße 6;BADEN_WUERTTEMBERG;Fachverkäufer/in - Lebensmittelhandwerk (Fleischerei);1;1;2026-09-20;2026-09-23;2026;ba-jobsuche;;
Moebel Rieger GmbH & Co. KG;Abstatt;74232;Abstatter Straße;BADEN_WUERTTEMBERG;Fachkraft - Lagerlogistik | Fachkraft - Möbel-, Küchen- und Umzugsservice;2;3;2026-09-20;2026-09-23;2026;ba-jobsuche;;
Robert Bosch GmbH;Abstatt;74232;;BADEN_WUERTTEMBERG;Elektroniker/in - Maschinen und Antriebstechnik (BBiG) | Kraftfahrzeugmechatroniker/in - System- und Hochvolttechnik | Mechatroniker/in;3;5;2026-09-20;2026-09-23;2026;ba-jobsuche;;
Elektro-Weidenbach GmbH;Adelberg, Württemberg;73099;Schorndorfer Str.;BADEN_WUERTTEMBERG;Elektroniker/in - Energie- und Gebäudetechnik;1;1;2026-09-20;2026-09-23;2026;ba-jobsuche;;
hasenwandel eGbR Garten- und Landschaftsbau;Adelberg, Württemberg;73099;Kloster;BADEN_WUERTTEMBERG;Gärtner/in - Garten- und Landschaftsbau;1;1;2026-09-20;2026-09-23;2026;ba-jobsuche;;
Holzbau Schmid GmbH & Co. KG;Adelberg, Württemberg;73099;Ziegelhau;BADEN_WUERTTEMBERG;Tischler/in;1;1;2026-09-20;2026-09-23;2026;ba-jobsuche;;
Carmen Pardos;Affalterbach, Württemberg;71563;Marbacher Str.;BADEN_WUERTTEMBERG;Zahnmedizinische/r Fachangestellte/r;1;1;2026-09-20;2026-09-23;2026;ba-jobsuche;;
Fliesen Niethammer GbR;Affalterbach, Württemberg;71563;Trollingerstr.;BADEN_WUERTTEMBERG;Fliesen-, Platten- und Mosaikleger/in;1;1;2026-09-20;2026-09-23;2026;ba-jobsuche;;
Mercedes-Benz Group AG;Affalterbach, Württemberg;71563;;BADEN_WUERTTEMBERG;AMG Steinbeis Studenten Junior Projektleiter Kompetenzteammanagement Radführung ab sofort (m/w/d) | AMG Steinbeis Studenten Junior R&D-Controller im Kompetenzteam ab August 2026 (m/w/d);2;2;2026-09-20;2026-09-23;2026;ba-jobsuche;;
Netto Marken-Discount Stiftung & Co. KG;Affalterbach, Württemberg;71563;Winnender Str. 52;BADEN_WUERTTEMBERG;Kaufmann/-frau - Einzelhandel | Verkäufer/in;2;3;2026-09-20;2026-09-23;2026;ba-jobsuche;;
Rikker Holzbau GmbH;Affalterbach, Württemberg;71563;Daimlerstr.;BADEN_WUERTTEMBERG;Klempner/in | Zimmerer/Zimmerin;2;2;2026-09-20;2026-09-23;2026;ba-jobsuche;;
Stern GmbH & Co. KG;Affalterbach, Württemberg;71563;Maybachstr.;BADEN_WUERTTEMBERG;Fachkraft - Lagerlogistik | Kaufmann/-frau - Büromanagement;2;2;2026-09-20;2026-09-23;2026;ba-jobsuche;;
Württembergische Blechwarenfabrik GmbH;Affalterbach, Württemberg;71563;Bittenfelder Weg;BADEN_WUERTTEMBERG;Konstruktionsmechaniker/in | Maschinen- und Anlagenführer/in - Metall-, Kunststofftechnik;2;2;2026-09-20;2026-09-23;2026;ba-jobsuche;;
Penny-Markt GmbH Verwaltung;Aichelberg, Kreis Göppingen;73101;;BADEN_WUERTTEMBERG;Kaufmann/-frau - Einzelhandel | Verkäufer/in;2;2;2026-09-20;2026-09-23;2026;ba-jobsuche;;
ALDI SÜD Dienstleistungs- SE & Co. oHG;Aichtal;72631;;BADEN_WUERTTEMBERG;Verkäufer/in;1;2;2026-09-20;2026-09-23;2026;ba-jobsuche;;
Detlef Rhode Steuerberater;Aichtal;72631;Staufenstr.;BADEN_WUERTTEMBERG;Steuerfachangestellte/r;1;1;2026-09-20;2026-09-23;2026;ba-jobsuche;;
Fuji Seal Germany GmbH;Aichtal;72631;Gutenbergstr.;BADEN_WUERTTEMBERG;Medientechnologe/-technologin Druck;1;1;2026-09-20;2026-09-23;2026;ba-jobsuche;;
McDonald's Deutschland LLC;Aichtal;72631;Margarete-Steiff-Straße 3;BADEN_WUERTTEMBERG;Duales Studium BWL - Food Management | Duales Studium BWL - Handel | Fachmann/-frau - Systemgastronomie;3;4;2026-09-20;2026-09-23;2026;ba-jobsuche;;
Putzmeister Concrete Pumps GmbH;Aichtal;72631;Max-Eyth-Str.;BADEN_WUERTTEMBERG;Duales Studium zum Bachelor of Engineering (B. Eng.) im Studiengang Maschinenbau für 2026 | Duales Studium zum Bachelor of Engineering (B. Eng.) im Studiengang Mechatronik für 2026 | Duales Studium zum Bachelor of Engineering im Studiengang Wirtschaftsingenieurwesen für 2026 | Duales Studium zum Bachelor of Science (B. Sc.) im Studiengang Informatik IT-Automotive für 2026 | Industriekaufmann/-frau | Mechatroniker/in;6;6;2026-09-20;2026-09-23;2026;ba-jobsuche;;
Die Zieglerschen - Süd - gemeinnützige GmbH;Aichwald, Schurw;73773;;BADEN_WUERTTEMBERG;Hauswirtschafter/in;1;1;2026-09-20;2026-09-23;2026;ba-jobsuche;;
Fiessler Elektronik GmbH & Co. KG;Aichwald, Schurw;73773;Buchenteich;BADEN_WUERTTEMBERG;Elektroniker/in - Geräte und Systeme;1;1;2026-09-20;2026-09-23;2026;ba-jobsuche;;
Karl Klein Ventilatorenbau GmbH;Aichwald, Schurw;73773;Waldstr.;BADEN_WUERTTEMBERG;Industriekaufmann/-frau | Industriemechaniker/in | Konstruktionsmechaniker/in;3;5;2026-09-20;2026-09-23;2026;ba-jobsuche;;
Manfred Schmid;Aichwald, Schurw;73773;Alte Dorfstr.;BADEN_WUERTTEMBERG;Zimmerer/Zimmerin;1;1;2026-09-20;2026-09-23;2026;ba-jobsuche;;
dm-drogerie markt GmbH + Co.KG;Aidlingen, Württemberg;71134;Böblinger Straße 63;BADEN_WUERTTEMBERG;Drogist/in;1;1;2026-09-20;2026-09-23;2026;ba-jobsuche;;
Netto Marken-Discount Stiftung & Co. KG;Aidlingen, Württemberg;71134;Böblinger Straße 65;BADEN_WUERTTEMBERG;Kaufmann/-frau - Einzelhandel | Verkäufer/in;2;3;2026-09-20;2026-09-23;2026;ba-jobsuche;;
Tina Wohland ADTV Tanzschule - Die Tanzfüße;Aidlingen, Württemberg;71134;Tannenweg;BADEN_WUERTTEMBERG;Tanzlehrer/in;1;1;2026-09-20;2026-09-23;2026;ba-jobsuche;;
EDEKA Südwest Stiftung & Co. KG;Albershausen;73095;Uhinger Straße 75;BADEN_WUERTTEMBERG;Fachverkäufer/in - Lebensmittelhandwerk (Fleischerei) | Kaufmann/-frau - Einzelhandel | Verkäufer/in;3;4;2026-09-20;2026-09-23;2026;ba-jobsuche;;
Evangelische Heimstiftung Württemberg GmbH Haus im Wiesengrund;Albershausen;73095;Uhinger Str.;BADEN_WUERTTEMBERG;Pflegefachmann/-frau (Ausbildung);1;1;2026-09-20;2026-09-23;2026;ba-jobsuche;;
Georg Fischer GmbH;Albershausen;73095;Daimlerstr.;BADEN_WUERTTEMBERG;Kaufmann/-frau - Groß- und Außenhandelsmanagement (Großhandel);1;1;2026-09-20;2026-09-23;2026;ba-jobsuche;;
Hengmith Kälte und Klima-Technik GmbH;Albershausen;73095;Boschstr.;BADEN_WUERTTEMBERG;Mechatroniker/in - Kältetechnik;1;2;2026-09-20;2026-09-23;2026;ba-jobsuche;;
MayerS Bäckerei-Konditorei GmbH & Co. KG;Albershausen;73095;Uhinger Str. 14;BADEN_WUERTTEMBERG;Fachverkäufer/in - Lebensmittelhandwerk (Bäckerei);1;1;2026-09-20;2026-09-23;2026;ba-jobsuche;;
Wolfgang Fischer;Albershausen;73095;Lindenstr.;BADEN_WUERTTEMBERG;Elektroniker/in - Energie- und Gebäudetechnik;1;1;2026-09-20;2026-09-23;2026;ba-jobsuche;;
ZINSER GmbH;Albershausen;73095;Daimlerstr.;BADEN_WUERTTEMBERG;Industriekaufmann/-frau | Mechatroniker/in;2;2;2026-09-20;2026-09-23;2026;ba-jobsuche;;
Netto Marken-Discount Stiftung & Co. KG;Alfdorf;73553;Hauptstraße 106;BADEN_WUERTTEMBERG;Kaufmann/-frau - Einzelhandel | Verkäufer/in;2;3;2026-09-20;2026-09-23;2026;ba-jobsuche;;
Rainer Bulling;Alfdorf;73553;Länderweg;BADEN_WUERTTEMBERG;Kraftfahrzeugmechatroniker/in - Personenkraftwagentechnik;1;1;2026-09-20;2026-09-23;2026;ba-jobsuche;;
REWE Markt GmbH ZwNL Südwest;Alfdorf;73553;;BADEN_WUERTTEMBERG;Fachverkäufer/in - Lebensmittelhandwerk (Fleischerei) | Kaufmann/-frau - Einzelhandel;2;2;2026-09-20;2026-09-23;2026;ba-jobsuche;;
ZF Automotive Germany GmbH;Alfdorf;73553;Industriestr.;BADEN_WUERTTEMBERG;Duales Studium 2027 | Fachinformatiker/in - Systemintegration | Mechatroniker/in | Oberflächenbeschichter/in | Werkzeugmechaniker/in;5;8;2026-09-20;2026-09-23;2026;ba-jobsuche;;
Gemeinde Allmersbach im Tal;Allmersbach im Tal;71573;;BADEN_WUERTTEMBERG;Verwaltungsfachangestellte/r - Kommunalverwaltung;1;1;2026-09-20;2026-09-23;2026;ba-jobsuche;;
Netto Marken-Discount Stiftung & Co. KG;Allmersbach im Tal;71573;Backnanger Straße 100;BADEN_WUERTTEMBERG;Kaufmann/-frau - Einzelhandel | Verkäufer/in;2;3;2026-09-20;2026-09-23;2026;ba-jobsuche;;
ALDI SÜD Dienstleistungs- SE & Co. oHG;Altbach, Württemberg;73776;;BADEN_WUERTTEMBERG;Verkäufer/in;1;1;2026-09-20;2026-09-23;2026;ba-jobsuche;;
dm-drogerie markt GmbH + Co.KG;Altbach, Württemberg;73776;Kieswiesen 18;BADEN_WUERTTEMBERG;Drogist/in;1;1;2026-09-20;2026-09-23;2026;ba-jobsuche;;
Geistdörfer GmbH & Co. KG;Altbach, Württemberg;73776;Esslinger Str.;BADEN_WUERTTEMBERG;Forstwirt/in;1;1;2026-09-20;2026-09-23;2026;ba-jobsuche;;
Headphone Revolution GmbH;Altbach, Württemberg;73776;Esslinger Str.;BADEN_WUERTTEMBERG;Duale/r Student*in „Eventmanagement & Kommunikation“;1;1;2026-09-20;2026-09-23;2026;ba-jobsuche;;
Heinrich Schmid GmbH & Co. KG;Altbach, Württemberg;73776;In den Weiden 9;BADEN_WUERTTEMBERG;Bodenleger/in | Duales Studium zum Bachelor of Arts - BWL Handwerk (m/w/d) | Duales Studium zum Bachelor of Engineering - Bauingenieurwesen (m/w/d) | Duales Studium zum Bachelor of Engineering - Wirtschaftsingenieurwesen Facility Management (m/w/d) | Maler/in und Lackierer/in - Ausbautechnik und Oberflächengestaltung | Maler/in und Lackierer/in - Gestaltung und Instandhaltung | Trockenbaumonteur/in;7;7;2026-09-20;2026-09-23;2026;ba-jobsuche;;
Lidl Dienstleistung GmbH & Co. KG;Altbach, Württemberg;73776;Kieswiesen;BADEN_WUERTTEMBERG;Fachwirt/in - Handel (doppelt qualifizierende Ausbildung) | Verkäufer/in;2;2;2026-09-20;2026-09-23;2026;ba-jobsuche;;
Lino Grossmann;Altbach, Württemberg;73776;Esslinger Str.;BADEN_WUERTTEMBERG;Zahnmedizinische/r Fachangestellte/r;1;1;2026-09-20;2026-09-23;2026;ba-jobsuche;;
Netze BW GmbH;Altbach, Württemberg;73776;Industriestraße;BADEN_WUERTTEMBERG;Elektroniker/in - Betriebstechnik | Mechatroniker/in;2;2;2026-09-20;2026-09-23;2026;ba-jobsuche;;
Roleff GmbH & Co. KG;Altbach, Württemberg;73776;Kieswiesen;BADEN_WUERTTEMBERG;Metallbauer/in - Konstruktionstechnik;1;1;2026-09-20;2026-09-23;2026;ba-jobsuche;;
Leibspeiserei Joachim Pollak;Altdorf, Kreis Böblingen;71155;Alemannenstr.;BADEN_WUERTTEMBERG;Koch/Köchin;1;1;2026-09-20;2026-09-23;2026;ba-jobsuche;;
Klemens Maier Holzbau GmbH;Althütte, Württemberg;71566;Daimlerstr.;BADEN_WUERTTEMBERG;Zimmerer/Zimmerin;1;1;2026-09-20;2026-09-23;2026;ba-jobsuche;;
ALDI SÜD Dienstleistungs- SE & Co. oHG;Aspach bei Backnang;71546;;BADEN_WUERTTEMBERG;Verkäufer/in;1;1;2026-09-20;2026-09-23;2026;ba-jobsuche;;
Einzelunternehmer Maler Fischer Celebi;Aspach bei Backnang;71546;Langegasse;BADEN_WUERTTEMBERG;Maler/in und Lackierer/in - Gestaltung und Instandhaltung;1;1;2026-09-20;2026-09-23;2026;ba-jobsuche;;
Landmetzgerei Rupp-Holzwarth OHG;Aspach bei Backnang;71546;Marbacherstraße;BADEN_WUERTTEMBERG;Fachverkäufer/in - Lebensmittelhandwerk (Fleischerei);1;1;2026-09-20;2026-09-23;2026;ba-jobsuche;;
Lukas Gläser GmbH & Co. KG;Aspach bei Backnang;71546;Backnanger Str.;BADEN_WUERTTEMBERG;Aufbereitungsmechaniker/in - Naturstein | Baugeräteführer/in | Beton- und Stahlbetonbauer/in | Industriekaufmann/-frau | Kaufmann/-frau - Büromanagement | Land- und Baumaschinenmechatroniker/in | Straßenbauer/in | Verfahrensmechaniker/in - Steine- und Erdenindustrie - Asphalttechnik;8;8;2026-09-20;2026-09-23;2026;ba-jobsuche;;
MVZ Bottwar GmbH;Aspach bei Backnang;71546;Backnanger Str.;BADEN_WUERTTEMBERG;Medizinische/r Fachangestellte/r;1;1;2026-09-20;2026-09-23;2026;ba-jobsuche;;
Walter Heger GmbH Heizungsvertrieb Heizungsbau;Aspach bei Backnang;71546;Siemensstr.;BADEN_WUERTTEMBERG;Anlagenmechaniker/in - Sanitär-, Heizungs- und Klimatechnik;1;1;2026-09-20;2026-09-23;2026;ba-jobsuche;;
Andreas Bäuerle Glaserei u. Fensterbau;Asperg;71679;Zeppelinstr.;BADEN_WUERTTEMBERG;Glaser/in - Fenster- und Glasfassadenbau;1;1;2026-09-20;2026-09-23;2026;ba-jobsuche;;
Autohaus Janiak GmbH;Asperg;71679;;BADEN_WUERTTEMBERG;Automobilkaufmann/-frau | Kraftfahrzeugmechatroniker/in - Nutzfahrzeugtechnik | Kraftfahrzeugmechatroniker/in - Personenkraftwagentechnik;3;3;2026-09-20;2026-09-23;2026;ba-jobsuche;;
Die Autobahn GmbH des Bundes Niederlassung Südwest (Stuttgart);Asperg;71679;Im Altach;BADEN_WUERTTEMBERG;Straßenwärter/in;1;1;2026-09-20;2026-09-23;2026;ba-jobsuche;;
dm-drogerie markt GmbH + Co.KG;Asperg;71679;Eglosheimer Straße 75;BADEN_WUERTTEMBERG;Drogist/in;1;1;2026-09-20;2026-09-23;2026;ba-jobsuche;;
Hörgeräte LANGER GmbH & Co. KG;Asperg;71679;Markgröninger Straße;BADEN_WUERTTEMBERG;Hörakustiker/in;1;1;2026-09-20;2026-09-23;2026;ba-jobsuche;;
Hotel Adler Ottenbacher GmbH;Asperg;71679;Stuttgarter Str.;BADEN_WUERTTEMBERG;Fachmann/-frau - Restaurants und Veranstaltungsgastronomie | Koch/Köchin;2;3;2026-09-20;2026-09-23;2026;ba-jobsuche;;
Hürttle Anstrichtechnik GmbH;Asperg;71679;Dornierstr.;BADEN_WUERTTEMBERG;Maler/in und Lackierer/in - Gestaltung und Instandhaltung;1;1;2026-09-20;2026-09-23;2026;ba-jobsuche;;
Hürttle Fassadentechnik GmbH;Asperg;71679;Dornierstr.;BADEN_WUERTTEMBERG;Maler/in und Lackierer/in - Gestaltung und Instandhaltung;1;1;2026-09-20;2026-09-23;2026;ba-jobsuche;;
KiK Textilien und Non-Food GmbH;Asperg;71679;Marktplatz 4;BADEN_WUERTTEMBERG;Fachwirt/in - Handel (doppelt qualifizierende Ausbildung) | Verkäufer/in;2;2;2026-09-20;2026-09-23;2026;ba-jobsuche;;
Lidl Dienstleistung GmbH & Co. KG;Asperg;71679;Im Erle;BADEN_WUERTTEMBERG;Verkäufer/in;1;1;2026-09-20;2026-09-23;2026;ba-jobsuche;;
Rauscher & Müller GmbH;Asperg;71679;Gartenstr.;BADEN_WUERTTEMBERG;Anlagenmechaniker/in - Sanitär-, Heizungs- und Klimatechnik;1;1;2026-09-20;2026-09-23;2026;ba-jobsuche;;
Sozialtherapeutische Anstalt Baden-Württemberg;Asperg;71679;Schubartstr.;BADEN_WUERTTEMBERG;Beamter/Beamtin - Justizvollzugsdienst (mittlerer nichttechnischer Dienst);1;1;2026-09-20;2026-09-23;2026;ba-jobsuche;;
Kauderer Haustechnik GmbH & Co. KG;Auenwald;71549;Dresselhofweg;BADEN_WUERTTEMBERG;Anlagenmechaniker/in - Sanitär-, Heizungs- und Klimatechnik;1;1;2026-09-20;2026-09-23;2026;ba-jobsuche;;
Lorch Schweißtechnik GmbH;Auenwald;71549;Im Anwänder;BADEN_WUERTTEMBERG;Elektroniker/in - Geräte und Systeme | Fachkraft - Lagerlogistik | Fachlagerist/in | Industrieelektriker/in - Geräte und Systeme | Industriekaufmann/-frau;5;5;2026-09-20;2026-09-23;2026;ba-jobsuche;;
Netto Marken-Discount Stiftung & Co. KG;Auenwald;71549;Unterbrüdener Str. 34;BADEN_WUERTTEMBERG;Kaufmann/-frau - Einzelhandel | Verkäufer/in;2;3;2026-09-20;2026-09-23;2026;ba-jobsuche;;
Zanker GmbH;Auenwald;71549;Max-Eyth-Str.;BADEN_WUERTTEMBERG;Feinwerkmechaniker/in | Rollladen- und Sonnenschutzmechatroniker/in;2;2;2026-09-20;2026-09-23;2026;ba-jobsuche;;
Abdulkarim Marawi;Backnang;71522;Sulzbacher Str.;BADEN_WUERTTEMBERG;Medizinische/r Fachangestellte/r;1;1;2026-09-20;2026-09-23;2026;ba-jobsuche;;
Ade Fußbodenbau GmbH;Backnang;71522;Im Kusterfeld;BADEN_WUERTTEMBERG;Bodenleger/in | Estrichleger/in | Parkettleger/in;3;4;2026-09-20;2026-09-23;2026;ba-jobsuche;;
ALDI SÜD Dienstleistungs- SE & Co. oHG;Backnang;71522;;BADEN_WUERTTEMBERG;Verkäufer/in;1;2;2026-09-20;2026-09-23;2026;ba-jobsuche;;
AOK Baden-Württemberg Hauptverwaltung;Backnang;71522;Sulzbacher Str.;BADEN_WUERTTEMBERG;Sozialversicherungsfachangestellte/r - allgemeine Krankenversicherung;1;1;2026-09-20;2026-09-23;2026;ba-jobsuche;;
Apperger + Idler + Schurig PartGmbB Steuerberatung + Wirtschaftsprüfung;Backnang;71522;Stuttgarter Straße;BADEN_WUERTTEMBERG;Steuerfachangestellte/r;1;1;2026-09-20;2026-09-23;2026;ba-jobsuche;;
ARODAL BAUSYSTEME GmbH;Backnang;71522;Blumenstr.;BADEN_WUERTTEMBERG;Bauwerksabdichter/in;1;1;2026-09-20;2026-09-23;2026;ba-jobsuche;;
Burger Schloz Automobile GmbH & Co KG Uhingen;Backnang;71522;;BADEN_WUERTTEMBERG;Automobilkaufmann/-frau | Kraftfahrzeugmechatroniker/in - Nutzfahrzeugtechnik | Kraftfahrzeugmechatroniker/in - Personenkraftwagentechnik;3;3;2026-09-20;2026-09-23;2026;ba-jobsuche;;
Deutsche Bahn AG;Backnang;71522;;BADEN_WUERTTEMBERG;Eisenbahner/in - Zugverkehrssteuerung;1;1;2026-09-20;2026-09-23;2026;ba-jobsuche;;
Deutsche Post DHL;Backnang;71522;;BADEN_WUERTTEMBERG;Fachkraft - Kurier-, Express- und Postdienstleistungen;1;1;2026-09-20;2026-09-23;2026;ba-jobsuche;;
Dienste für Menschen gGmbH Pflegestift Backnang;Backnang;71522;Gartenstr.;BADEN_WUERTTEMBERG;Altenpflegehelfer/in | Hauswirtschafter/in | Pflegefachmann/-frau (Ausbildung);3;4;2026-09-20;2026-09-23;2026;ba-jobsuche;;
dm-drogerie markt GmbH + Co.KG;Backnang;71522;Im Biegel 8-10;BADEN_WUERTTEMBERG;Drogist/in;1;1;2026-09-20;2026-09-23;2026;ba-jobsuche;;
Dr. med. dent. Sam Moosavi Kieferorthopäde;Backnang;71522;Sulzbacher Str.;BADEN_WUERTTEMBERG;Zahnmedizinische/r Fachangestellte/r;1;1;2026-09-23;2026-09-23;2026;ba-jobsuche;;
Dr.med dent. Axel Kühn;Backnang;71522;Gerberstr.;BADEN_WUERTTEMBERG;Zahnmedizinische/r Fachangestellte/r;1;1;2026-09-20;2026-09-23;2026;ba-jobsuche;;
ECOVIS RTS BW Steuerberatungsgesellschaft GmbH & Co. KG;Backnang;71522;Im Kusterfeld 23/1;BADEN_WUERTTEMBERG;Fachpraktiker/in für Büromanagement (§66 BBiG/§42r HwO);1;1;2026-09-20;2026-09-22;2026;ba-jobsuche;;
EDEKA Südwest Stiftung & Co. KG;Backnang;71522;Gartenstraße 68;BADEN_WUERTTEMBERG;Kaufmann/-frau - Einzelhandel | Verkäufer/in;2;3;2026-09-20;2026-09-23;2026;ba-jobsuche;;
Ernst Lorch KG;Backnang;71522;Industriestr.;BADEN_WUERTTEMBERG;Kaufmann/-frau - Groß- und Außenhandelsmanagement (Großhandel);1;1;2026-09-20;2026-09-23;2026;ba-jobsuche;;
Evangelische Heimstiftung Württemberg GmbH Haus am Aspacher Tor;Backnang;71522;Friedrichstr.;BADEN_WUERTTEMBERG;Altenpflegehelfer/in | Pflegefachmann/-frau (Ausbildung);2;2;2026-09-20;2026-09-23;2026;ba-jobsuche;;
Fa. Rudolph Metall und Sonder GmbH;Backnang;71522;Hummelbühl;BADEN_WUERTTEMBERG;Feinwerkmechaniker/in | Metallbauer/in - Konstruktionstechnik;2;2;2026-09-20;2026-09-23;2026;ba-jobsuche;;
Fielmann AG;Backnang;71522;;BADEN_WUERTTEMBERG;Augenoptiker/in;1;1;2026-09-20;2026-09-23;2026;ba-jobsuche;;
GEERS (Sonova Retail Deutschland GmbH);Backnang;71522;Aspacher Straße 15;BADEN_WUERTTEMBERG;Hörakustiker/in;1;1;2026-09-20;2026-09-23;2026;ba-jobsuche;;
Heilbronn;Backnang;71522;Weissacher Straße;BADEN_WUERTTEMBERG;Friseur/in;1;1;2026-09-20;2026-09-23;2026;ba-jobsuche;;
Karosseriebau Fritz GmbH;Backnang;71522;Hummelbühl;BADEN_WUERTTEMBERG;Fahrzeuglackierer/in | Karosserie- und Fahrzeugbaumechaniker/in - Karosserieinstandhaltungstechnik;2;2;2026-09-20;2026-09-23;2026;ba-jobsuche;;
Kaufland;Backnang;71522;;BADEN_WUERTTEMBERG;Bankkaufmann/-frau | Fachwirt/in - Handel (doppelt qualifizierende Ausbildung) | Verkäufer/in;3;8;2026-09-20;2026-09-23;2026;ba-jobsuche;;
Kaufland Dienstleistung GmbH & Co. KG;Backnang;71522;Industriestraße;BADEN_WUERTTEMBERG;Duales Studium BWL Handel - Filiale (B.A.) 2027 | Verkäufer/in;2;6;2026-09-20;2026-09-23;2026;ba-jobsuche;;
KiK Textilien und Non-Food GmbH;Backnang;71522;Annonaystraße 1;BADEN_WUERTTEMBERG;Fachwirt/in - Handel (doppelt qualifizierende Ausbildung) | Kaufmann/-frau - Einzelhandel | Verkäufer/in;3;6;2026-09-20;2026-09-23;2026;ba-jobsuche;;
Komfortbau Hunger GmbH;Backnang;71522;Manfred-von-Ardenne-Allee;BADEN_WUERTTEMBERG;Ausbaumanager/in (doppelt qualifizierende Ausbildung) | Maler/in und Lackierer/in - Gestaltung und Instandhaltung | Stuckateur/in;3;3;2026-09-20;2026-09-23;2026;ba-jobsuche;;
Kümmerlen + Partner Steuerberatungsgesellschaft;Backnang;71522;Max-Eyth-Str.;BADEN_WUERTTEMBERG;Steuerfachangestellte/r;1;1;2026-09-20;2026-09-23;2026;ba-jobsuche;;
Landmetzgerei Rupp-Holzwarth OHG;Backnang;71522;Schillerstraße;BADEN_WUERTTEMBERG;Fachverkäufer/in - Lebensmittelhandwerk (Fleischerei);1;1;2026-09-20;2026-09-23;2026;ba-jobsuche;;
Landmetzgerei Setzer GmbH;Backnang;71522;Blumenstraße;BADEN_WUERTTEMBERG;Fachverkäufer/in - Lebensmittelhandwerk (Fleischerei);1;1;2026-09-20;2026-09-23;2026;ba-jobsuche;;
Lidl Dienstleistung GmbH & Co. KG;Backnang;71522;Weissacher Str. 81-85;BADEN_WUERTTEMBERG;Fachwirt/in - Handel (doppelt qualifizierende Ausbildung) | Verkäufer/in;2;8;2026-09-20;2026-09-23;2026;ba-jobsuche;;
Lochmann Berufskleidung GmbH;Backnang;71522;Sulzbacher Str.;BADEN_WUERTTEMBERG;Kaufmann/-frau - Groß- und Außenhandelsmanagement (Großhandel);1;1;2026-09-20;2026-09-23;2026;ba-jobsuche;;
McDonald's Deutschland LLC;Backnang;71522;Wanne 7;BADEN_WUERTTEMBERG;Fachmann/-frau - Systemgastronomie;1;1;2026-09-20;2026-09-23;2026;ba-jobsuche;;
McFIT GmbH & Co. KG;Backnang;71522;Sulzbacher Str. 10;BADEN_WUERTTEMBERG;Sport- und Fitnesskaufmann/-frau;1;1;2026-09-20;2026-09-23;2026;ba-jobsuche;;
Mildenberger KG;Backnang;71522;Manfred-von-Ardenne-Allee;BADEN_WUERTTEMBERG;Bäcker/in | Fachverkäufer/in - Lebensmittelhandwerk (Bäckerei) | Konditor/in;3;3;2026-09-20;2026-09-23;2026;ba-jobsuche;;
Müller Holding GmbH & Co. KG;Backnang;71522;Grabenstr. 15;BADEN_WUERTTEMBERG;Kaufmann/-frau - Einzelhandel | Verkäufer/in;2;2;2026-09-20;2026-09-23;2026;ba-jobsuche;;
NORMA Lebensmittelfilialbetrieb Stiftung & Co. KG;Backnang;71522;;BADEN_WUERTTEMBERG;Kaufmann/-frau - Einzelhandel | Verkäufer/in;2;2;2026-09-20;2026-09-23;2026;ba-jobsuche;;
Oberfinanzdirektion Baden-Württemberg Land BW;Backnang;71522;;BADEN_WUERTTEMBERG;Beamter/Beamtin - Steuerverwaltung (mittlerer nichttechnischer Dienst) | DUALES STUDIUM zum 01.10.2027 - Bachelor of Laws (geh. Dienst);2;2;2026-09-20;2026-09-23;2026;ba-jobsuche;;
Parfümerie Schuback GmbH;Backnang;71522;Uhlandstraße 11;BADEN_WUERTTEMBERG;Kaufmann/-frau - Einzelhandel;1;1;2026-09-20;2026-09-23;2026;ba-jobsuche;;
Parkett & Bodenbeläge Emil Schwarz GmbH;Backnang;71522;Bertha-Benz-Str.;BADEN_WUERTTEMBERG;Parkettleger/in;1;1;2026-09-20;2026-09-23;2026;ba-jobsuche;;
Paul Wilhelm von Keppler-Stiftung;Backnang;71522;Burgplatz 8;BADEN_WUERTTEMBERG;Pflegefachmann/-frau (Ausbildung);1;1;2026-09-20;2026-09-23;2026;ba-jobsuche;;
Penny-Markt GmbH Verwaltung;Backnang;71522;;BADEN_WUERTTEMBERG;Kaufmann/-frau - Einzelhandel | Verkäufer/in;2;3;2026-09-20;2026-09-23;2026;ba-jobsuche;;
R+V Allgemeine Versicherung AG;Backnang;71522;;BADEN_WUERTTEMBERG;Duales Studium B.A. BWL– Risk and Insurance Management/Finanzdienstleistungen Versicherung (m/w/d);1;1;2026-09-20;2026-09-23;2026;ba-jobsuche;;
REWE Markt GmbH ZwNL Südwest;Backnang;71522;;BADEN_WUERTTEMBERG;Kaufmann/-frau - Einzelhandel;1;1;2026-09-20;2026-09-23;2026;ba-jobsuche;;
Röther Beteiligungs GmbH;Backnang;71522;;BADEN_WUERTTEMBERG;Verkäufer/in;1;1;2026-09-20;2026-09-23;2026;ba-jobsuche;;
Soehnle Industrial Solutions GmbH;Backnang;71522;Gaildorfer Str.;BADEN_WUERTTEMBERG;Industriekaufmann/-frau;1;1;2026-09-20;2026-09-23;2026;ba-jobsuche;;
Sport Flöss Textil- und Sporthaus GmbH;Backnang;71522;Sulzbacher Str.;BADEN_WUERTTEMBERG;Kaufmann/-frau - Einzelhandel | Verkäufer/in;2;2;2026-09-20;2026-09-23;2026;ba-jobsuche;;
Stadtverwaltung Backnang;Backnang;71522;Am Rathaus;BADEN_WUERTTEMBERG;Ausbildung 2027 - Bachelor of Arts, Soziale Arbeit - frühe Bildung (m/w/d) | Ausbildung 2027 - Bachelor of Arts, Soziale Arbeit (m/w/d) | Ausbildung 2027 - Bachelor of Engineering (m/w/d) | Ausbildung 2027 - Einführungspraktikum für Studiengang Bachelor of Arts, Public Management (m/w/d) | Bachelor of Arts – Soziale Arbeit (m/w/d) in der Studienrichtung Kinder- und Jugendarbeit | Erzieher/in | Sozialpädagogische/r Assistent/in / Kinderpfleger/in | Straßenbauer/in | Verwaltungswirt/in (Ausbildung im Beschäftigungsverhältnis);9;13;2026-09-20;2026-09-23;2026;ba-jobsuche;;
Stiftung Altenheime Alten- und Pflegeheim Staigacker;Backnang;71522;Staigacker;BADEN_WUERTTEMBERG;Pflegefachmann/-frau (Ausbildung);1;1;2026-09-20;2026-09-23;2026;ba-jobsuche;;
Stricker Aufzüge GmbH;Backnang;71522;Kuchengrund;BADEN_WUERTTEMBERG;Mechatroniker/in;1;3;2026-09-20;2026-09-23;2026;ba-jobsuche;;
telent GmbH;Backnang;71522;Gerberstr.;BADEN_WUERTTEMBERG;Duales Studium Elektrotechnik und Informationstechnik B.Eng. Start 01.10.2027 - 30.09.2030  I-00640 | Duales Studium Elektrotechnik und Informationstechnik B.Eng. Start 01.10.2027 - 30.09.2030  I-00641 | Duales Studium Informatik Studienrichtung Cyber Security B.Sc. Start 01.10.2027-30.09.2030 - I-00643 | Duales Studium Informatik Studienrichtung Cyber Security B.Sc. Start 01.10.2027-30.09.2030 - I-00644 | Duales Studium Informatik Studienrichtung Informationstechnik B.Sc. Start 01.10.2027 - 30.09.2030 | Duales Studium Wirtschaftsinformatik Sales and Consulting B.Sc Start 01.10.2027-30.09.2030 - I-00645 | Elektroniker/in - Geräte und Systeme | Fachinformatiker/in - Systemintegration | Industriekaufmann/-frau;9;19;2026-09-20;2026-09-23;2026;ba-jobsuche;;
Tesat-Spacecom GmbH & Co. KG;Backnang;71522;Gerberstr.;BADEN_WUERTTEMBERG;Duales Studium 2026 - Elektrotechnik, Vertiefung Kommunikationstechnik | Duales Studium 2026 - Embedded Systems | Duales Studium 2026 - Informatik | Duales Studium 2026 - Wirtschaftsinformatik, Application Management - | Elektroniker/in - Geräte und Systeme;5;6;2026-09-20;2026-09-23;2026;ba-jobsuche;;
toom Baumarkt GmbH;Backnang;71522;;BADEN_WUERTTEMBERG;Kaufmann/-frau - Einzelhandel;1;2;2026-09-20;2026-09-23;2026;ba-jobsuche;;
Volksbank Backnang eG;Backnang;71522;Schillerstr.;BADEN_WUERTTEMBERG;Bankkaufmann/-frau | Finanzassistent/in (doppelt qualifizierende Ausbildung);2;4;2026-09-20;2026-09-23;2026;ba-jobsuche;;
Wiedmann GmbH Spielwaren;Backnang;71522;Uhlandstr.;BADEN_WUERTTEMBERG;Kaufmann/-frau - Einzelhandel | Verkäufer/in;2;2;2026-09-20;2026-09-23;2026;ba-jobsuche;;
WWS Schutz und Sicherheit GmbH;Backnang;71522;Gaildorfer Str.;BADEN_WUERTTEMBERG;Fachkraft - Schutz und Sicherheit;1;1;2026-09-20;2026-09-23;2026;ba-jobsuche;;
Zahnarztpraxis Alexandru Ungureanu;Backnang;71522;Sulzbacher Str.;BADEN_WUERTTEMBERG;Zahnmedizinische/r Fachangestellte/r;1;1;2026-09-20;2026-09-23;2026;ba-jobsuche;;
Zweirad Center Urban GmbH;Backnang;71522;Weissacher Straße;BADEN_WUERTTEMBERG;Fahrradmonteur/in | Kaufmann/-frau - Einzelhandel | Zweiradmechatroniker/in - Fahrradtechnik;3;3;2026-09-20;2026-09-23;2026;ba-jobsuche;;
Arbeits- und Lebensgemeinschaft Bad Boll e. V.;Bad Boll;73087;Hauptstr.;BADEN_WUERTTEMBERG;Heilerziehungspfleger/in;1;1;2026-09-20;2026-09-23;2026;ba-jobsuche;;
GEERS (Sonova Retail Deutschland GmbH);Bad Boll;73087;Hauptstraße 25;BADEN_WUERTTEMBERG;Hörakustiker/in;1;1;2026-09-20;2026-09-23;2026;ba-jobsuche;;
Neumann Bauunternehmen;Bad Boll;73087;Erlengrund;BADEN_WUERTTEMBERG;Maurer/in;1;1;2026-09-20;2026-09-23;2026;ba-jobsuche;;
Seminaris Betriebsgesellschaft mbH - Hotel Bad Boll;Bad Boll;73087;Michael-Hörauf-Weg;BADEN_WUERTTEMBERG;Hotelfachmann/-frau;1;1;2026-09-20;2026-09-23;2026;ba-jobsuche;;
WALA Heilmittel GmbH;Bad Boll;73087;Dorfstr.;BADEN_WUERTTEMBERG;Betriebswirt/in (doppelt qualifizierende Ausbildung) - allgemeine Betriebswirtschaft | Fachinformatiker/in - Systemintegration | Industriekaufmann/-frau | Produktionsfachkraft Chemie;4;4;2026-09-20;2026-09-23;2026;ba-jobsuche;;
Die Zieglerschen - Süd - gemeinnützige GmbH GB AH Baltmannsweiler;Baltmannsweiler;73666;Kirchstr.;BADEN_WUERTTEMBERG;Hauswirtschafter/in;1;1;2026-09-20;2026-09-23;2026;ba-jobsuche;;
Dr. Navid Yousefi;Baltmannsweiler;73666;Turmstr.;BADEN_WUERTTEMBERG;Zahnmedizinische/r Fachangestellte/r;1;2;2026-09-20;2026-09-23;2026;ba-jobsuche;;
EDEKA Südwest Stiftung & Co. KG;Baltmannsweiler;73666;Schorndorfer Straße 40;BADEN_WUERTTEMBERG;Verkäufer/in;1;1;2026-09-20;2026-09-23;2026;ba-jobsuche;;
Gerhard Daiber;Baltmannsweiler;73666;;BADEN_WUERTTEMBERG;Fachverkäufer/in - Lebensmittelhandwerk (Bäckerei) | Fachverkäufer/in - Lebensmittelhandwerk (Fleischerei);2;2;2026-09-20;2026-09-20;2026;ba-jobsuche;;
Manfred Schlienz Behälterbau - Schlosserei Heizung Sanitär Klima Solar;Baltmannsweiler;73666;Zinkstr.;BADEN_WUERTTEMBERG;Metallbauer/in - Konstruktionstechnik;1;1;2026-09-20;2026-09-23;2026;ba-jobsuche;;
Mario Beck;Baltmannsweiler;73666;Escherländer;BADEN_WUERTTEMBERG;Mechatroniker/in - Kältetechnik;1;1;2026-09-20;2026-09-23;2026;ba-jobsuche;;
ALDI SÜD Dienstleistungs- SE & Co. oHG;Beilstein, Württemberg;71717;;BADEN_WUERTTEMBERG;Verkäufer/in;1;1;2026-09-20;2026-09-23;2026;ba-jobsuche;;
Dr. Mayer und Partner;Beilstein, Württemberg;71717;Kelterstr.;BADEN_WUERTTEMBERG;Zahnmedizinische/r Fachangestellte/r;1;2;2026-09-20;2026-09-23;2026;ba-jobsuche;;
Egon Hägele GmbH Estriche - Fußbodenbau;Beilstein, Württemberg;71717;Heerweg;BADEN_WUERTTEMBERG;Estrichleger/in;1;1;2026-09-20;2026-09-23;2026;ba-jobsuche;;
REWE Markt GmbH ZwNL Südwest;Beilstein, Württemberg;71717;;BADEN_WUERTTEMBERG;Fachverkäufer/in - Lebensmittelhandwerk (Fleischerei) | Kaufmann/-frau - Einzelhandel;2;2;2026-09-20;2026-09-23;2026;ba-jobsuche;;
Thomas Bauer GmbH;Beilstein, Württemberg;71717;Steinbeisstr.;BADEN_WUERTTEMBERG;Dachdecker/in | Klempner/in | Zimmerer/Zimmerin;3;5;2026-09-20;2026-09-23;2026;ba-jobsuche;;
Volksbank Beilstein-Ilsfeld-Abstatt eG;Beilstein, Württemberg;71717;Hauptstr.;BADEN_WUERTTEMBERG;Bankkaufmann/-frau | Duales Studium 2027;2;3;2026-09-20;2026-09-23;2026;ba-jobsuche;;
ZINQ GmbH & Co. KG;Beilstein, Württemberg;71717;Forstbergweg;BADEN_WUERTTEMBERG;Verfahrensmechaniker/in - Beschichtungstechnik;1;1;2026-09-20;2026-09-23;2026;ba-jobsuche;;
Lidl Dienstleistung GmbH & Co. KG;Bempflingen;72658;Austraße;BADEN_WUERTTEMBERG;Fachwirt/in - Handel (doppelt qualifizierende Ausbildung) | Verkäufer/in;2;2;2026-09-20;2026-09-23;2026;ba-jobsuche;;
BAV Dienstsitz Aurich;Benningen am Neckar;71726;;BADEN_WUERTTEMBERG;Binnenschiffer/in | Wasserbauer/in;2;2;2026-09-20;2026-09-23;2026;ba-jobsuche;;
Die Holzmeister GmbH;Benningen am Neckar;71726;Krautlose;BADEN_WUERTTEMBERG;Zimmerer/Zimmerin;1;1;2026-09-20;2026-09-23;2026;ba-jobsuche;;
EDEKA Südwest Stiftung & Co. KG;Benningen am Neckar;71726;Hirschmann-Ring 6;BADEN_WUERTTEMBERG;Kaufmann/-frau - Einzelhandel | Verkäufer/in;2;3;2026-09-20;2026-09-23;2026;ba-jobsuche;;
WORLD OF COLORS Frank Jung;Benningen am Neckar;71726;Schickhardtring;BADEN_WUERTTEMBERG;Maler/in und Lackierer/in - Gestaltung und Instandhaltung;1;1;2026-09-20;2026-09-23;2026;ba-jobsuche;;
EDEKA Südwest Stiftung & Co. KG;Berglen, Württemberg;73663;Naumannstraße 2;BADEN_WUERTTEMBERG;Verkäufer/in;1;1;2026-09-20;2026-09-23;2026;ba-jobsuche;;
I love Mauldasch GmbH;Berglen, Württemberg;73663;Erlenstr.;BADEN_WUERTTEMBERG;Duales Studium 2026 BWL - Food Management (m/w/d) | Duales Studium 2026 BWL - Messe- Kongress- Eventmanagement (m/w/d);2;2;2026-09-20;2026-09-23;2026;ba-jobsuche;;
Netto Marken-Discount Stiftung & Co. KG;Berglen, Württemberg;73663;Georg-Friedrich-Händel Straß;BADEN_WUERTTEMBERG;Kaufmann/-frau - Einzelhandel | Verkäufer/in;2;3;2026-09-20;2026-09-23;2026;ba-jobsuche;;
Wilke CNC-Technik GmbH & Co. KG;Berglen, Württemberg;73663;Daimlerstr.;BADEN_WUERTTEMBERG;Feinwerkmechaniker/in;1;1;2026-09-20;2026-09-23;2026;ba-jobsuche;;
ALDI SÜD Dienstleistungs- SE & Co. oHG;Besigheim;74354;;BADEN_WUERTTEMBERG;Verkäufer/in;1;1;2026-09-20;2026-09-23;2026;ba-jobsuche;;
EDEKA Südwest Stiftung & Co. KG;Besigheim;74354;Riedstr. 4;BADEN_WUERTTEMBERG;Fachverkäufer/in - Lebensmittelhandwerk (Fleischerei) | Fleischer/in | Kaufmann/-frau - Einzelhandel | Verkäufer/in;4;4;2026-09-20;2026-09-23;2026;ba-jobsuche;;
Evang. Heimstiftung GmbH Robert-Breuning-Stift;Besigheim;74354;Bülzenstr.;BADEN_WUERTTEMBERG;Altenpflegehelfer/in | Pflegefachmann/-frau (Ausbildung);2;2;2026-09-20;2026-09-23;2026;ba-jobsuche;;
Hopf Kunststofftechnik GmbH;Besigheim;74354;Carl-Zeiss-Str.;BADEN_WUERTTEMBERG;Industriekaufmann/-frau | Kunststoff- und Kautschuktechnologe/-technologin - Formteile;2;2;2026-09-20;2026-09-23;2026;ba-jobsuche;;
Karl Köhler GmbH Bauunternehmung;Besigheim;74354;Jahnstr.;BADEN_WUERTTEMBERG;Beton- und Stahlbetonbauer/in | Maurer/in;2;4;2026-09-20;2026-09-23;2026;ba-jobsuche;;
Lidl Dienstleistung GmbH & Co. KG;Besigheim;74354;Robert-Bosch-Straße;BADEN_WUERTTEMBERG;Fachwirt/in - Handel (doppelt qualifizierende Ausbildung) | Verkäufer/in;2;2;2026-09-20;2026-09-23;2026;ba-jobsuche;;
NORMA Lebensmittelfilialbetrieb Stiftung & Co. KG;Besigheim;74354;;BADEN_WUERTTEMBERG;Kaufmann/-frau - Einzelhandel | Verkäufer/in;2;4;2026-09-20;2026-09-23;2026;ba-jobsuche;;
Parkett Saussele GmbH;Besigheim;74354;Carl-Benz-Straße 9;BADEN_WUERTTEMBERG;Parkettleger/in;1;1;2026-09-20;2026-09-23;2026;ba-jobsuche;;
Peter Mohn GmbH & Co. KG;Besigheim;74354;Meisenweg;BADEN_WUERTTEMBERG;Baugeräteführer/in;1;1;2026-09-20;2026-09-23;2026;ba-jobsuche;;
ALDI SÜD Dienstleistungs- SE & Co. oHG;Bietigheim-Bissingen;74321;;BADEN_WUERTTEMBERG;Verkäufer/in;1;1;2026-09-20;2026-09-23;2026;ba-jobsuche;;
apetito catering B.V. & Co. KG;Bietigheim-Bissingen;74321;Carl-Benz-Str.;BADEN_WUERTTEMBERG;Fachkraft - Küche | Koch/Köchin;2;2;2026-09-20;2026-09-23;2026;ba-jobsuche;;
Autohaus Klein GmbH;Bietigheim-Bissingen;74321;Gansäcker;BADEN_WUERTTEMBERG;Kraftfahrzeugmechatroniker/in - Personenkraftwagentechnik;1;1;2026-09-20;2026-09-22;2026;ba-jobsuche;;
Bäckerei Stöckle UG(haftungsbeschränkt) & Co.KG;Bietigheim-Bissingen;74321;Werner-Siemens-Str.;BADEN_WUERTTEMBERG;Bäcker/in | Fachverkäufer/in - Lebensmittelhandwerk (Bäckerei);2;3;2026-09-20;2026-09-23;2026;ba-jobsuche;;
Bezner-Fischer-Gastro GmbH & Co.KG Eberhards;Bietigheim-Bissingen;74321;Holzgartenstr.;BADEN_WUERTTEMBERG;Hotelfachmann/-frau;1;1;2026-09-20;2026-09-21;2026;ba-jobsuche;;
BÜTEMA Daten Elektronik GmbH;Bietigheim-Bissingen;74321;Pleidelsheimer Str.;BADEN_WUERTTEMBERG;IT-System-Elektroniker/in;1;1;2026-09-20;2026-09-23;2026;ba-jobsuche;;
Calogero D'Emma L'Arte Frisuren;Bietigheim-Bissingen;74321;Hauptstr.;BADEN_WUERTTEMBERG;Friseur/in;1;1;2026-09-20;2026-09-23;2026;ba-jobsuche;;
Carl Spaeter GmbH;Bietigheim-Bissingen;74321;Höpfigheimer Straße 10;BADEN_WUERTTEMBERG;Fachlagerist/in;1;1;2026-09-20;2026-09-23;2026;ba-jobsuche;;
Deutsche Post DHL;Bietigheim-Bissingen;74321;;BADEN_WUERTTEMBERG;Fachkraft - Kurier-, Express- und Postdienstleistungen;1;1;2026-09-20;2026-09-23;2026;ba-jobsuche;;
dm-drogerie markt GmbH + Co.KG;Bietigheim-Bissingen;74321;Mühlwiesenstraße 27;BADEN_WUERTTEMBERG;Drogist/in;1;2;2026-09-20;2026-09-23;2026;ba-jobsuche;;
Dr. Anja Raff Zahnärztin;Bietigheim-Bissingen;74321;Lise-Meitner-Str.;BADEN_WUERTTEMBERG;Zahnmedizinische/r Fachangestellte/r;1;1;2026-09-20;2026-09-23;2026;ba-jobsuche;;
Dr. Kerstin Schleicher Zahnärztin im Altstadt Carre;Bietigheim-Bissingen;74321;Löchgauer Str.;BADEN_WUERTTEMBERG;Zahnmedizinische/r Fachangestellte/r;1;1;2026-09-20;2026-09-23;2026;ba-jobsuche;;
Dr. Marcus Beck zMVZ M. Beck und K. Beck;Bietigheim-Bissingen;74321;Bahnhofsplatz;BADEN_WUERTTEMBERG;Zahnmedizinische/r Fachangestellte/r;1;1;2026-09-23;2026-09-23;2026;ba-jobsuche;;
Dr. med. dent. Lothar Jung;Bietigheim-Bissingen;74321;Bahnhofsplatz;BADEN_WUERTTEMBERG;Zahnmedizinische/r Fachangestellte/r;1;1;2026-09-20;2026-09-23;2026;ba-jobsuche;;
Dr. med. Francesco Negroni und Dr. med. Thomas Hansen Augenärzte;Bietigheim-Bissingen;74321;Löchgauer Str.;BADEN_WUERTTEMBERG;Medizinische/r Fachangestellte/r;1;1;2026-09-20;2026-09-23;2026;ba-jobsuche;;
Dr.med.Nicola Nienhues;Bietigheim-Bissingen;74321;Berliner Str.;BADEN_WUERTTEMBERG;Medizinische/r Fachangestellte/r;1;1;2026-09-20;2026-09-23;2026;ba-jobsuche;;
DÜRR DENTAL SE;Bietigheim-Bissingen;74321;;BADEN_WUERTTEMBERG;Duales Studium BWL-Digital Business Management (m/w/d) 2027 | Fachinformatiker/in - Systemintegration | Industriekaufmann/-frau | Mechatroniker/in;4;4;2026-09-20;2026-09-23;2026;ba-jobsuche;;
Dürr Systems AG;Bietigheim-Bissingen;74321;Carl-Benz-Str.;BADEN_WUERTTEMBERG;DH-Studium Elektrotechnik und Informationstechnik 2027 | DH-Studium Informatik (2027) | DH-Studium Maschinenbau (2027) | Industriekaufmann/-frau | Industriemechaniker/in | Mechatroniker/in;6;6;2026-09-20;2026-09-23;2026;ba-jobsuche;;
ElringKlinger Kunststofftech. GmbH;Bietigheim-Bissingen;74321;Etzelstr.;BADEN_WUERTTEMBERG;DHBW-Student für BWL (m/w/d) - Studienrichtung BWL Industrie | Ausbildungsbeginn: 01.09.2027 | DHBW-Student für Maschinenbau (m/w/d) | Ausbildungsbeginn: 01.09.2027 | DHBW-Student für Mechatronik (m/w/d) - Studienrichtung allgemein | Ausbildungsbeginn: 01.09.2027 | DHBW-Student Wirtschaftsingenieurwesen (m/w/d) | Ausbildungsbeginn 01.09.2027 | Mechatroniker/in;5;5;2026-09-20;2026-09-23;2026;ba-jobsuche;;
Evang. Heimstiftung GmbH Haus an der Metter;Bietigheim-Bissingen;74321;Pforzheimer Str.;BADEN_WUERTTEMBERG;Altenpflegehelfer/in | Pflegefachmann/-frau (Ausbildung);2;2;2026-09-20;2026-09-23;2026;ba-jobsuche;;
Fielmann AG;Bietigheim-Bissingen;74321;;BADEN_WUERTTEMBERG;Augenoptiker/in;1;1;2026-09-20;2026-09-23;2026;ba-jobsuche;;
Garbe Tele & Bürotechnik;Bietigheim-Bissingen;74321;Großingersheimer Str.;BADEN_WUERTTEMBERG;Informationselektroniker/in;1;2;2026-09-20;2026-09-23;2026;ba-jobsuche;;
HIT Frische GmbH & Co. KG;Bietigheim-Bissingen;74321;Mühlwiesenstraße 27;BADEN_WUERTTEMBERG;Fachverkäufer/in - Lebensmittelhandwerk (Fleischerei) | Fleischer/in;2;2;2026-09-20;2026-09-23;2026;ba-jobsuche;;
HIT Handelsgruppe GmbH & Co. KG;Bietigheim-Bissingen;74321;Mühlwiesenstraße 27;BADEN_WUERTTEMBERG;Verkäufer/in;1;1;2026-09-20;2026-09-23;2026;ba-jobsuche;;
Hofmeister;Bietigheim-Bissingen;74321;;BADEN_WUERTTEMBERG;Fachkraft - Gastronomie | Fachkraft - Lagerlogistik | Fachkraft - Möbel-, Küchen- und Umzugsservice | Kaufmann/-frau - Einzelhandel;4;4;2026-09-20;2026-09-23;2026;ba-jobsuche;;
Hofmeister Bietigheim GmbH & Co. KG;Bietigheim-Bissingen;74321;Kirchheimer Str.;BADEN_WUERTTEMBERG;DHBW Studium BWL – Einkauf (m/w/d), Schwerpunkt Wohnen 2026 | Fachlagerist/in | Fachmann/-frau - Systemgastronomie | Kaufmann/-frau - Einzelhandel | Koch/Köchin | Mediengestalter/in Digital und Print - Digitalmedien | Tischler/in;7;7;2026-09-20;2026-09-23;2026;ba-jobsuche;;
Hossam Marey Elite Zahnzentrum;Bietigheim-Bissingen;74321;Turmstr.;BADEN_WUERTTEMBERG;Zahnmedizinische/r Fachangestellte/r;1;1;2026-09-20;2026-09-23;2026;ba-jobsuche;;
Hotel Otterbach Restaurant GmbH;Bietigheim-Bissingen;74321;Bahnhofstr.;BADEN_WUERTTEMBERG;Hotelfachmann/-frau | Koch/Köchin;2;3;2026-09-20;2026-09-23;2026;ba-jobsuche;;
Kaufland;Bietigheim-Bissingen;74321;;BADEN_WUERTTEMBERG;Bankkaufmann/-frau | Fachwirt/in - Handel (doppelt qualifizierende Ausbildung) | Verkäufer/in;3;4;2026-09-20;2026-09-23;2026;ba-jobsuche;;
Kaufland Dienstleistung GmbH & Co. KG;Bietigheim-Bissingen;74321;Talstraße;BADEN_WUERTTEMBERG;Duales Studium BWL Handel - Filiale (B.A.) 2027 | Verkäufer/in;2;3;2026-09-20;2026-09-23;2026;ba-jobsuche;;
KiK Textilien und Non-Food GmbH;Bietigheim-Bissingen;74321;Stuttgarter Straße 56 - 58;BADEN_WUERTTEMBERG;Fachwirt/in - Handel (doppelt qualifizierende Ausbildung);1;1;2026-09-20;2026-09-23;2026;ba-jobsuche;;
Klein Consulting Inh. Andreas Klein e.Kfm.;Bietigheim-Bissingen;;;BADEN_WUERTTEMBERG;Sport- und Fitnesskaufmann/-frau;1;1;2026-09-20;2026-09-23;2026;ba-jobsuche;;
Kratschmayer Luft-Wärme-Klima GmbH;Bietigheim-Bissingen;74321;;BADEN_WUERTTEMBERG;Mechatroniker/in - Kältetechnik;1;3;2026-09-20;2026-09-23;2026;ba-jobsuche;;
Lidl Dienstleistung GmbH & Co. KG;Bietigheim-Bissingen;74321;Gustav-Rau-Str.;BADEN_WUERTTEMBERG;Fachwirt/in - Handel (doppelt qualifizierende Ausbildung) | Verkäufer/in;2;4;2026-09-20;2026-09-23;2026;ba-jobsuche;;
Lieken Brot- und Backwaren GmbH;Bietigheim-Bissingen;74321;;BADEN_WUERTTEMBERG;Fachkraft - Lebensmitteltechnik | Maschinen- und Anlagenführer/in - Lebensmitteltechnik;2;2;2026-09-20;2026-09-23;2026;ba-jobsuche;;
Mack Metallbau GmbH;Bietigheim-Bissingen;74321;Adolf-Heim-Str.;BADEN_WUERTTEMBERG;Metallbauer/in - Konstruktionstechnik;1;1;2026-09-20;2026-09-23;2026;ba-jobsuche;;
McDonald's Deutschland LLC;Bietigheim-Bissingen;74321;Stuttgarter Str. 65;BADEN_WUERTTEMBERG;Fachmann/-frau - Systemgastronomie;1;1;2026-09-20;2026-09-23;2026;ba-jobsuche;;
NÄHTEC  GmbH;Bietigheim-Bissingen;74321;Carl-Zeiss-Str.;BADEN_WUERTTEMBERG;Industriekaufmann/-frau | Werkzeugmechaniker/in;2;2;2026-09-20;2026-09-23;2026;ba-jobsuche;;
Oberfinanzdirektion Baden-Württemberg Land BW;Bietigheim-Bissingen;74321;;BADEN_WUERTTEMBERG;Beamter/Beamtin - Steuerverwaltung (mittlerer nichttechnischer Dienst) | DUALES STUDIUM zum 01.03.2027 - Bachelor of Laws (geh. Dienst) | DUALES STUDIUM zum 01.10.2027 - Bachelor of Laws (geh. Dienst);3;3;2026-09-20;2026-09-23;2026;ba-jobsuche;;
Optik Weber GmbH;Bietigheim-Bissingen;74321;Stuttgarter Str.;BADEN_WUERTTEMBERG;Hörakustiker/in;1;1;2026-09-20;2026-09-23;2026;ba-jobsuche;;
PARKER HANNIFIN MANUFACTURING GERMANY GMBH & CO. KG;Bietigheim-Bissingen;74321;Arnold-Jäger-Str.;BADEN_WUERTTEMBERG;Fachinformatiker/in - Anwendungsentwicklung | Fachkraft - Lagerlogistik | Industriekaufmann/-frau | Kunststoff- und Kautschuktechnologe/-technologin - Formteile | Werkzeugmechaniker/in;5;5;2026-09-20;2026-09-23;2026;ba-jobsuche;;
REWE Markt GmbH ZwNL Südwest;Bietigheim-Bissingen;74321;;BADEN_WUERTTEMBERG;Fachverkäufer/in - Lebensmittelhandwerk (Fleischerei) | Kaufmann/-frau - Einzelhandel;2;2;2026-09-20;2026-09-23;2026;ba-jobsuche;;
Rieger Behälterbau GmbH;Bietigheim-Bissingen;74321;Rötestr.;BADEN_WUERTTEMBERG;Behälter- und Apparatebauer/in;1;1;2026-09-20;2026-09-22;2026;ba-jobsuche;;
Robert Bosch GmbH;Bietigheim-Bissingen;74321;;BADEN_WUERTTEMBERG;Bachelor of Engineering (B.Eng.) Studiengang: Maschinenbau (w/m/div.) / 2027_634 | Bachelor of Engineering (B.Eng.) Studiengang: Mechatronik (w/m/div.) / 2027_122;2;2;2026-09-20;2026-09-23;2026;ba-jobsuche;;
Scheuer & Partner mbB Steuerberater Rechtsanwälte;Bietigheim-Bissingen;74321;In den Freßäckern;BADEN_WUERTTEMBERG;Steuerfachangestellte/r;1;1;2026-09-20;2026-09-23;2026;ba-jobsuche;;
Seniorenresidenz Ellental gGmbH;Bietigheim-Bissingen;74321;Schwarzwaldstraße;BADEN_WUERTTEMBERG;Pflegefachmann/-frau (Ausbildung);1;1;2026-09-20;2026-09-23;2026;ba-jobsuche;;
Sieb- und Tampondruck Gailing KG;Bietigheim-Bissingen;74321;Marbacher Weg;BADEN_WUERTTEMBERG;Maschinen- und Anlagenführer/in - Metall-, Kunststofftechnik | Medientechnologe/-technologin Siebdruck | Schilder- und Lichtreklamehersteller/in;3;3;2026-09-20;2026-09-23;2026;ba-jobsuche;;
Stadtverwaltung Bietigheim-Bissingen;Bietigheim-Bissingen;74321;Marktplatz;BADEN_WUERTTEMBERG;Erzieher/in;1;3;2026-09-20;2026-09-23;2026;ba-jobsuche;;
Stadtwerke Bietigheim-Bissingen GmbH;Bietigheim-Bissingen;74321;Rötestr.;BADEN_WUERTTEMBERG;Anlagenmechaniker/in | Duales Studium (B. Eng.) - Bauwesen-Projektmanagement (Tiefbau) 2027 | Fachangestellte/r - Bäderbetriebe | Industriekaufmann/-frau | Umwelttechnologe/-technologin - Abwasserbewirtschaftung;5;5;2026-09-20;2026-09-23;2026;ba-jobsuche;;
Wildermuth + Baschnagel PartG mbB;Bietigheim-Bissingen;74321;Turmstr.;BADEN_WUERTTEMBERG;Steuerfachangestellte/r;1;2;2026-09-20;2026-09-23;2026;ba-jobsuche;;
höchst küchenmanufaktur Inh. Dominik Höchst e.K.;Birenbach, Kreis Göppingen;73102;Turnhallenweg;BADEN_WUERTTEMBERG;Tischler/in;1;1;2026-09-20;2026-09-23;2026;ba-jobsuche;;
mobitec Kottmann und Berger GmbH;Birenbach, Kreis Göppingen;73102;Lorcher Str.;BADEN_WUERTTEMBERG;Industriemechaniker/in;1;2;2026-09-20;2026-09-23;2026;ba-jobsuche;;
Netto Marken-Discount Stiftung & Co. KG;Birenbach, Kreis Göppingen;73102;Lorcher Str. 26;BADEN_WUERTTEMBERG;Kaufmann/-frau - Einzelhandel | Verkäufer/in;2;3;2026-09-20;2026-09-23;2026;ba-jobsuche;;
A.T.U Auto-Teile-Unger GmbH & Co. KG;Böblingen;71034;Hanns-Klemm-Straße 13;BADEN_WUERTTEMBERG;Kraftfahrzeugmechatroniker/in - Personenkraftwagentechnik;1;2;2026-09-20;2026-09-23;2026;ba-jobsuche;;
ALDI SÜD Dienstleistungs- SE & Co. oHG;Böblingen;71032;;BADEN_WUERTTEMBERG;Verkäufer/in;1;3;2026-09-20;2026-09-23;2026;ba-jobsuche;;
Atlas-Apotheke, Strittmatter OHG;Böblingen;71034;Hauptstr.;BADEN_WUERTTEMBERG;Pharmazeutisch-technische/r Assistent/in;1;1;2026-09-20;2026-09-23;2026;ba-jobsuche;;
BAG Gruber, Talhammer, Hagen, Harle, Kraibooj GbR;Böblingen;71034;Konrad-Zuse-Str.;BADEN_WUERTTEMBERG;Medizinische/r Fachangestellte/r;1;1;2026-09-20;2026-09-23;2026;ba-jobsuche;;
BG-Vertriebs-GmbH & Co. KG;Böblingen;71034;Otto-Lilienthal-Str.;BADEN_WUERTTEMBERG;Fachkraft - Gastronomie | Fachkraft - Lagerlogistik | Fachlagerist/in | Fachmann/-frau - Systemgastronomie | Fachwirt/in - Handel (doppelt qualifizierende Ausbildung) | Kaufmann/-frau - Büromanagement | Kaufmann/-frau - Einzelhandel | Verkäufer/in;8;11;2026-09-20;2026-09-23;2026;ba-jobsuche;;
Bodystreet GmbH;Böblingen;71032;;BADEN_WUERTTEMBERG;Sport- und Fitnesskaufmann/-frau;1;1;2026-09-20;2026-09-23;2026;ba-jobsuche;;
Bundespolizeidirektion Stuttgart;Böblingen;71034;Wolfgang-Brumme-Allee;BADEN_WUERTTEMBERG;Verwaltungsfachangestellte/r - Bundesverwaltung;1;1;2026-09-20;2026-09-23;2026;ba-jobsuche;;
BVS Blechtechnik GmbH;Böblingen;71034;Hanns-Klemm-Str.;BADEN_WUERTTEMBERG;Konstruktionsmechaniker/in;1;2;2026-09-20;2026-09-23;2026;ba-jobsuche;;
Casa Automobile GmbH Autohaus;Böblingen;71034;Hanns-Klemm-Str.;BADEN_WUERTTEMBERG;Kraftfahrzeugmechatroniker/in - Personenkraftwagentechnik;1;1;2026-09-20;2026-09-23;2026;ba-jobsuche;;
Catering, Partyservice und Metzgerei Andreas Hermann;Böblingen;71032;Am Käppele;BADEN_WUERTTEMBERG;Fleischer/in;1;1;2026-09-20;2026-09-23;2026;ba-jobsuche;;
Claranet Addon GmbH;Böblingen;71034;Wolfgang-Brumme-Allee;BADEN_WUERTTEMBERG;Fachinformatiker/in - Systemintegration;1;2;2026-09-20;2026-09-23;2026;ba-jobsuche;;
DAK-Gesundheit;Böblingen;71032;;BADEN_WUERTTEMBERG;Sozialversicherungsfachangestellte/r - allgemeine Krankenversicherung;1;1;2026-09-20;2026-09-23;2026;ba-jobsuche;;
Debeka Kranken- und Lebensversicherungsverein a.G.;Böblingen;71032;;BADEN_WUERTTEMBERG;Kaufmann/-frau - Versicherungen und Finanzanlagen;1;1;2026-09-20;2026-09-23;2026;ba-jobsuche;;
Dehner Gartencenter GmbH & Co. KG;Böblingen;71034;;BADEN_WUERTTEMBERG;Kaufmann/-frau - Einzelhandel;1;1;2026-09-20;2026-09-23;2026;ba-jobsuche;;
Deichmann SE;Böblingen;71034;;BADEN_WUERTTEMBERG;Duales Studium BWL (B.A.) Schwerpunkt Handelsmanagement - Studierende (m/w/d,) Großraum Böblingen;1;1;2026-09-20;2026-09-23;2026;ba-jobsuche;;
denns Biomarkt GmbH;Böblingen;71032;Röhrer Weg 15+18;BADEN_WUERTTEMBERG;Kaufmann/-frau - Einzelhandel | Verkäufer/in;2;2;2026-09-20;2026-09-23;2026;ba-jobsuche;;
Deutsche Bank AG;Böblingen;71032;;BADEN_WUERTTEMBERG;Bankkaufmann/-frau;1;1;2026-09-20;2026-09-23;2026;ba-jobsuche;;
Deutsche Post DHL;Böblingen;71034;;BADEN_WUERTTEMBERG;Fachkraft - Kurier-, Express- und Postdienstleistungen;1;1;2026-09-20;2026-09-23;2026;ba-jobsuche;;
dm-drogerie markt GmbH + Co.KG;Böblingen;71032;Olgastraße 10;BADEN_WUERTTEMBERG;Drogist/in;1;1;2026-09-20;2026-09-23;2026;ba-jobsuche;;
Dr. Georg H. Schmickl;Böblingen;71032;Postplatz;BADEN_WUERTTEMBERG;Zahnmedizinische/r Fachangestellte/r;1;1;2026-09-20;2026-09-23;2026;ba-jobsuche;;
Dr. Norbert Gruber Internist;Böblingen;71034;Konrad-Zuse-Str.;BADEN_WUERTTEMBERG;Medizinische/r Fachangestellte/r;1;2;2026-09-20;2026-09-23;2026;ba-jobsuche;;
Dres. Beck/Peters/Reinert/Schmermund GbR;Böblingen;71034;Wolfgang-Brumme-Allee;BADEN_WUERTTEMBERG;Zahnmedizinische/r Fachangestellte/r;1;1;2026-09-20;2026-09-23;2026;ba-jobsuche;;
DRK Altenpflegeheim gGmbH;Böblingen;71034;;BADEN_WUERTTEMBERG;Altenpflegehelfer/in;1;1;2026-09-20;2026-09-23;2026;ba-jobsuche;;
EDAG Engineering GmbH;Böblingen;71034;;BADEN_WUERTTEMBERG;Technische/r Produktdesigner/in - Produktgestaltung und -konstruktion;1;1;2026-09-20;2026-09-23;2026;ba-jobsuche;;
EDEKA Südwest Stiftung & Co. KG;Böblingen;71034;Wolfgang-Brumme-Allee 27;BADEN_WUERTTEMBERG;Fachverkäufer/in - Lebensmittelhandwerk (Bäckerei) | Fachverkäufer/in - Lebensmittelhandwerk (Fleischerei) | Fachwirt/in - Handel (doppelt qualifizierende Ausbildung) | Kaufmann/-frau - Einzelhandel | Verkäufer/in;5;16;2026-09-20;2026-09-23;2026;ba-jobsuche;;
elaya hotel stuttgart böblingen GS Star GmbH;Böblingen;71034;Otto-Lilienthal-Str.;BADEN_WUERTTEMBERG;Hotelfachmann/-frau | Koch/Köchin;2;2;2026-09-20;2026-09-23;2026;ba-jobsuche;;
Elektro Burkhard GmbH;Böblingen;71032;Klaffensteinstr.;BADEN_WUERTTEMBERG;Elektroniker/in - Energie- und Gebäudetechnik;1;1;2026-09-20;2026-09-23;2026;ba-jobsuche;;
Evangelische Heimstiftung GmbH Haus am Maienplatz Alten- und Pflegeheim;Böblingen;71032;Waldburgstr.;BADEN_WUERTTEMBERG;Pflegefachmann/-frau (Ausbildung);1;3;2026-09-20;2026-09-23;2026;ba-jobsuche;;
Fielmann AG;Böblingen;71034;;BADEN_WUERTTEMBERG;Augenoptiker/in;1;1;2026-09-20;2026-09-23;2026;ba-jobsuche;;
Frank Schnabl Bodystreet Böblingen;Böblingen;71032;Poststr.;BADEN_WUERTTEMBERG;Fitnesswissenschaft und Fitnessökonomie 2026;1;1;2026-09-20;2026-09-23;2026;ba-jobsuche;;
Gemeinnützige Werkstätten und Wohnstätten GmbH;Böblingen;71034;Brunnenstr.;BADEN_WUERTTEMBERG;Heilerziehungspflegeassistent/in | Heilerziehungspfleger/in;2;4;2026-09-20;2026-09-23;2026;ba-jobsuche;;
Gemeinschaftspraxis Dr. C. Fedel Dr. J. Jungmann-Geiß;Böblingen;71032;Olgastr.;BADEN_WUERTTEMBERG;Medizinische/r Fachangestellte/r;1;1;2026-09-20;2026-09-23;2026;ba-jobsuche;;
Gemeinschaftspraxis Wagner und Strubel;Böblingen;71032;Schafgasse;BADEN_WUERTTEMBERG;Zahnmedizinische/r Fachangestellte/r;1;1;2026-09-20;2026-09-23;2026;ba-jobsuche;;
Gohm Sportwagen GmbH;Böblingen;71034;Graf-Zeppelin-Platz;BADEN_WUERTTEMBERG;Automobilkaufmann/-frau;1;1;2026-09-20;2026-09-23;2026;ba-jobsuche;;
GTE Krafttraining GmbH Kieser Training;Böblingen;71032;Herrenberger Str.;BADEN_WUERTTEMBERG;Durchstarten mit einem Dualen Studium bei Kieser Training! | Sport- und Fitnesskaufmann/-frau;2;2;2026-09-20;2026-09-23;2026;ba-jobsuche;;
Haarshop Braun Andrea Braun-Günthner;Böblingen;71034;Berliner Str.;BADEN_WUERTTEMBERG;Friseur/in;1;1;2026-09-20;2026-09-23;2026;ba-jobsuche;;
Heinrich Schmid GmbH & Co. KG;Böblingen;71032;Lauchstraße 36/a;BADEN_WUERTTEMBERG;Maler/in und Lackierer/in - Gestaltung und Instandhaltung;1;1;2026-09-20;2026-09-23;2026;ba-jobsuche;;
Hewlett Packard Enterprise (HPE);Böblingen;71034;Herrenberger Str. 140;BADEN_WUERTTEMBERG;Duales Studium BWL - Digital Business Management (m/w/d) | Duales Studium Wirtschaftsinformatik (m/w/d);2;2;2026-09-22;2026-09-22;2026;ba-jobsuche;;
Horst Jach GmbH;Böblingen;71034;Albert-Schweitzer-Str.;BADEN_WUERTTEMBERG;Fliesen-, Platten- und Mosaikleger/in;1;1;2026-09-20;2026-09-23;2026;ba-jobsuche;;
Hotel-Restaurant Zum Reussenstein Familie Böckle GmbH;Böblingen;71032;Kalkofenstr.;BADEN_WUERTTEMBERG;Fachmann/-frau - Restaurants und Veranstaltungsgastronomie | Hotelfachmann/-frau | Koch/Köchin;3;3;2026-09-20;2026-09-23;2026;ba-jobsuche;;
IGP eG;Böblingen;71034;Dornierstr.;BADEN_WUERTTEMBERG;Kaufmann/-frau - Büromanagement;1;1;2026-09-20;2026-09-23;2026;ba-jobsuche;;
Kayser GmbH;Böblingen;71034;Wolf-Hirth-Str.;BADEN_WUERTTEMBERG;Maler/in und Lackierer/in - Gestaltung und Instandhaltung;1;1;2026-09-20;2026-09-23;2026;ba-jobsuche;;
Keysight Technologies Deutschl and GmbH;Böblingen;71034;Herrenberger Str.;BADEN_WUERTTEMBERG;Bachelor of Engineering - Elektro- und Informationstechnik (m/w/d) - Duales Studium 2026 | Bachelor of Engineering - Informatik (Informationstechnik) (m/w/d) - Duales Studium 2026 | Bachelor of Science - Embedded Systems Engineering (m/w/d) - Duales Studium 2026;3;3;2026-09-20;2026-09-23;2026;ba-jobsuche;;
Klein & Partner Rechtsanwälte PartG mbB;Böblingen;71032;Stadtgrabenstr.;BADEN_WUERTTEMBERG;Rechtsanwaltsfachangestellte/r;1;1;2026-09-20;2026-09-23;2026;ba-jobsuche;;
Kreissparkasse Böblingen;Böblingen;71034;Wolfgang-Brumme-Allee;BADEN_WUERTTEMBERG;2027 | Bankkaufmann/-frau | Finanzassistent/in (doppelt qualifizierende Ausbildung);3;4;2026-09-20;2026-09-23;2026;ba-jobsuche;;
Kuhn Decker GmbH & Co. KG;Böblingen;71032;Bunsenstraße;BADEN_WUERTTEMBERG;Bautechnische/r Konstrukteur/in - Ingenieurbau;1;1;2026-09-20;2026-09-23;2026;ba-jobsuche;;
Landkreis Böblingen;Böblingen;71034;Parkstraße 16;BADEN_WUERTTEMBERG;Sozialassistent/in | Vermessungstechniker/in - Vermessung | Verwaltungsfachangestellte/r - Kommunalverwaltung | Verwaltungswirt/in (Ausbildung im Beschäftigungsverhältnis);4;4;2026-09-20;2026-09-23;2026;ba-jobsuche;;
Lidl Dienstleistung GmbH & Co. KG;Böblingen;71032;Stuttgarter Str.;BADEN_WUERTTEMBERG;Fachwirt/in - Handel (doppelt qualifizierende Ausbildung) | Verkäufer/in;2;4;2026-09-20;2026-09-23;2026;ba-jobsuche;;
Liebenau Leben im Alter gGmbH;Böblingen;71034;A-v-Droste-Hülshof-Wg;BADEN_WUERTTEMBERG;Pflegefachmann/-frau (Ausbildung);1;1;2026-09-20;2026-09-23;2026;ba-jobsuche;;
Mamer Alija Alma Malerbetrieb;Böblingen;71034;Lindenweg;BADEN_WUERTTEMBERG;Maler/in und Lackierer/in - Gestaltung und Instandhaltung;1;1;2026-09-20;2026-09-23;2026;ba-jobsuche;;
Media-Saturn Deutschland GmbH;Böblingen;71034;;BADEN_WUERTTEMBERG;Kaufmann/-frau - E-Commerce | Kaufmann/-frau - Einzelhandel;2;2;2026-09-20;2026-09-23;2026;ba-jobsuche;;
Mercedes-Benz Group AG;Böblingen;71034;;BADEN_WUERTTEMBERG;Fachlagerist/in;1;1;2026-09-20;2026-09-23;2026;ba-jobsuche;;
MKS Münchner Kindl Schwaben GmbH;Böblingen;71032;Lange Str.;BADEN_WUERTTEMBERG;Gebäudereiniger/in;1;1;2026-09-20;2026-09-23;2026;ba-jobsuche;;
Moog GmbH;Böblingen;71034;Hanns-Klemm-Str. 28;BADEN_WUERTTEMBERG;Elektroniker/in - Geräte und Systeme | Industriekaufmann/-frau | Industriemechaniker/in | Mechatroniker/in;4;13;2026-09-20;2026-09-23;2026;ba-jobsuche;;
Moog Holding GmbH & Co. KG;Böblingen;71032;;BADEN_WUERTTEMBERG;Elektroniker/in - Geräte und Systeme | Industriemechaniker/in | Mechatroniker/in;3;3;2026-09-20;2026-09-23;2026;ba-jobsuche;;
Motorworld Inn Region Stuttgart;Böblingen;71034;;BADEN_WUERTTEMBERG;Hotelfachmann/-frau;1;1;2026-09-20;2026-09-23;2026;ba-jobsuche;;
Müller Holding GmbH & Co. KG;Böblingen;71034;Wolfgang-Brumme-Allee 27;BADEN_WUERTTEMBERG;Fachwirt/in - Handel (doppelt qualifizierende Ausbildung) | Kaufmann/-frau - Einzelhandel;2;2;2026-09-20;2026-09-23;2026;ba-jobsuche;;
Netto Marken-Discount Stiftung & Co. KG;Böblingen;71034;Freiburger Allee 33;BADEN_WUERTTEMBERG;Kaufmann/-frau - Einzelhandel | Verkäufer/in;2;3;2026-09-20;2026-09-23;2026;ba-jobsuche;;
Norma Lebensmittelfilial- betrieb Stiftung & Co. KG;Böblingen;71034;Königsberger Str.;BADEN_WUERTTEMBERG;Verkäufer/in;1;1;2026-09-20;2026-09-23;2026;ba-jobsuche;;
NORMA Lebensmittelfilialbetrieb Stiftung & Co. KG;Böblingen;71034;;BADEN_WUERTTEMBERG;Kaufmann/-frau - Einzelhandel | Verkäufer/in;2;2;2026-09-20;2026-09-23;2026;ba-jobsuche;;
Oberfinanzdirektion Baden-Württemberg Land BW;Böblingen;71034;;BADEN_WUERTTEMBERG;Beamter/Beamtin - Steuerverwaltung (mittlerer nichttechnischer Dienst) | DUALES STUDIUM zum 01.03.2027 - Bachelor of Laws (geh. Dienst) | DUALES STUDIUM zum 01.10.2027 - Bachelor of Laws (geh. Dienst);3;3;2026-09-20;2026-09-23;2026;ba-jobsuche;;
Offina Personalmanagement GmbH;Böblingen;71034;Calwer Str.;BADEN_WUERTTEMBERG;Kaufmann/-frau - Büromanagement | Personaldienstleistungskaufmann/-frau;2;2;2026-09-20;2026-09-23;2026;ba-jobsuche;;
P & S Servicedienstleistungen GmbH;Böblingen;71034;Otto-Lilienthal-Str.;BADEN_WUERTTEMBERG;Servicekraft - Schutz und Sicherheit;1;2;2026-09-20;2026-09-23;2026;ba-jobsuche;;
Parog GmbH;Böblingen;71034;Liesel-Bach-Str.;BADEN_WUERTTEMBERG;Koch/Köchin;1;1;2026-09-20;2026-09-23;2026;ba-jobsuche;;
Penny-Markt GmbH Verwaltung;Böblingen;71032;;BADEN_WUERTTEMBERG;Kaufmann/-frau - Einzelhandel | Verkäufer/in;2;7;2026-09-20;2026-09-23;2026;ba-jobsuche;;
Pfaff Fischer Wolf PartGmbB;Böblingen;71034;Konrad-Zuse-Str.;BADEN_WUERTTEMBERG;;0;0;2026-09-20;2026-09-23;2026;ba-jobsuche;;
Pfinder KG;Böblingen;71032;Rudolf-Diesel-Straße 14;BADEN_WUERTTEMBERG;Chemielaborant/in | Industriekaufmann/-frau | Produktionsfachkraft Chemie;3;3;2026-09-20;2026-09-23;2026;ba-jobsuche;;
Pink Power Sport & Freizeit GmbH Squash-Center;Böblingen;71032;Röhrer Weg;BADEN_WUERTTEMBERG;Sport- und Fitnesskaufmann/-frau;1;1;2026-09-20;2026-09-23;2026;ba-jobsuche;;
Place, Benjamin;Böblingen;71032;Herrschaftsgartenstr.;BADEN_WUERTTEMBERG;Anlagenmechaniker/in - Sanitär-, Heizungs- und Klimatechnik;1;1;2026-09-20;2026-09-23;2026;ba-jobsuche;;
POCO Einrichtungsmärkte GmbH;Böblingen;71034;;BADEN_WUERTTEMBERG;Verkäufer/in;1;1;2026-09-20;2026-09-23;2026;ba-jobsuche;;
ProServ Produktionsservice & Personaldienste GmbH;Böblingen;71034;Schickardstr.;BADEN_WUERTTEMBERG;Personaldienstleistungskaufmann/-frau;1;1;2026-09-20;2026-09-23;2026;ba-jobsuche;;
R+V Allgemeine Versicherung AG;Böblingen;71034;;BADEN_WUERTTEMBERG;Duales Studium Bachelor of Arts BWL - Versicherung Agenturvertrieb (m/w/d);1;1;2026-09-20;2026-09-23;2026;ba-jobsuche;;
Ralf Sklarski Bauunternehmen GmbH & Co. KG;Böblingen;71034;Hanns-Klemm-Str.;BADEN_WUERTTEMBERG;Maurer/in;1;1;2026-09-20;2026-09-23;2026;ba-jobsuche;;
REWE Markt GmbH ZwNL Südwest;Böblingen;71034;;BADEN_WUERTTEMBERG;Duales Studium Bachelor of Arts, Studienrichtung Handel - 2027 | Kaufmann/-frau - Einzelhandel | Verkäufer/in;3;4;2026-09-20;2026-09-23;2026;ba-jobsuche;;
Roland Benz Böblingen;Böblingen;71032;Marktplatz;BADEN_WUERTTEMBERG;Friseur/in;1;1;2026-09-20;2026-09-23;2026;ba-jobsuche;;
Saleem Khan Box im Mercaden Box im Marktkauf;Böblingen;71034;Wolfgang-Brumme-Allee;BADEN_WUERTTEMBERG;Kaufmann/-frau - Einzelhandel | Verkäufer/in;2;2;2026-09-20;2026-09-23;2026;ba-jobsuche;;
Schaible GmbH;Böblingen;71032;Friedrich-List-Straße;BADEN_WUERTTEMBERG;Kaufmann/-frau - Büromanagement;1;1;2026-09-20;2026-09-23;2026;ba-jobsuche;;
Schill+Seilacher GmbH;Böblingen;71032;Schönaicher Str.;BADEN_WUERTTEMBERG;Chemielaborant/in | Chemikant/in;2;2;2026-09-20;2026-09-23;2026;ba-jobsuche;;
Schmid + Drüppel GmbH;Böblingen;71034;Wolf-Hirth-Str.;BADEN_WUERTTEMBERG;Metallbauer/in - Konstruktionstechnik;1;1;2026-09-20;2026-09-23;2026;ba-jobsuche;;
Schmitt Inter.Möbelspedition GmbH;Böblingen;71034;Otto-Lilienthal-Str.;BADEN_WUERTTEMBERG;Berufskraftfahrer/in | Fachkraft - Möbel-, Küchen- und Umzugsservice | Kaufmann/-frau - Spedition und Logistikdienstleistung;3;3;2026-09-20;2026-09-23;2026;ba-jobsuche;;
Sparda-Bank Baden-Württemberg eG;Böblingen;71034;;BADEN_WUERTTEMBERG;Bankkaufmann/-frau | Finanzassistent/in (doppelt qualifizierende Ausbildung);2;2;2026-09-20;2026-09-23;2026;ba-jobsuche;;
SPIRIT/21 GmbH;Böblingen;71034;;BADEN_WUERTTEMBERG;Fachinformatiker/in - Systemintegration | Kaufmann/-frau - IT-System-Management;2;2;2026-09-20;2026-09-23;2026;ba-jobsuche;;
Stadtverwaltung Böblingen;Böblingen;71032;Marktplatz;BADEN_WUERTTEMBERG;Verwaltungsfachangestellte/r - Kommunalverwaltung;1;1;2026-09-23;2026-09-23;2026;ba-jobsuche;;
The Quality Group Systemberatung GmbH;Böblingen;71034;Konrad-Zuse-Platz;BADEN_WUERTTEMBERG;Fachinformatiker/in - Anwendungsentwicklung | Fachinformatiker/in - Systemintegration | Kaufmann/-frau - IT-System-Management;3;3;2026-09-20;2026-09-23;2026;ba-jobsuche;;
toom Baumarkt GmbH;Böblingen;71034;;BADEN_WUERTTEMBERG;Kaufmann/-frau - Einzelhandel;1;1;2026-09-23;2026-09-23;2026;ba-jobsuche;;
V8 Hotel GmbH & Co.KG;Böblingen;71034;Charles-Lindbergh-Platz;BADEN_WUERTTEMBERG;Hotelfachmann/-frau;1;1;2026-09-20;2026-09-23;2026;ba-jobsuche;;
Vereinigte Volksbanken eG;Böblingen;71032;Friedrich-List-Platz;BADEN_WUERTTEMBERG;Bachelor of Arts (B.A.) - Bank (m/w/d) | Ausbildungsbeginn August 2027 | Bachelor of Arts (B.A.) - Dienstleistungsmanagem. Consulting & Sales (m/w/d) Ausbildungsbeginn 2027 | Bachelor of Arts (B.A.) - Finanzdienstleistungen (m/w/d) | Ausbildungsbeginn August 2027 | Bankkaufmann/-frau;4;5;2026-09-20;2026-09-23;2026;ba-jobsuche;;
Vodafone Fachhandelsverbund - Smart Telecom OHG;Böblingen;71034;Otto-Lilienthal-Str.;BADEN_WUERTTEMBERG;Kaufmann/-frau - Einzelhandel;1;3;2026-09-20;2026-09-23;2026;ba-jobsuche;;
Wellfit GmbH Böblingen;Böblingen;71034;Schickardstr.;BADEN_WUERTTEMBERG;Das Gym-24 sucht motivierte & sportaffine Studenten (m/w/d)! | Sport- und Fitnesskaufmann/-frau;2;2;2026-09-22;2026-09-22;2026;ba-jobsuche;;
Women Sports Böblingen GmbH;Böblingen;71032;Rosensteinstr.;BADEN_WUERTTEMBERG;Sport- und Fitnesskaufmann/-frau;1;1;2026-09-20;2026-09-23;2026;ba-jobsuche;;
Zahnärzte Gemeinschaftspraxis Dres Iris van Husen, Steffen Thau;Böblingen;71034;Konrad-Zuse-Str.;BADEN_WUERTTEMBERG;Zahnmedizinische/r Fachangestellte/r;1;1;2026-09-20;2026-09-23;2026;ba-jobsuche;;
ZAHNARZTPRAXIS TOMBAKLAR Dr. Nuri Tombaklar;Böblingen;71032;Brunnenstr.;BADEN_WUERTTEMBERG;Zahnmedizinische/r Fachangestellte/r;1;1;2026-09-20;2026-09-23;2026;ba-jobsuche;;
Zeppelin Baumaschinen GmbH;Böblingen;71034;;BADEN_WUERTTEMBERG;Kaufmann/-frau - Groß- und Außenhandelsmanagement (Großhandel) | Land- und Baumaschinenmechatroniker/in;2;2;2026-09-20;2026-09-23;2026;ba-jobsuche;;
Armbruster GmbH;Bönnigheim;74357;Karlstr.;BADEN_WUERTTEMBERG;Kaufmann/-frau - Einzelhandel | Zweiradmechatroniker/in - Fahrradtechnik;2;4;2026-09-20;2026-09-23;2026;ba-jobsuche;;
Biedermann Kamine + Bau GmbH;Bönnigheim;74357;Meimsheimer Str.;BADEN_WUERTTEMBERG;Maurer/in;1;1;2026-09-20;2026-09-23;2026;ba-jobsuche;;
EDEKA Südwest Stiftung & Co. KG;Bönnigheim;74357;Meimsheimerstr. 42;BADEN_WUERTTEMBERG;Verkäufer/in;1;1;2026-09-20;2026-09-23;2026;ba-jobsuche;;
Industriebau Bönnigheim GmbH & Co. KG;Bönnigheim;74357;Industriestr.;BADEN_WUERTTEMBERG;Konstruktionsmechaniker/in;1;2;2026-09-20;2026-09-23;2026;ba-jobsuche;;
KiK Textilien und Non-Food GmbH;Bönnigheim;74357;Seestraße 4;BADEN_WUERTTEMBERG;Fachwirt/in - Handel (doppelt qualifizierende Ausbildung) | Kaufmann/-frau - Einzelhandel | Verkäufer/in;3;3;2026-09-20;2026-09-23;2026;ba-jobsuche;;
Lidl Dienstleistung GmbH & Co. KG;Bönnigheim;74357;Erligheimer Straße;BADEN_WUERTTEMBERG;Fachwirt/in - Handel (doppelt qualifizierende Ausbildung) | Verkäufer/in;2;2;2026-09-20;2026-09-23;2026;ba-jobsuche;;
So geht's Systemlösungen GmbH;Bönnigheim;74357;Margarete-Steiff-Str.;BADEN_WUERTTEMBERG;Anlagenmechaniker/in - Sanitär-, Heizungs- und Klimatechnik;1;1;2026-09-20;2026-09-23;2026;ba-jobsuche;;
Metzgerei Mühleisen;Börtlingen, Kreis Göppingen;73104;Rechberghäuser Str.;BADEN_WUERTTEMBERG;Fachverkäufer/in - Lebensmittelhandwerk (Fleischerei) | Fleischer/in;2;2;2026-09-20;2026-09-23;2026;ba-jobsuche;;
HAUS ELIM Erbstetten Sozialw. v .VIA Movement e.V.;Burgstetten;71576;Remsstr.;BADEN_WUERTTEMBERG;Pflegefachmann/-frau (Ausbildung);1;2;2026-09-20;2026-09-23;2026;ba-jobsuche;;
Horn Werbetechnik e.K.;Burgstetten;71576;Europastr.;BADEN_WUERTTEMBERG;Schilder- und Lichtreklamehersteller/in;1;1;2026-09-20;2026-09-23;2026;ba-jobsuche;;
Landmetzgerei Setzer GmbH;Burgstetten;71576;Neue Straße;BADEN_WUERTTEMBERG;Fachverkäufer/in - Lebensmittelhandwerk (Fleischerei);1;1;2026-09-20;2026-09-23;2026;ba-jobsuche;;
Rollladen Porsche GmbH;Burgstetten;71576;Neue Str.;BADEN_WUERTTEMBERG;Glaser/in - Fenster- und Glasfassadenbau | Rollladen- und Sonnenschutzmechatroniker/in;2;2;2026-09-20;2026-09-23;2026;ba-jobsuche;;
Erlebnispark Tripsdrill GmbH & Co. KG;Cleebronn;74389;Treffentrill;BADEN_WUERTTEMBERG;Fachkraft - Gastronomie | Fachkraft - Küche | Hotelfachmann/-frau | Verkäufer/in;4;4;2026-09-20;2026-09-23;2026;ba-jobsuche;;
Jugend- und Bildungshaus Michaelsberg;Cleebronn;74389;Michaelsberg;BADEN_WUERTTEMBERG;Hauswirtschafter/in;1;1;2026-09-20;2026-09-23;2026;ba-jobsuche;;
awicontax GmbH & Co.KG Steuerberatungsgesellschaft;Deizisau;73779;Sirnauer Str.;BADEN_WUERTTEMBERG;Steuerfachangestellte/r;1;1;2026-09-20;2026-09-23;2026;ba-jobsuche;;
Biobäckerei Achim Stumpp;Deizisau;73779;Olgastr.;BADEN_WUERTTEMBERG;Bäcker/in;1;1;2026-09-23;2026-09-23;2026;ba-jobsuche;;
Brillux GmbH & Co.KG;Deizisau;73779;Zehntstraße 38;BADEN_WUERTTEMBERG;Kaufmann/-frau - Groß- und Außenhandelsmanagement (Großhandel);1;1;2026-09-20;2026-09-23;2026;ba-jobsuche;;
CCEP Deutschland GmbH;Deizisau;73779;;BADEN_WUERTTEMBERG;Dualer Student B.A. mit Schwerpunkt Handel (all genders), Deizisau 2027, Vollzeit/Teilzeit | Fachkraft - Lebensmitteltechnik | Industriekaufmann/-frau;3;3;2026-09-20;2026-09-23;2026;ba-jobsuche;;
Coca-Cola Europacific Partners Deutschland GmbH;Deizisau;73779;;BADEN_WUERTTEMBERG;Duales Studium B.A. BWL mit Schwerpunkt Handel (all genders) | Fachkraft - Lebensmitteltechnik | Industriekaufmann/-frau;3;3;2026-09-20;2026-09-23;2026;ba-jobsuche;;
dm-drogerie markt GmbH + Co.KG;Deizisau;73779;Plochinger Straße 40-42;BADEN_WUERTTEMBERG;Drogist/in;1;1;2026-09-20;2026-09-23;2026;ba-jobsuche;;
EHEIM GmbH & Co. KG;Deizisau;73779;Plochinger Str.;BADEN_WUERTTEMBERG;Industriekaufmann/-frau | Verfahrensmechaniker/in - Kunststoff- und Kautschuktechnik - Mehrschichtkautschukteile;2;2;2026-09-20;2026-09-23;2026;ba-jobsuche;;
Friedr. Dick GmbH & Co. KG;Deizisau;73779;Esslinger Str.;BADEN_WUERTTEMBERG;Industriekaufmann/-frau;1;2;2026-09-20;2026-09-23;2026;ba-jobsuche;;
Hans Schmidetter;Deizisau;73779;Zehntstr.;BADEN_WUERTTEMBERG;Glaser/in - Fenster- und Glasfassadenbau;1;1;2026-09-20;2026-09-23;2026;ba-jobsuche;;
Max Draenert GmbH & Co. KG;Deizisau;73779;Gutenbergstr.;BADEN_WUERTTEMBERG;Feinwerkmechaniker/in;1;1;2026-09-20;2026-09-23;2026;ba-jobsuche;;
Penny-Markt GmbH Verwaltung;Deizisau;73779;;BADEN_WUERTTEMBERG;Kaufmann/-frau - Einzelhandel | Verkäufer/in;2;2;2026-09-20;2026-09-23;2026;ba-jobsuche;;
SJ - Design Simone Jebawy;Deizisau;73779;Esslinger Str.;BADEN_WUERTTEMBERG;Kaufmann/-frau - Büromanagement | Kaufmann/-frau - Einzelhandel | Mediengestalter/in Digital und Print - Printmedien | Schilder- und Lichtreklamehersteller/in;4;7;2026-09-20;2026-09-23;2026;ba-jobsuche;;
Autohaus Drechsler       GmbH & Co. KG;Denkendorf, Württemberg;73770;Deizisauer Str.;BADEN_WUERTTEMBERG;Automobilkaufmann/-frau | Fahrzeuglackierer/in | Kraftfahrzeugmechatroniker/in - System- und Hochvolttechnik;3;3;2026-09-20;2026-09-23;2026;ba-jobsuche;;
die-efi.de;Denkendorf, Württemberg;73770;Heerweg;BADEN_WUERTTEMBERG;Fachinformatiker/in - Systemintegration;1;1;2026-09-20;2026-09-23;2026;ba-jobsuche;;
dm-drogerie markt GmbH + Co.KG;Denkendorf, Württemberg;73770;Rechbergstrasse 5;BADEN_WUERTTEMBERG;Drogist/in;1;2;2026-09-20;2026-09-23;2026;ba-jobsuche;;
Dr. Steffen Seitz;Denkendorf, Württemberg;73770;Berkheimer Str.;BADEN_WUERTTEMBERG;Zahnmedizinische/r Fachangestellte/r;1;1;2026-09-20;2026-09-23;2026;ba-jobsuche;;
Dres. Salge-Pössl u. C. Pössl GbR;Denkendorf, Württemberg;73770;Friedrichstr.;BADEN_WUERTTEMBERG;Zahnmedizinische/r Fachangestellte/r;1;2;2026-09-20;2026-09-23;2026;ba-jobsuche;;
Evang. Kleinkinder- pflegeverein e.V.;Denkendorf, Württemberg;73770;Klosterhof;BADEN_WUERTTEMBERG;Erzieher/in;1;1;2026-09-20;2026-09-23;2026;ba-jobsuche;;
Heindel GmbH Stahl- und Metallbau;Denkendorf, Württemberg;73770;Gottlieb-Daimler-Str.;BADEN_WUERTTEMBERG;Metallbauer/in - Konstruktionstechnik;1;1;2026-09-20;2026-09-23;2026;ba-jobsuche;;
Industrieofenbau Bader & Scheffer GmbH;Denkendorf, Württemberg;73770;Justinus-Kerner-Str.;BADEN_WUERTTEMBERG;Technische/r Produktdesigner/in - Maschinen- und Anlagenkonstruktion;1;2;2026-09-20;2026-09-23;2026;ba-jobsuche;;
Lidl Dienstleistung GmbH & Co. KG;Denkendorf, Württemberg;73770;Albstr.;BADEN_WUERTTEMBERG;Fachwirt/in - Handel (doppelt qualifizierende Ausbildung) | Verkäufer/in;2;2;2026-09-20;2026-09-23;2026;ba-jobsuche;;
Metzgerei Thomas Mezger;Denkendorf, Württemberg;73770;Albstr.;BADEN_WUERTTEMBERG;Fachverkäufer/in - Lebensmittelhandwerk (Fleischerei);1;1;2026-09-20;2026-09-23;2026;ba-jobsuche;;
Penny-Markt GmbH Verwaltung;Denkendorf, Württemberg;73770;;BADEN_WUERTTEMBERG;Kaufmann/-frau - Einzelhandel | Verkäufer/in;2;2;2026-09-20;2026-09-23;2026;ba-jobsuche;;
Real Garant Vers. AG Denkendorf;Denkendorf, Württemberg;73770;Marie-Curie-Str.;BADEN_WUERTTEMBERG;Duales Studium BWL - International Business (m/w/d) Start September 2027;1;1;2026-09-20;2026-09-23;2026;ba-jobsuche;;
Wilhelm Keller GmbH  Co.KG Bauunternehmung;Denkendorf, Württemberg;73770;Sudetenstr.;BADEN_WUERTTEMBERG;Beton- und Stahlbetonbauer/in | Maurer/in;2;2;2026-09-20;2026-09-23;2026;ba-jobsuche;;
Wörner Kälte- und Klimatechnik GmbH & Co. KG;Denkendorf, Württemberg;73770;Rechbergstr.;BADEN_WUERTTEMBERG;Kaufmann/-frau - Büromanagement | Mechatroniker/in - Kältetechnik;2;2;2026-09-20;2026-09-23;2026;ba-jobsuche;;
Zepf KG;Denkendorf, Württemberg;73770;Lichtäckerstr.;BADEN_WUERTTEMBERG;Kaufmann/-frau - Groß- und Außenhandelsmanagement (Großhandel);1;1;2026-09-20;2026-09-23;2026;ba-jobsuche;;
Cahn & Kollegen Steuerberatungsgesellschaft mbH & Co KG;Dettenhausen, Württemberg;72135;Störrenstr.;BADEN_WUERTTEMBERG;Kaufmann/-frau - Büromanagement | Steuerfachangestellte/r;2;2;2026-09-20;2026-09-23;2026;ba-jobsuche;;
Schall Martin GmbH;Dettenhausen, Württemberg;72135;Dachsbühl;BADEN_WUERTTEMBERG;Tischler/in;1;1;2026-09-20;2026-09-23;2026;ba-jobsuche;;
ALDI SÜD Dienstleistungs- SE & Co. oHG;Ditzingen;71254;;BADEN_WUERTTEMBERG;Verkäufer/in;1;1;2026-09-20;2026-09-23;2026;ba-jobsuche;;
BayWa AG HR Services;Ditzingen;71254;Raiffeisenweg;BADEN_WUERTTEMBERG;Land- und Baumaschinenmechatroniker/in;1;1;2026-09-20;2026-09-23;2026;ba-jobsuche;;
Bürger GmbH & Co.KG;Ditzingen;71254;Zeißstr.;BADEN_WUERTTEMBERG;Fachkraft - Lebensmitteltechnik;1;1;2026-09-20;2026-09-23;2026;ba-jobsuche;;
Deichmann SE;Ditzingen;71254;;BADEN_WUERTTEMBERG;Kaufmann/-frau - Einzelhandel | Verkäufer/in;2;2;2026-09-20;2026-09-23;2026;ba-jobsuche;;
Deutsche Bahn AG;Ditzingen;71254;;BADEN_WUERTTEMBERG;Mechatroniker/in;1;2;2026-09-20;2026-09-23;2026;ba-jobsuche;;
dm-drogerie markt GmbH + Co.KG;Ditzingen;71254;Heimerdinger Straße 60/1;BADEN_WUERTTEMBERG;Drogist/in;1;1;2026-09-20;2026-09-23;2026;ba-jobsuche;;
Dr. med. dent. Edith Nadj-Papp;Ditzingen;71254;Marktstr.;BADEN_WUERTTEMBERG;Zahnmedizinische/r Fachangestellte/r;1;1;2026-09-20;2026-09-23;2026;ba-jobsuche;;
Ernst Engelmann Galvanik GmbH & Co. KG;Ditzingen;71254;Max-Eyth-Str.;BADEN_WUERTTEMBERG;Oberflächenbeschichter/in;1;1;2026-09-20;2026-09-23;2026;ba-jobsuche;;
esco Metallbausysteme GmbH;Ditzingen;71254;Dieselstr.;BADEN_WUERTTEMBERG;Fachkraft - Lagerlogistik | Kaufmann/-frau - Groß- und Außenhandelsmanagement (Großhandel);2;2;2026-09-20;2026-09-23;2026;ba-jobsuche;;
Fitness für Ditzingen GmbH;Ditzingen;71254;Andreas-von-Renner-Platz;BADEN_WUERTTEMBERG;Duales Studium Bachelor of Arts - Fitnessökonomie | Sport- und Fitnesskaufmann/-frau;2;2;2026-09-20;2026-09-23;2026;ba-jobsuche;;
Gretsch-Unitas GmbH Baubeschläge;Ditzingen;71254;Johann-Maus-Str.;BADEN_WUERTTEMBERG;DHBW Studiengang Maschinenbau - Konstruktion und Entwicklung 2027 | DHBW Studiengang Maschinenbau - Produktionstechnik 2027 | DHBW Studiengang Wirtschaftsinformatik 2027 | Fachkraft - Lagerlogistik | Fachlagerist/in | Technische/r Produktdesigner/in - Maschinen- und Anlagenkonstruktion;6;6;2026-09-20;2026-09-23;2026;ba-jobsuche;;
hagebaucentrum Bolay GmbH & Co.KG;Ditzingen;71254;Dieselstr. 18;BADEN_WUERTTEMBERG;Kaufmann/-frau - Einzelhandel;1;1;2026-09-20;2026-09-23;2026;ba-jobsuche;;
Hitachi Rail GTS Deutschland GmbH;Ditzingen;71254;Thalesplatz;BADEN_WUERTTEMBERG;Duales Studium BWL-Industrie (m/w/d) 2027 | Duales Studium Elektrotechnik und Informationstechnik / Elektronik 2026 | Duales Studium Elektrotechnik und Informationstechnik / Elektronik 2027 | Duales Studium Embedded Systems General Engineering (m/w/d) 2027 | Duales Studium Informatik (m/w/d) 2026 | Duales Studium Informatik (m/w/d) 2027 | Duales Studium Wirtschaftsinformatik - IMBIT(m/w/d) 2027 | Duales Studium Wirtschaftsingenieurwesen - Elektrotechnik (m/w/d) 2026 | Duales Studium Wirtschaftsingenieurwesen - Elektrotechnik (m/w/d) 2027 | Elektroniker/in - Geräte und Systeme | Fachinformatiker/in - Systemintegration;11;11;2026-09-20;2026-09-23;2026;ba-jobsuche;;
IMR Huck GmbH;Ditzingen;71254;Stuttgarter Str.;BADEN_WUERTTEMBERG;Gebäudereiniger/in;1;1;2026-09-20;2026-09-23;2026;ba-jobsuche;;
Intermetric GmbH;Ditzingen;71254;Siemensstr.;BADEN_WUERTTEMBERG;Vermessungstechniker/in - Vermessung;1;1;2026-09-20;2026-09-23;2026;ba-jobsuche;;
Lidl Dienstleistung GmbH & Co. KG;Ditzingen;71254;Stuttgarter Straße;BADEN_WUERTTEMBERG;Fachwirt/in - Handel (doppelt qualifizierende Ausbildung) | Verkäufer/in;2;2;2026-09-20;2026-09-23;2026;ba-jobsuche;;
Müller Holding GmbH & Co. KG;Ditzingen;71254;Stuttgarter Str. 41;BADEN_WUERTTEMBERG;Kaufmann/-frau - Einzelhandel | Verkäufer/in;2;2;2026-09-20;2026-09-23;2026;ba-jobsuche;;
Netto Marken-Discount Stiftung & Co. KG;Ditzingen;71254;Marktstr. 4;BADEN_WUERTTEMBERG;Kaufmann/-frau - Einzelhandel | Verkäufer/in;2;4;2026-09-20;2026-09-23;2026;ba-jobsuche;;
PM event GmbH;Ditzingen;71254;Otto-Hahn-Str.;BADEN_WUERTTEMBERG;Fachkraft - Veranstaltungstechnik | Veranstaltungskaufmann/-frau;2;2;2026-09-20;2026-09-23;2026;ba-jobsuche;;
Rebstock GmbH;Ditzingen;71254;Maybachstraße 6;BADEN_WUERTTEMBERG;Kaufmann/-frau - Einzelhandel | Parkettleger/in | Raumausstatter/in;3;4;2026-09-20;2026-09-23;2026;ba-jobsuche;;
Schopf Schleiftechnik GmbH;Ditzingen;71254;Wernher-von-Braun-Str.;BADEN_WUERTTEMBERG;Feinwerkmechaniker/in | Maschinen- und Anlagenführer/in - Metall-, Kunststofftechnik;2;2;2026-09-20;2026-09-23;2026;ba-jobsuche;;
SIEGLE + EPPLE GmbH & Co. KG;Ditzingen;71254;Max-Planck-Str.;BADEN_WUERTTEMBERG;Anlagenmechaniker/in - Sanitär-, Heizungs- und Klimatechnik | Fachinformatiker/in - Systemintegration | Konstruktionsmechaniker/in;3;3;2026-09-20;2026-09-23;2026;ba-jobsuche;;
Stadt Ditzingen;Ditzingen;71254;Am Laien;BADEN_WUERTTEMBERG;Ausbildung: Bachelor of Arts (B.A.) Soziale Arbeit, Vertiefungsrichtung Frühe Bildung 2027 | Erzieher/in | Verwaltungsfachangestellte/r - Kommunalverwaltung;3;3;2026-09-20;2026-09-23;2026;ba-jobsuche;;
Thomas Pfisterer;Ditzingen;71254;Münchinger Str.;BADEN_WUERTTEMBERG;Fitnesstrainer/in | Sport- und Fitnesskaufmann/-frau;2;4;2026-09-20;2026-09-23;2026;ba-jobsuche;;
TRUMPF SE + Co. KG;Ditzingen;71254;Johann-Maus-Str.;BADEN_WUERTTEMBERG;Bachelor of Arts (B.A.) (w/m/d) - BWL - Digital Business Management - 2027 | Bachelor of Engineering (B. Eng.) (w/m/d) - Elektrotechnik und Informationstechnik - 2027 | Bachelor of Science (B. Sc.) (w/m/d) - Cyber Security - 2027 | Bachelor of Science (B. Sc.) (w/m/d) - Data Science & Künstliche Intelligenz - 2027 | Bachelor of Science (B. Sc.) (w/m/d) - Informatik - 2027 | Bachelor of Science (B. Sc.) (w/m/d) - Wirtschaftsinformatik - 2027 | Fachinformatiker/in - Digitale Vernetzung | Industriekaufmann/-frau | Industriemechaniker/in | Mechatroniker/in;10;10;2026-09-20;2026-09-23;2026;ba-jobsuche;;
EVO Informationssysteme GmbH;Durlangen;73568;Ludwig-Bölkow-Str.;BADEN_WUERTTEMBERG;Fachinformatiker/in - Anwendungsentwicklung | Fachinformatiker/in - Daten- und Prozessanalyse | Fachinformatiker/in - Systemintegration | Kaufmann/-frau - Digitalisierungsmanagement;4;6;2026-09-20;2026-09-23;2026;ba-jobsuche;;
Schurr Industrieelektronik GmbH;Durlangen;73568;Leintalstr.;BADEN_WUERTTEMBERG;Elektroniker/in - Betriebstechnik;1;1;2026-09-20;2026-09-23;2026;ba-jobsuche;;
Achim Hubrig e.K.;Dürnau, Kreis Göppingen;73105;Daimlerstr.;BADEN_WUERTTEMBERG;Gerüstbauer/in;1;1;2026-09-20;2026-09-23;2026;ba-jobsuche;;
Bäckerei Böhringer KG;Dürnau, Kreis Göppingen;73105;Raubeckstr.;BADEN_WUERTTEMBERG;Fachverkäufer/in - Lebensmittelhandwerk (Bäckerei);1;1;2026-09-20;2026-09-23;2026;ba-jobsuche;;
EDEKA Südwest Stiftung & Co. KG;Dürnau, Kreis Göppingen;73105;Von Degenfeld Weg 1;BADEN_WUERTTEMBERG;Kaufmann/-frau - Einzelhandel | Verkäufer/in;2;2;2026-09-20;2026-09-23;2026;ba-jobsuche;;
Gärtnerei Gerhard Höfer;Dürnau, Kreis Göppingen;73105;Reusch;BADEN_WUERTTEMBERG;Florist/in | Gärtner/in - Zierpflanzenbau;2;2;2026-09-20;2026-09-23;2026;ba-jobsuche;;
Klaus Raiser GmbH & Co. KG;Eberdingen;71735;Zeppelinring;BADEN_WUERTTEMBERG;Industriemechaniker/in | Konstruktionsmechaniker/in | Zerspanungsmechaniker/in;3;3;2026-09-20;2026-09-23;2026;ba-jobsuche;;
Lüdemann & Teske GbR;Eberdingen;71735;Gartenstr.;BADEN_WUERTTEMBERG;Gärtner/in - Garten- und Landschaftsbau;1;1;2026-09-20;2026-09-23;2026;ba-jobsuche;;
Netto Marken-Discount Stiftung & Co. KG;Eberdingen;71735;Eberdinger Str. 35;BADEN_WUERTTEMBERG;Kaufmann/-frau - Einzelhandel | Verkäufer/in;2;2;2026-09-20;2026-09-23;2026;ba-jobsuche;;
R. Pinkau Stuckateur GmbH;Eberdingen;71735;Hirschstr.;BADEN_WUERTTEMBERG;Stuckateur/in;1;1;2026-09-20;2026-09-23;2026;ba-jobsuche;;
Schobertechnologies GmbH Lohn;Eberdingen;71735;Industriestr.;BADEN_WUERTTEMBERG;Industriemechaniker/in | Zerspanungsmechaniker/in;2;4;2026-09-20;2026-09-23;2026;ba-jobsuche;;
Zink - Die Maler GmbH;Eberdingen;71735;Max-Eyth-Str.;BADEN_WUERTTEMBERG;Maler/in und Lackierer/in - Gestaltung und Instandhaltung;1;1;2026-09-20;2026-09-23;2026;ba-jobsuche;;
ALDI SÜD Dienstleistungs- SE & Co. oHG;Ebersbach an der Fils;73061;;BADEN_WUERTTEMBERG;Verkäufer/in;1;1;2026-09-20;2026-09-23;2026;ba-jobsuche;;
Bäckerei Emil Rau e.K.;Ebersbach an der Fils;73061;Dorfstr.;BADEN_WUERTTEMBERG;Bäcker/in | Fachverkäufer/in - Lebensmittelhandwerk (Bäckerei) | Konditor/in;3;5;2026-09-20;2026-09-23;2026;ba-jobsuche;;
Buchele GmbH;Ebersbach an der Fils;73061;Industriestr.;BADEN_WUERTTEMBERG;Metallbauer/in - Konstruktionstechnik;1;1;2026-09-20;2026-09-23;2026;ba-jobsuche;;
Carl Elektro-Anlagen GmbH;Ebersbach an der Fils;73061;Hans-Zinser-Str.;BADEN_WUERTTEMBERG;Elektroniker/in - Betriebstechnik | Elektroniker/in - Energie- und Gebäudetechnik;2;2;2026-09-20;2026-09-23;2026;ba-jobsuche;;
CMA-Bau GmbH;Ebersbach an der Fils;73061;Hauptstraße;BADEN_WUERTTEMBERG;Kaufmann/-frau - Büromanagement;1;1;2026-09-20;2026-09-23;2026;ba-jobsuche;;
Dienste für Menschen gGmbH - Pflegestift Ebersbach-Roßwälden;Ebersbach an der Fils;73061;Pfarrer-Veil-Str.;BADEN_WUERTTEMBERG;Altenpflegehelfer/in | Pflegefachmann/-frau (Ausbildung);2;3;2026-09-20;2026-09-23;2026;ba-jobsuche;;
Dienste für Menschen gGmbH Zentrale Dienste;Ebersbach an der Fils;73061;;BADEN_WUERTTEMBERG;Pflegefachmann/-frau (Ausbildung);1;1;2026-09-20;2026-09-23;2026;ba-jobsuche;;
dm-drogerie markt GmbH + Co.KG;Ebersbach an der Fils;73061;Bahnhofstraße 1;BADEN_WUERTTEMBERG;Drogist/in;1;1;2026-09-20;2026-09-23;2026;ba-jobsuche;;
EDEKA Südwest Stiftung & Co. KG;Ebersbach an der Fils;73061;Bahnhofstraße 3;BADEN_WUERTTEMBERG;Fachverkäufer/in - Lebensmittelhandwerk (Fleischerei) | Fachwirt/in - Handel (doppelt qualifizierende Ausbildung) | Kaufmann/-frau - Einzelhandel | Verkäufer/in;4;4;2026-09-20;2026-09-23;2026;ba-jobsuche;;
Föhl Gerüstbau GmbH;Ebersbach an der Fils;73061;Gentenriedweg;BADEN_WUERTTEMBERG;Gerüstbauer/in;1;2;2026-09-20;2026-09-23;2026;ba-jobsuche;;
Frank Erwerle Bez. Schornsteinfegermeister;Ebersbach an der Fils;73061;Morgenäcker;BADEN_WUERTTEMBERG;Schornsteinfeger/in;1;1;2026-09-20;2026-09-23;2026;ba-jobsuche;;
Hahn Automobile GmbH + Co. KG;Ebersbach an der Fils;73061;;BADEN_WUERTTEMBERG;Automobilkaufmann/-frau | Fahrzeuglackierer/in | Kraftfahrzeugmechatroniker/in - Personenkraftwagentechnik;3;3;2026-09-20;2026-09-23;2026;ba-jobsuche;;
Königskinder Immobilien GmbH/Ebersbach;Ebersbach an der Fils;73061;Stuttgarter Str.;BADEN_WUERTTEMBERG;Immobilienkaufmann/-frau;1;1;2026-09-20;2026-09-23;2026;ba-jobsuche;;
Lidl Dienstleistung GmbH & Co. KG;Ebersbach an der Fils;73061;Stuttgarter Straße;BADEN_WUERTTEMBERG;Duales Studium Handel (Bachelor of Arts) 2027 | Duales Studium Logistik (Bachelor of Arts) 2027 | Fachlagerist/in | Fachwirt/in - Handel (doppelt qualifizierende Ausbildung) | Kaufmann/-frau - Büromanagement | Verkäufer/in;6;6;2026-09-20;2026-09-23;2026;ba-jobsuche;;
MayerS Bäckerei-Konditorei GmbH & Co. KG;Ebersbach an der Fils;73061;Dorfstr. 77;BADEN_WUERTTEMBERG;Fachverkäufer/in - Lebensmittelhandwerk (Bäckerei);1;1;2026-09-20;2026-09-23;2026;ba-jobsuche;;
Metzgerei Karl Rapp Inh. Stephan Rapp;Ebersbach an der Fils;73061;Blumenstr.;BADEN_WUERTTEMBERG;Fachverkäufer/in - Lebensmittelhandwerk (Fleischerei);1;1;2026-09-20;2026-09-23;2026;ba-jobsuche;;
Netto Marken-Discount Stiftung & Co. KG;Ebersbach an der Fils;73061;Dorfstr. 77;BADEN_WUERTTEMBERG;Kaufmann/-frau - Einzelhandel | Verkäufer/in;2;3;2026-09-20;2026-09-23;2026;ba-jobsuche;;
Orthopraxis Iris Lasser;Ebersbach an der Fils;73061;Kirchheimer Str.;BADEN_WUERTTEMBERG;Medizinische/r Fachangestellte/r;1;1;2026-09-20;2026-09-23;2026;ba-jobsuche;;
Schmid GmbH;Ebersbach an der Fils;73061;Amselweg;BADEN_WUERTTEMBERG;Kunststoff- und Kautschuktechnologe/-technologin - Formteile | Werkzeugmechaniker/in;2;4;2026-09-20;2026-09-23;2026;ba-jobsuche;;
Schubarth, Stefan Dr.;Ebersbach an der Fils;73061;Bahnhofstr.;BADEN_WUERTTEMBERG;Medizinische/r Fachangestellte/r;1;1;2026-09-20;2026-09-23;2026;ba-jobsuche;;
Zeller GmbH Fahrzeuglackierungen;Ebersbach an der Fils;73061;Kanalstr.;BADEN_WUERTTEMBERG;Fahrzeuglackierer/in;1;1;2026-09-20;2026-09-23;2026;ba-jobsuche;;
EDEKA Südwest Stiftung & Co. KG;Ehningen, Kreis Böblingen;71139;Bahnhofstraße 1;BADEN_WUERTTEMBERG;Verkäufer/in;1;1;2026-09-20;2026-09-23;2026;ba-jobsuche;;
Eric Eckstein;Ehningen, Kreis Böblingen;71139;Königstr.;BADEN_WUERTTEMBERG;Bäcker/in | Fachverkäufer/in - Lebensmittelhandwerk (Bäckerei);2;2;2026-09-20;2026-09-23;2026;ba-jobsuche;;
HASKOM GmbH;Ehningen, Kreis Böblingen;71139;Im Letten;BADEN_WUERTTEMBERG;Kaufmann/-frau - IT-System-Management;1;1;2026-09-20;2026-09-23;2026;ba-jobsuche;;
Holzbau Mutz GmbH Holzbau;Ehningen, Kreis Böblingen;71139;Grubstockweg;BADEN_WUERTTEMBERG;Zimmerer/Zimmerin;1;1;2026-09-20;2026-09-23;2026;ba-jobsuche;;
Keck GmbH;Ehningen, Kreis Böblingen;71139;Aidlinger Str.;BADEN_WUERTTEMBERG;Holzbearbeitungsmechaniker/in;1;1;2026-09-20;2026-09-23;2026;ba-jobsuche;;
Lidl Dienstleistung GmbH & Co. KG;Ehningen, Kreis Böblingen;71139;Bühlallee;BADEN_WUERTTEMBERG;Fachwirt/in - Handel (doppelt qualifizierende Ausbildung) | Verkäufer/in;2;2;2026-09-20;2026-09-23;2026;ba-jobsuche;;
Sehne Backwaren KG;Ehningen, Kreis Böblingen;71139;Böblinger Str.;BADEN_WUERTTEMBERG;Bäcker/in | Kaufmann/-frau - Büromanagement | Konditor/in;3;3;2026-09-20;2026-09-23;2026;ba-jobsuche;;
Steffen Barth Maler- und Stukkateur;Ehningen, Kreis Böblingen;71139;Leimentalstr.;BADEN_WUERTTEMBERG;Maler/in und Lackierer/in - Gestaltung und Instandhaltung;1;1;2026-09-20;2026-09-23;2026;ba-jobsuche;;
Zahnärzte Schörk GbR;Ehningen, Kreis Böblingen;71139;Wilhelmstr.;BADEN_WUERTTEMBERG;Zahnmedizinische/r Fachangestellte/r;1;1;2026-09-20;2026-09-23;2026;ba-jobsuche;;
Baustoffring Göppingen GmbH;Eislingen/Fils;73054;Stuttgarter Str.;BADEN_WUERTTEMBERG;Fachlagerist/in | Kaufmann/-frau - Groß- und Außenhandelsmanagement (Großhandel);2;2;2026-09-20;2026-09-23;2026;ba-jobsuche;;
Blumen Konzelmann - Höfer GmbH & Co. KG;Eislingen/Fils;73054;Bergstr.;BADEN_WUERTTEMBERG;Florist/in | Gärtner/in - Friedhofsgärtnerei | Gärtner/in - Zierpflanzenbau;3;3;2026-09-20;2026-09-23;2026;ba-jobsuche;;
Gerlach Gebäudetechnik GmbH;Eislingen/Fils;73054;Hauptstr.;BADEN_WUERTTEMBERG;Elektroniker/in - Energie- und Gebäudetechnik | Zimmerer/Zimmerin;2;2;2026-09-20;2026-09-23;2026;ba-jobsuche;;
Haas bad & heizung GmbH & Co. KG;Eislingen/Fils;73054;Bismarckstr.;BADEN_WUERTTEMBERG;Anlagenmechaniker/in - Sanitär-, Heizungs- und Klimatechnik;1;1;2026-09-20;2026-09-23;2026;ba-jobsuche;;
Herrlinger KG Fachgroßhandel für Haustechnik;Eislingen/Fils;73054;Daimlerstr.;BADEN_WUERTTEMBERG;Fachkraft - Lagerlogistik | Kaufmann/-frau - Groß- und Außenhandelsmanagement (Großhandel);2;2;2026-09-20;2026-09-23;2026;ba-jobsuche;;
Hinterkopf GmbH;Eislingen/Fils;73054;Gutenbergstr.;BADEN_WUERTTEMBERG;Elektroniker/in - Automatisierungstechnik | Elektroniker/in - Betriebstechnik | Industriemechaniker/in | Mechatroniker/in | Zerspanungsmechaniker/in;5;7;2026-09-20;2026-09-23;2026;ba-jobsuche;;
Kath.Kranken- u. Wohlf.Pf St. Markus e.V. Altenzentrum St.Elisabeth;Eislingen/Fils;73054;Königstr.;BADEN_WUERTTEMBERG;Altenpflegehelfer/in | Koch/Köchin | Pflegefachmann/-frau (Ausbildung);3;3;2026-09-20;2026-09-23;2026;ba-jobsuche;;
Kauderer GmbH & Co. KG Ford Vertragshändler;Eislingen/Fils;73054;Ulmer Str.;BADEN_WUERTTEMBERG;Kraftfahrzeugmechatroniker/in - Personenkraftwagentechnik;1;1;2026-09-20;2026-09-23;2026;ba-jobsuche;;
Lidl Dienstleistung GmbH & Co. KG;Eislingen/Fils;73054;Salacher Str.;BADEN_WUERTTEMBERG;Fachwirt/in - Handel (doppelt qualifizierende Ausbildung) | Verkäufer/in;2;2;2026-09-20;2026-09-23;2026;ba-jobsuche;;
Malik Sünter   Tierarzt;Eislingen/Fils;73054;Ahornstr.;BADEN_WUERTTEMBERG;Tiermedizinische/r Fachangestellte/r;1;1;2026-09-20;2026-09-23;2026;ba-jobsuche;;
MAN Truck&Bus Deutschland GmbH;Eislingen/Fils;73054;Am Eichenbach;BADEN_WUERTTEMBERG;Fachkraft - Lagerlogistik | Kraftfahrzeugmechatroniker/in - Nutzfahrzeugtechnik;2;2;2026-09-20;2026-09-23;2026;ba-jobsuche;;
Metzgerei Weingärtner e.K.;Eislingen/Fils;73054;Holzheimer Str.;BADEN_WUERTTEMBERG;Fleischer/in;1;1;2026-09-20;2026-09-23;2026;ba-jobsuche;;
Norma Lebensmittelfilial- betrieb Stiftung & Co. KG;Eislingen/Fils;73054;Stuttgarter Straße;BADEN_WUERTTEMBERG;Verkäufer/in;1;1;2026-09-20;2026-09-22;2026;ba-jobsuche;;
NORMA Lebensmittelfilialbetrieb Stiftung & Co. KG;Eislingen/Fils;73054;;BADEN_WUERTTEMBERG;Kaufmann/-frau - Einzelhandel | Verkäufer/in;2;2;2026-09-20;2026-09-23;2026;ba-jobsuche;;
OVS Eisele Versicherungsmakler GmbH & Co. KG;Eislingen/Fils;73054;Stuttgarter Str.;BADEN_WUERTTEMBERG;Kaufmann/-frau - Versicherungen und Finanzanlagen;1;2;2026-09-20;2026-09-23;2026;ba-jobsuche;;
Penny-Markt GmbH Verwaltung;Eislingen/Fils;73054;;BADEN_WUERTTEMBERG;Kaufmann/-frau - Einzelhandel | Verkäufer/in;2;2;2026-09-20;2026-09-23;2026;ba-jobsuche;;
Peter Fitze Hörsysteme;Eislingen/Fils;73054;Hauptstr.;BADEN_WUERTTEMBERG;Hörakustiker/in;1;1;2026-09-20;2026-09-23;2026;ba-jobsuche;;
Prinzing Elektrotechnik GmbH;Eislingen/Fils;73054;Am Eichenbach;BADEN_WUERTTEMBERG;Elektroniker/in - Energie- und Gebäudetechnik | Kaufmann/-frau - Büromanagement | Technische/r Systemplaner/in - Elektrotechnische Systeme;3;7;2026-09-20;2026-09-23;2026;ba-jobsuche;;
R+V Allgemeine Versicherung AG;Eislingen/Fils;73054;;BADEN_WUERTTEMBERG;Duales Studium Bachelor of Arts BWL - Versicherung Agenturvertrieb (m/w/d);1;1;2026-09-20;2026-09-23;2026;ba-jobsuche;;
Rolladenbau Strähle GmbH;Eislingen/Fils;73054;Gutenbergstr.;BADEN_WUERTTEMBERG;Rollladen- und Sonnenschutzmechatroniker/in;1;2;2026-09-20;2026-09-23;2026;ba-jobsuche;;
Stahlbau Nägele GmbH;Eislingen/Fils;73054;Gutenbergstr.;BADEN_WUERTTEMBERG;Kaufmann/-frau - Büromanagement | Metallbauer/in - Konstruktionstechnik | Technische/r Systemplaner/in - Stahl- und Metallbautechnik;3;3;2026-09-20;2026-09-23;2026;ba-jobsuche;;
Stefan Oesterling Generalagentur R+V;Eislingen/Fils;73054;Schillerstr.;BADEN_WUERTTEMBERG;Kaufmann/-frau - Versicherungen und Finanzanlagen;1;1;2026-09-20;2026-09-23;2026;ba-jobsuche;;
Stübler Flaschnerei GmbH Flaschnerei und Sanitär;Eislingen/Fils;73054;Salacher Str.;BADEN_WUERTTEMBERG;Klempner/in;1;1;2026-09-20;2026-09-23;2026;ba-jobsuche;;
Weckerle Cosmetics GmbH;Eislingen/Fils;73054;Schillerstr.;BADEN_WUERTTEMBERG;Chemielaborant/in;1;2;2026-09-20;2026-09-23;2026;ba-jobsuche;;
Wiedmann & Winz GmbH;Eislingen/Fils;73054;;BADEN_WUERTTEMBERG;Fachkraft - Lagerlogistik;1;1;2026-09-20;2026-09-23;2026;ba-jobsuche;;
Zahnärztliche Berufsausübungsgesellschaft Dr. Schmid & Dr. Hofmann GbR;Eislingen/Fils;73054;Föhrenweg;BADEN_WUERTTEMBERG;Zahnmedizinische/r Fachangestellte/r;1;1;2026-09-20;2026-09-23;2026;ba-jobsuche;;
neuformtür Hans Glock KG;Erdmannhausen;71729;Gottlieb-Daimler-Str.;BADEN_WUERTTEMBERG;Holzmechaniker/in - Herstellen von Möbeln und Innenausbauteilen;1;1;2026-09-20;2026-09-23;2026;ba-jobsuche;;
Probst GmbH;Erdmannhausen;71729;Gottlieb-Daimler-Str.;BADEN_WUERTTEMBERG;Fachkraft - Metalltechnik - Konstruktionstechnik;1;1;2026-09-20;2026-09-21;2026;ba-jobsuche;;
Netto Marken-Discount Stiftung & Co. KG;Erligheim;74391;Im Remsel 1;BADEN_WUERTTEMBERG;Kaufmann/-frau - Einzelhandel | Verkäufer/in;2;2;2026-09-20;2026-09-23;2026;ba-jobsuche;;
Reisinger Modellbau GmbH;Erligheim;74391;Franz-Lutz-Str.;BADEN_WUERTTEMBERG;Technische/r Modellbauer/in - Gießerei;1;1;2026-09-20;2026-09-23;2026;ba-jobsuche;;
Staiger GmbH & Co. KG;Erligheim;74391;Johannes-Bieg-Str.;BADEN_WUERTTEMBERG;Fachinformatiker/in - Systemintegration | Fachkraft - Lagerlogistik | Industriekaufmann/-frau;3;4;2026-09-20;2026-09-23;2026;ba-jobsuche;;
Eugen Gölz GbR Möbel- und Bauschreinerei;Eschenbach, Württemberg;73107;Bahnhofstr.;BADEN_WUERTTEMBERG;Tischler/in;1;2;2026-09-20;2026-09-23;2026;ba-jobsuche;;
Netto Marken-Discount Stiftung & Co. KG;Eschenbach, Württemberg;73107;In den Bühlgärten 2;BADEN_WUERTTEMBERG;Kaufmann/-frau - Einzelhandel | Verkäufer/in;2;3;2026-09-23;2026-09-23;2026;ba-jobsuche;;
A & B Fruchthandels GmbH;Esslingen am Neckar;73728;;BADEN_WUERTTEMBERG;Kaufmann/-frau - Groß- und Außenhandelsmanagement (Großhandel);1;1;2026-09-20;2026-09-23;2026;ba-jobsuche;;
Activation GmbH;Esslingen am Neckar;73730;Forststr.;BADEN_WUERTTEMBERG;Fachinformatiker/in - Systemintegration;1;1;2026-09-20;2026-09-23;2026;ba-jobsuche;;
ALDI SÜD Dienstleistungs- SE & Co. oHG;Esslingen am Neckar;73733;;BADEN_WUERTTEMBERG;Verkäufer/in;1;3;2026-09-20;2026-09-23;2026;ba-jobsuche;;
Ali Faredin Oglou;Esslingen am Neckar;73728;Martinstr.;BADEN_WUERTTEMBERG;Medizinische/r Fachangestellte/r;1;1;2026-09-20;2026-09-23;2026;ba-jobsuche;;
AOK Neckar-Fils;Esslingen am Neckar;73730;Plochinger Str.;BADEN_WUERTTEMBERG;Sozialversicherungsfachangestellte/r - allgemeine Krankenversicherung;1;3;2026-09-20;2026-09-23;2026;ba-jobsuche;;
Bäckerei Thomas Dieringer;Esslingen am Neckar;73728;Ritterstr.;BADEN_WUERTTEMBERG;Fachverkäufer/in - Lebensmittelhandwerk (Bäckerei);1;1;2026-09-20;2026-09-23;2026;ba-jobsuche;;
Backhaus Zoller KG;Esslingen am Neckar;73730;Sirnauer Brücke;BADEN_WUERTTEMBERG;Bäcker/in | Fachverkäufer/in - Lebensmittelhandwerk (Bäckerei) | Kaufmann/-frau - Einzelhandel | Konditor/in;4;4;2026-09-20;2026-09-23;2026;ba-jobsuche;;
Barth & Kerner GmbH Elektroinstallation und Gebäudetechnik;Esslingen am Neckar;73730;Röntgenstr.;BADEN_WUERTTEMBERG;Elektroniker/in - Energie- und Gebäudetechnik;1;1;2026-09-20;2026-09-23;2026;ba-jobsuche;;
Baugenossenschaft Esslingen eG;Esslingen am Neckar;73728;Richard-Hirschmann-Str;BADEN_WUERTTEMBERG;Betriebswirt/in (doppelt qualifizierende Ausbildung) - allgemeine Betriebswirtschaft;1;1;2026-09-20;2026-09-23;2026;ba-jobsuche;;
Bayer & Kastner GmbH Personaldienstleistungen;Esslingen am Neckar;73728;Fabrikstr.;BADEN_WUERTTEMBERG;Personaldienstleistungskaufmann/-frau;1;1;2026-09-20;2026-09-23;2026;ba-jobsuche;;
Berchtold Medical GmbH & Co.KG;Esslingen am Neckar;73730;Freihofstr.;BADEN_WUERTTEMBERG;Kaufmann/-frau - Büromanagement;1;1;2026-09-20;2026-09-23;2026;ba-jobsuche;;
Carina Barth und Matthias Maier GbR BM Zahntechnik;Esslingen am Neckar;73730;Gänsäckerstr.;BADEN_WUERTTEMBERG;Zahntechniker/in;1;1;2026-09-20;2026-09-23;2026;ba-jobsuche;;
Confident Zahnarztpraxis Dr.Timo Knoche & Kollegen;Esslingen am Neckar;73728;Bahnhofstr.;BADEN_WUERTTEMBERG;Zahnmedizinische/r Fachangestellte/r;1;1;2026-09-20;2026-09-23;2026;ba-jobsuche;;
Debeka Kranken- und Lebensversicherungsverein a.G.;Esslingen am Neckar;73730;Plochinger Str.;BADEN_WUERTTEMBERG;Kaufmann/-frau - Versicherungen und Finanzanlagen;1;3;2026-09-20;2026-09-23;2026;ba-jobsuche;;
Deichmann SE;Esslingen am Neckar;73733;;BADEN_WUERTTEMBERG;Kaufmann/-frau - Einzelhandel | Verkäufer/in;2;2;2026-09-20;2026-09-23;2026;ba-jobsuche;;
Demet Aygül;Esslingen am Neckar;73732;Wäldenbronner Str.;BADEN_WUERTTEMBERG;Kaufmann/-frau - Einzelhandel;1;1;2026-09-20;2026-09-23;2026;ba-jobsuche;;
Deutsche Bahn AG;Esslingen am Neckar;73728;;BADEN_WUERTTEMBERG;Eisenbahner/in - Betriebsdienst - Lokführer/in und Transport;1;1;2026-09-20;2026-09-23;2026;ba-jobsuche;;
Deutsche Bank AG;Esslingen am Neckar;73728;;BADEN_WUERTTEMBERG;Bankkaufmann/-frau;1;1;2026-09-20;2026-09-23;2026;ba-jobsuche;;
Deutsche Post DHL;Esslingen am Neckar;73728;;BADEN_WUERTTEMBERG;Fachkraft - Kurier-, Express- und Postdienstleistungen;1;1;2026-09-20;2026-09-23;2026;ba-jobsuche;;
Diakonie Stetten e.V. LWR / RW Esslingen;Esslingen am Neckar;73728;Richard-Hirschmann-Str.;BADEN_WUERTTEMBERG;Heilerziehungspfleger/in;1;1;2026-09-20;2026-09-23;2026;ba-jobsuche;;
Dibber 2 gGmbH;Esslingen am Neckar;73734;;BADEN_WUERTTEMBERG;Fachkraft - Kindertageseinrichtungen;1;1;2026-09-20;2026-09-23;2026;ba-jobsuche;;
Die Zieglerschen - Süd - gemeinnützige GmbH;Esslingen am Neckar;73733;;BADEN_WUERTTEMBERG;Duales Studium Pflege B.Sc. (m/w/d) | Hauswirtschafter/in;2;2;2026-09-20;2026-09-23;2026;ba-jobsuche;;
dm-drogerie markt GmbH + Co.KG;Esslingen am Neckar;73728;Berliner Straße 2;BADEN_WUERTTEMBERG;Drogist/in | Duales Studium BWL-Handel (B. A.) 2027 in 73728 Esslingen am Neckar;2;3;2026-09-20;2026-09-23;2026;ba-jobsuche;;
Dr. Böhm & Kollegen - Das Hausarztzentrum MVZ GmbH;Esslingen am Neckar;73728;Milchstraße;BADEN_WUERTTEMBERG;Medizinische/r Fachangestellte/r;1;2;2026-09-20;2026-09-23;2026;ba-jobsuche;;
Dr. Carolin Schneider;Esslingen am Neckar;73732;Stettener Str.;BADEN_WUERTTEMBERG;Zahnmedizinische/r Fachangestellte/r;1;1;2026-09-20;2026-09-23;2026;ba-jobsuche;;
Dr. Christa Reipert-Kriessmann;Esslingen am Neckar;73732;Wäldenbronner Str.;BADEN_WUERTTEMBERG;Medizinische/r Fachangestellte/r;1;1;2026-09-20;2026-09-23;2026;ba-jobsuche;;
Dr. Lutz Ortlieb;Esslingen am Neckar;73732;Wäldenbronner Str.;BADEN_WUERTTEMBERG;Zahnmedizinische/r Fachangestellte/r;1;1;2026-09-20;2026-09-23;2026;ba-jobsuche;;
Dr. med. Ulrich E. Borst;Esslingen am Neckar;73728;Martinstr.;BADEN_WUERTTEMBERG;Medizinische/r Fachangestellte/r;1;1;2026-09-20;2026-09-23;2026;ba-jobsuche;;
Dr. Thomas Miersch;Esslingen am Neckar;73728;Mörikestr.;BADEN_WUERTTEMBERG;Zahnmedizinische/r Fachangestellte/r;1;2;2026-09-20;2026-09-23;2026;ba-jobsuche;;
dr.med.dent.A. Krüger/dr.med.dent. D. Huemer GbR;Esslingen am Neckar;73730;Urbanstr.;BADEN_WUERTTEMBERG;Zahnmedizinische/r Fachangestellte/r;1;1;2026-09-20;2026-09-23;2026;ba-jobsuche;;
Dr.medic . Katharina Rösler Augenärztin;Esslingen am Neckar;73730;Plochinger Str.;BADEN_WUERTTEMBERG;Medizinische/r Fachangestellte/r;1;2;2026-09-20;2026-09-23;2026;ba-jobsuche;;
Dr.Simone Dünkler;Esslingen am Neckar;73728;Schelztorstr.;BADEN_WUERTTEMBERG;Zahnmedizinische/r Fachangestellte/r;1;1;2026-09-20;2026-09-23;2026;ba-jobsuche;;
Dragusha Gebäudereinigung GmbH;Esslingen am Neckar;73730;Fritz-Müller-Str.;BADEN_WUERTTEMBERG;Kaufmann/-frau - Büromanagement;1;1;2026-09-20;2026-09-23;2026;ba-jobsuche;;
Dres. Sebastian u. Anita Ahnefeld GbR;Esslingen am Neckar;73728;Mettinger Str.;BADEN_WUERTTEMBERG;Zahnmedizinische/r Fachangestellte/r;1;1;2026-09-20;2026-09-23;2026;ba-jobsuche;;
Dres. Torsten Tomppert und Svenja Tomppert-Wahl;Esslingen am Neckar;73728;Olgastr.;BADEN_WUERTTEMBERG;Zahnmedizinische/r Fachangestellte/r;1;1;2026-09-20;2026-09-23;2026;ba-jobsuche;;
DRK-Verbund Nürtingen-Kirchheim/Teck gGmbH;Esslingen am Neckar;;;BADEN_WUERTTEMBERG;Notfallsanitäter/in;1;1;2026-09-20;2026-09-23;2026;ba-jobsuche;;
Drs.med.dent. B.+ W.Zimprich Zahnärzte für Kieferorthopädie;Esslingen am Neckar;73728;Kollwitzstr.;BADEN_WUERTTEMBERG;Zahnmedizinische/r Fachangestellte/r;1;1;2026-09-20;2026-09-23;2026;ba-jobsuche;;
E. Scharpf Holzbau GmbH;Esslingen am Neckar;73730;Fritz-Müller-Str.;BADEN_WUERTTEMBERG;Klempner/in | Zimmerer/Zimmerin;2;2;2026-09-20;2026-09-23;2026;ba-jobsuche;;
Eberspächer Gruppe GmbH & Co. KG;Esslingen am Neckar;73728;Eberspächerstr.;BADEN_WUERTTEMBERG;Duales Studium (DHBW) BWL-Dienstleistungsmanagement und ange | Duales Studium (DHBW) BWL-Dienstleistungsmanagement und angewandte KI 2027 | Duales Studium (DHBW) Informatik 2027 | Duales Studium (DHBW) Rechnungswesen Steuern Wirtschaftsrech | Duales Studium (DHBW) Rechnungswesen, Steuern, Wirtschaftsrecht - Accounting & Controlling 2027 | Duales Studium (DHBW) Rechnungswesen, Steuern, Wirtschaftsrecht - Steuern & Prüfungswesen 2027 | Duales Studium (DHBW) Wirtschaftsinformatik - Application Management 2027 | Duales Studium (DHBW) Wirtschaftsinformatik 2026 | Duales Studium (DHBW) Wirtschaftsinformatik 2027 | Duales Studium (DHBW) Wirtschaftsingenieurwesen 2027 | Industriekaufmann/-frau;11;15;2026-09-20;2026-09-23;2026;ba-jobsuche;;
EDEKA Südwest Stiftung & Co. KG;Esslingen am Neckar;73733;Weilstr. 227;BADEN_WUERTTEMBERG;Kaufmann/-frau - Einzelhandel | Verkäufer/in;2;5;2026-09-20;2026-09-23;2026;ba-jobsuche;;
EKZ Rettenmaier GmbH     & CO. KG;Esslingen am Neckar;73730;Dornierstr.;BADEN_WUERTTEMBERG;Kaufmann/-frau - Groß- und Außenhandelsmanagement (Großhandel);1;1;2026-09-20;2026-09-23;2026;ba-jobsuche;;
Ev. Gesamtkirchengemeinde Esslingen;Esslingen am Neckar;73728;Augustinerstr.;BADEN_WUERTTEMBERG;Erzieher/in | Sozialpädagogische/r Assistent/in / Kinderpfleger/in;2;2;2026-09-20;2026-09-23;2026;ba-jobsuche;;
Evi Dent Oralchirurgie Julia Thiel-Maier;Esslingen am Neckar;73733;Maienwalterstr.;BADEN_WUERTTEMBERG;Zahnmedizinische/r Fachangestellte/r;1;1;2026-09-20;2026-09-23;2026;ba-jobsuche;;
Fair-Rent GmbH;Esslingen am Neckar;73730;Fritz-Müller-Str.;BADEN_WUERTTEMBERG;Kaufmann/-frau - Büromanagement;1;1;2026-09-20;2026-09-23;2026;ba-jobsuche;;
Festo SE & Co. KG;Esslingen am Neckar;73734;Ruiter Str.;BADEN_WUERTTEMBERG;DHBW Studium - Wirtschaftsinformatik (B.Sc.), Data Science (m/w/d) 2027 | Duales Studium - Mechatronik (B.Eng.) (m/w/d) in Esslingen 2027 | Duales Studium - Wirtschaftsingenieurwesen (B.Eng.) (m/w/d) in Esslingen 2027 | Elektroniker/in - Geräte und Systeme | Industriekaufmann/-frau | Industriemechaniker/in | Mechatroniker/in;7;7;2026-09-20;2026-09-23;2026;ba-jobsuche;;
Fielmann AG;Esslingen am Neckar;73728;;BADEN_WUERTTEMBERG;Augenoptiker/in | Hörakustiker/in;2;2;2026-09-20;2026-09-23;2026;ba-jobsuche;;
Fliesen-Nürk GmbH;Esslingen am Neckar;73730;Röntgenstr.;BADEN_WUERTTEMBERG;Bodenleger/in | Fliesen-, Platten- und Mosaikleger/in;2;2;2026-09-20;2026-09-23;2026;ba-jobsuche;;
Gaukler + Herdrich GmbH;Esslingen am Neckar;73728;Rennstr.;BADEN_WUERTTEMBERG;Metallbauer/in - Konstruktionstechnik;1;1;2026-09-20;2026-09-23;2026;ba-jobsuche;;
GEERS (Sonova Retail Deutschland GmbH);Esslingen am Neckar;73728;Ebershaldenstraße 7;BADEN_WUERTTEMBERG;Hörakustiker/in;1;1;2026-09-20;2026-09-23;2026;ba-jobsuche;;
Gem.praxis - Hausärzte Dres. Lutz Lochmann, Ute Sturm Katharina Kälberer,Ioanna Roth;Esslingen am Neckar;73733;Obertürkheimer Str.;BADEN_WUERTTEMBERG;Medizinische/r Fachangestellte/r;1;1;2026-09-20;2026-09-23;2026;ba-jobsuche;;
Gemeinschaftspraxis Dr. Rieber/Dr. Ganschow GbR;Esslingen am Neckar;73728;Am Fischbrunnen;BADEN_WUERTTEMBERG;Medizinische/r Fachangestellte/r;1;1;2026-09-20;2026-09-23;2026;ba-jobsuche;;
Gönner & Knigge Haustechnik GmbH;Esslingen am Neckar;73730;Hauptstr.;BADEN_WUERTTEMBERG;Anlagenmechaniker/in - Sanitär-, Heizungs- und Klimatechnik;1;1;2026-09-20;2026-09-23;2026;ba-jobsuche;;
GORRRILLA GmbH;Esslingen am Neckar;73728;Martinstr.;BADEN_WUERTTEMBERG;Mediengestalter/in Digital und Print - Digitalmedien;1;1;2026-09-20;2026-09-23;2026;ba-jobsuche;;
GP Dres. Weyer / Weyer GbR;Esslingen am Neckar;73728;Fabrikstr.;BADEN_WUERTTEMBERG;Zahnmedizinische/r Fachangestellte/r;1;1;2026-09-20;2026-09-23;2026;ba-jobsuche;;
Grüner GmbH;Esslingen am Neckar;73728;Neckarstr.;BADEN_WUERTTEMBERG;Dachdecker/in;1;1;2026-09-20;2026-09-23;2026;ba-jobsuche;;
H.W.T. GmbH Haus- und WärmeTechnik;Esslingen am Neckar;73734;Kastellstr.;BADEN_WUERTTEMBERG;Anlagenmechaniker/in - Sanitär-, Heizungs- und Klimatechnik;1;1;2026-09-20;2026-09-23;2026;ba-jobsuche;;
Hahn + Keller Immobilien GmbH;Esslingen am Neckar;73734;Teckstr.;BADEN_WUERTTEMBERG;Immobilienkaufmann/-frau | Kaufmann/-frau - Büromanagement;2;2;2026-09-20;2026-09-23;2026;ba-jobsuche;;
Hemminger Ingenieurbüro GmbH & Co. KG;Esslingen am Neckar;73730;Röntgenstr.;BADEN_WUERTTEMBERG;Geomatiker/in | Vermessungstechniker/in - Vermessung;2;2;2026-09-20;2026-09-23;2026;ba-jobsuche;;
Hengstenberg GmbH & Co. KG;Esslingen am Neckar;73728;Mettinger Str.;BADEN_WUERTTEMBERG;Industriekaufmann/-frau;1;1;2026-09-20;2026-09-23;2026;ba-jobsuche;;
Hering Autoservice GmbH Kfz-Meisterbetrieb;Esslingen am Neckar;73730;Plochinger Str.;BADEN_WUERTTEMBERG;Kraftfahrzeugmechatroniker/in - Personenkraftwagentechnik;1;1;2026-09-20;2026-09-23;2026;ba-jobsuche;;
Hermann Paule GmbH;Esslingen am Neckar;73730;Max-Planck-Str.;BADEN_WUERTTEMBERG;Berufskraftfahrer/in;1;1;2026-09-20;2026-09-23;2026;ba-jobsuche;;
Holzbau Strauss GmbH & Co.KG;Esslingen am Neckar;73730;;BADEN_WUERTTEMBERG;Zimmerer/Zimmerin;1;1;2026-09-20;2026-09-23;2026;ba-jobsuche;;
Hörgeräte LANGER GmbH & Co. KG;Esslingen am Neckar;73728;Unterer Metzgerbach;BADEN_WUERTTEMBERG;Hörakustiker/in;1;1;2026-09-20;2026-09-23;2026;ba-jobsuche;;
HORNBACH Baumarkt AG Zentralverwaltung;Esslingen am Neckar;73730;Dornierstraße;BADEN_WUERTTEMBERG;Fachlagerist/in | Kaufmann/-frau - Einzelhandel | Verkäufer/in;3;3;2026-09-20;2026-09-23;2026;ba-jobsuche;;
Hotel Restaurant Kelter Ewald Rayher;Esslingen am Neckar;73733;Kelterstr.;BADEN_WUERTTEMBERG;Fachmann/-frau - Restaurants und Veranstaltungsgastronomie;1;2;2026-09-20;2026-09-23;2026;ba-jobsuche;;
ibw Gesellsch. f. innovatives Bauen und Wohnen mbH;Esslingen am Neckar;73728;Martinstr.;BADEN_WUERTTEMBERG;Immobilienkaufmann/-frau;1;1;2026-09-20;2026-09-23;2026;ba-jobsuche;;
Ihre Zahnärzte Dr. Dittmar & Kollegen;Esslingen am Neckar;73728;Neckarstr.;BADEN_WUERTTEMBERG;Zahnmedizinische/r Fachangestellte/r;1;1;2026-09-20;2026-09-23;2026;ba-jobsuche;;
INDEX-Werke GmbH & Co. KG Hahn & Tessky;Esslingen am Neckar;73730;Plochinger Str.;BADEN_WUERTTEMBERG;Elektroniker/in - Automatisierungstechnik | Fachinformatiker/in - Anwendungsentwicklung | Fachinformatiker/in - Systemintegration | Industriekaufmann/-frau | Industriemechaniker/in | Mechatroniker/in | Studiengang zum B.Eng.* im Maschinenbau in 2027 | Studiengang zum B.Eng.* in Elektrotechnik & Informationstechnik - Automation in 2027 | Technische/r Produktdesigner/in - Maschinen- und Anlagenkonstruktion | Zerspanungsmechaniker/in;10;10;2026-09-20;2026-09-23;2026;ba-jobsuche;;
Ingenieurbüro Fritz Spieth Ber. Ingenieure GmbH;Esslingen am Neckar;73730;Fritz-Müller-Str.;BADEN_WUERTTEMBERG;Duales Studium Bauingenieurwesen/Projektmanagement Bereich Tiefbau;1;1;2026-09-20;2026-09-23;2026;ba-jobsuche;;
J. Ehmann Gruene Raeume Galabau GmbH;Esslingen am Neckar;73734;Waldstr.;BADEN_WUERTTEMBERG;Gärtner/in - Garten- und Landschaftsbau;1;1;2026-09-20;2026-09-23;2026;ba-jobsuche;;
Johanniter-Unfall-Hilfe e.V. Landesverband Baden-Württemberg;Esslingen am Neckar;73734;Eschbacher Weg;BADEN_WUERTTEMBERG;Pflegefachmann/-frau (Ausbildung);1;3;2026-09-20;2026-09-23;2026;ba-jobsuche;;
K. Haug & K. Sohn GmbH & Co. KG;Esslingen am Neckar;73733;Max-Eyth-Str.;BADEN_WUERTTEMBERG;Anlagenmechaniker/in - Sanitär-, Heizungs- und Klimatechnik;1;1;2026-09-20;2026-09-23;2026;ba-jobsuche;;
Karl Bocklet GmbH Rolladen und Sonnenschutz;Esslingen am Neckar;73734;Kastellstr.;BADEN_WUERTTEMBERG;Rollladen- und Sonnenschutzmechatroniker/in;1;2;2026-09-20;2026-09-23;2026;ba-jobsuche;;
Kaufland;Esslingen am Neckar;73730;;BADEN_WUERTTEMBERG;Fachwirt/in - Handel (doppelt qualifizierende Ausbildung) | Verkäufer/in;2;3;2026-09-20;2026-09-23;2026;ba-jobsuche;;
Kaufland Dienstleistung GmbH & Co. KG;Esslingen am Neckar;73730;Alleenstraße;BADEN_WUERTTEMBERG;Verkäufer/in;1;2;2026-09-20;2026-09-23;2026;ba-jobsuche;;
Kieferorthopädie Esslingen Dr. Silke Kohlhaas;Esslingen am Neckar;73728;Blarerplatz;BADEN_WUERTTEMBERG;Zahnmedizinische/r Fachangestellte/r;1;1;2026-09-20;2026-09-23;2026;ba-jobsuche;;
Kielmeyers Besen Gabriele Kielmeyer;Esslingen am Neckar;73728;Marktplatz;BADEN_WUERTTEMBERG;Koch/Köchin;1;2;2026-09-20;2026-09-23;2026;ba-jobsuche;;
Klinikum Esslingen GmbH;Esslingen am Neckar;73734;Hirschlandstr.;BADEN_WUERTTEMBERG;Pflegefachmann/-frau (Ausbildung);1;1;2026-09-20;2026-09-23;2026;ba-jobsuche;;
KSK Esslingen-Nürtingen;Esslingen am Neckar;73728;Bahnhofstr.;BADEN_WUERTTEMBERG;Bankkaufmann/-frau | Duale/r StudentIn im Segment Banking & Finance (BWL // DHBW Stuttgart) - Start 08/2026 | Finanzassistent/in (doppelt qualifizierende Ausbildung) | Kaufmann/-frau - Dialogmarketing;4;5;2026-09-20;2026-09-23;2026;ba-jobsuche;;
Landratsamt Esslingen;Esslingen am Neckar;73734;Uhlandstrasse;BADEN_WUERTTEMBERG;Beamter/Beamtin - Allgemeine Innere Verwaltung (mittlerer nichttechnischer Dienst) | Kenn-Nr. 51-49/26 Duales Studium Bauingenieurwesen – Öffentliches Bauen (DHBW) (m/w/d) | Kenn-Nr. JobE-65/26 Bachelor of Arts (B.A.) Soziale Arbeit Vertiefung Menschen in Armutslagen (DHBW) | Straßenwärter/in | Umwelttechnologe/-technologin - Kreislauf- und Abfallwirtschaft | Vermessungstechniker/in - Vermessung;6;7;2026-09-20;2026-09-23;2026;ba-jobsuche;;
Leander Schade;Esslingen am Neckar;73734;Kronenstr.;BADEN_WUERTTEMBERG;Tischler/in;1;1;2026-09-20;2026-09-23;2026;ba-jobsuche;;
LGI Logistics Group International GmbH;Esslingen am Neckar;73730;Fritz-Müller-Straße;BADEN_WUERTTEMBERG;Fachkraft - Lagerlogistik;1;1;2026-09-20;2026-09-23;2026;ba-jobsuche;;
Lidl Dienstleistung GmbH & Co. KG;Esslingen am Neckar;73733;Obertürkheimer Str.;BADEN_WUERTTEMBERG;Fachwirt/in - Handel (doppelt qualifizierende Ausbildung) | Verkäufer/in;2;3;2026-09-20;2026-09-23;2026;ba-jobsuche;;
MAFU-WENNESS GmbH Elektroautomation;Esslingen am Neckar;73734;Eberhard-Bauer-Str.;BADEN_WUERTTEMBERG;Elektroniker/in - Automatisierungstechnik;1;2;2026-09-20;2026-09-23;2026;ba-jobsuche;;
ME Wohnungsverwaltungs GmbH & Co. KG;Esslingen am Neckar;73728;Berliner Str.;BADEN_WUERTTEMBERG;Immobilienkaufmann/-frau;1;1;2026-09-20;2026-09-23;2026;ba-jobsuche;;
Media-Saturn Deutschland GmbH;Esslingen am Neckar;73733;;BADEN_WUERTTEMBERG;Kaufmann/-frau - Einzelhandel;1;1;2026-09-20;2026-09-23;2026;ba-jobsuche;;
Mercedes-Benz Group AG;Esslingen am Neckar;73733;;BADEN_WUERTTEMBERG;Duales Studium (m/w /d) | Duales Studium (w/m/d) | Elektroniker/in - Automatisierungstechnik | Fachinformatiker/in - Daten- und Prozessanalyse | Fertigungsmechaniker/in | Gießereimechaniker/in | Industriemechaniker/in | Kraftfahrzeugmechatroniker/in - System- und Hochvolttechnik | Mechatroniker/in | Sozialversicherungsfachangestellte/r - allgemeine Krankenversicherung;10;12;2026-09-20;2026-09-23;2026;ba-jobsuche;;
Metzgerei Häfele GmbH;Esslingen am Neckar;73728;Berliner Str.;BADEN_WUERTTEMBERG;Fachverkäufer/in - Lebensmittelhandwerk (Fleischerei);1;1;2026-09-20;2026-09-23;2026;ba-jobsuche;;
Michael Hellstrand;Esslingen am Neckar;73734;Stuttgarter Str.;BADEN_WUERTTEMBERG;Zahnmedizinische/r Fachangestellte/r;1;1;2026-09-20;2026-09-23;2026;ba-jobsuche;;
MK Cycle Shop GmbH & Co. KG;Esslingen am Neckar;73728;Ulmer Str.;BADEN_WUERTTEMBERG;Automobilkaufmann/-frau;1;1;2026-09-20;2026-09-23;2026;ba-jobsuche;;
MKG am Dick Dr. Dr. Mayr;Esslingen am Neckar;73728;Kollwitzstr.;BADEN_WUERTTEMBERG;Zahnmedizinische/r Fachangestellte/r;1;1;2026-09-20;2026-09-23;2026;ba-jobsuche;;
Moebel Rieger GmbH & Co. KG;Esslingen am Neckar;73730;Dornierstraße;BADEN_WUERTTEMBERG;Kaufmann/-frau - Einzelhandel;1;1;2026-09-20;2026-09-23;2026;ba-jobsuche;;
Müller Holding GmbH & Co. KG;Esslingen am Neckar;73728;Pliensaustr. 31;BADEN_WUERTTEMBERG;Kaufmann/-frau - Einzelhandel | Verkäufer/in;2;2;2026-09-20;2026-09-23;2026;ba-jobsuche;;
Netto Marken-Discount Stiftung & Co. KG;Esslingen am Neckar;73734;Stuttgarter Str. 5-7;BADEN_WUERTTEMBERG;Kaufmann/-frau - Einzelhandel | Verkäufer/in;2;3;2026-09-20;2026-09-23;2026;ba-jobsuche;;
Netze BW GmbH;Esslingen am Neckar;73728;Kurt-Schumacher-Straße;BADEN_WUERTTEMBERG;Elektroniker/in - Betriebstechnik | Geomatiker/in | Umwelttechnologe/-technologin - Wasserversorgung;3;3;2026-09-20;2026-09-23;2026;ba-jobsuche;;
NORMA Lebensmittelfilialbetrieb Stiftung & Co. KG;Esslingen am Neckar;73728;;BADEN_WUERTTEMBERG;Kaufmann/-frau - Einzelhandel | Verkäufer/in;2;2;2026-09-20;2026-09-23;2026;ba-jobsuche;;
Oberfinanzdirektion Baden-Württemberg Land BW;Esslingen am Neckar;73728;;BADEN_WUERTTEMBERG;Beamter/Beamtin - Steuerverwaltung (mittlerer nichttechnischer Dienst) | DUALES STUDIUM zum 01.03.2027 - Bachelor of Laws (geh. Dienst) | DUALES STUDIUM zum 01.10.2027 - Bachelor of Laws (geh. Dienst);3;3;2026-09-20;2026-09-23;2026;ba-jobsuche;;
Oskar Ernst GmbH Stuckateurgeschäft;Esslingen am Neckar;73728;Merkelstr.;BADEN_WUERTTEMBERG;Stuckateur/in;1;2;2026-09-20;2026-09-23;2026;ba-jobsuche;;
Penny-Markt GmbH Verwaltung;Esslingen am Neckar;73728;;BADEN_WUERTTEMBERG;Kaufmann/-frau - Einzelhandel | Verkäufer/in;2;2;2026-09-20;2026-09-23;2026;ba-jobsuche;;
Pigs Point Fitness Wildermuth u. Kellenberger GbR;Esslingen am Neckar;73730;Otto-Bayer-Str.;BADEN_WUERTTEMBERG;Sport- und Fitnesskaufmann/-frau;1;1;2026-09-20;2026-09-23;2026;ba-jobsuche;;
PINO der Friseur Di Carlo Giuseppe;Esslingen am Neckar;73728;Heugasse;BADEN_WUERTTEMBERG;Friseur/in;1;2;2026-09-20;2026-09-23;2026;ba-jobsuche;;
Pliensau-Apotheke Klvana-Maiß und Schumann-Maiß OHG;Esslingen am Neckar;73728;Oberer Metzgerbach;BADEN_WUERTTEMBERG;Pharmazeutisch-kaufmännische/r Angestellte/r;1;1;2026-09-20;2026-09-23;2026;ba-jobsuche;;
pro optik Augenoptik Fachgesch äft GmbH;Esslingen am Neckar;73728;Pliensaustr.;BADEN_WUERTTEMBERG;Augenoptiker/in;1;1;2026-09-20;2026-09-23;2026;ba-jobsuche;;
Purem GmbH;Esslingen am Neckar;73728;;BADEN_WUERTTEMBERG;Elektroniker/in - Betriebstechnik;1;1;2026-09-22;2026-09-23;2026;ba-jobsuche;;
Radiologische Gemeinschaftspraxis;Esslingen am Neckar;73730;Plochinger Str.;BADEN_WUERTTEMBERG;Medizinische/r Fachangestellte/r;1;1;2026-09-20;2026-09-23;2026;ba-jobsuche;;
REWE Markt GmbH ZwNL Südwest;Esslingen am Neckar;73728;;BADEN_WUERTTEMBERG;Fachverkäufer/in - Lebensmittelhandwerk (Fleischerei) | Kaufmann/-frau - Einzelhandel;2;2;2026-09-20;2026-09-23;2026;ba-jobsuche;;
Robert Bosch GmbH;Esslingen am Neckar;73730;;BADEN_WUERTTEMBERG;Bachelor of Engineering (B.Eng.) Wirtschaftsingenieurwesen - Elektrotechnik / 2027_412 | Kaufmann/-frau - Groß- und Außenhandelsmanagement (Großhandel);2;2;2026-09-20;2026-09-23;2026;ba-jobsuche;;
Rosanna Zito Haar-Philosophie;Esslingen am Neckar;73728;Im Heppächer;BADEN_WUERTTEMBERG;Friseur/in;1;1;2026-09-20;2026-09-23;2026;ba-jobsuche;;
Röther Beteiligungs GmbH;Esslingen am Neckar;73733;;BADEN_WUERTTEMBERG;Verkäufer/in;1;1;2026-09-20;2026-09-23;2026;ba-jobsuche;;
RP-Engineering GmbH;Esslingen am Neckar;73728;Heilbronner Str.;BADEN_WUERTTEMBERG;Elektroniker/in - Geräte und Systeme;1;1;2026-09-20;2026-09-23;2026;ba-jobsuche;;
Russ Jesinger Automobile SE & Co. KG;Esslingen am Neckar;73730;Plochinger Str.;BADEN_WUERTTEMBERG;Automobilkaufmann/-frau | Kaufmann/-frau - Büromanagement | Kraftfahrzeugmechatroniker/in - Nutzfahrzeugtechnik | Kraftfahrzeugmechatroniker/in - Personenkraftwagentechnik | Kraftfahrzeugmechatroniker/in - System- und Hochvolttechnik;5;18;2026-09-20;2026-09-23;2026;ba-jobsuche;;
Sehne Backwaren KG;Esslingen am Neckar;73728;Bahnhofstraße;BADEN_WUERTTEMBERG;Fachverkäufer/in - Lebensmittelhandwerk (Bäckerei);1;1;2026-09-20;2026-09-23;2026;ba-jobsuche;;
SFW Baumeister & Partner Rechtsanwälte PartG mbB;Esslingen am Neckar;73728;Blumenstr.;BADEN_WUERTTEMBERG;Rechtsanwaltsfachangestellte/r;1;1;2026-09-20;2026-09-23;2026;ba-jobsuche;;
Shoe4You GmbH & Co. KG;Esslingen am Neckar;73728;Berliner Straße;BADEN_WUERTTEMBERG;Kaufmann/-frau - Einzelhandel | Verkäufer/in;2;2;2026-09-20;2026-09-23;2026;ba-jobsuche;;
Sparda-Bank Baden-Württemberg eG;Esslingen am Neckar;73728;;BADEN_WUERTTEMBERG;Bankkaufmann/-frau | Finanzassistent/in (doppelt qualifizierende Ausbildung);2;2;2026-09-20;2026-09-23;2026;ba-jobsuche;;
Spieth-Maschinenelemente GmbH & Co KG;Esslingen am Neckar;73730;Alleenstr.;BADEN_WUERTTEMBERG;Zerspanungsmechaniker/in;1;1;2026-09-20;2026-09-23;2026;ba-jobsuche;;
Sport Flöss Textil- und Sporthaus GmbH;Esslingen am Neckar;73728;Oberer Metzgerbach;BADEN_WUERTTEMBERG;Kaufmann/-frau - Einzelhandel | Verkäufer/in;2;2;2026-09-20;2026-09-23;2026;ba-jobsuche;;
Städtische Pflegeheime Esslingen am Neckar;Esslingen am Neckar;73728;Hindenburgstr.;BADEN_WUERTTEMBERG;Altenpflegehelfer/in | Pflegefachmann/-frau (Ausbildung);2;2;2026-09-20;2026-09-23;2026;ba-jobsuche;;
Stadtverwaltung Esslingen Haupt- und Personalamt;Esslingen am Neckar;73728;Rathausplatz;BADEN_WUERTTEMBERG;Beamter/Beamtin - Kommunalverwaltung (mittlerer nichttechnischer Dienst) | Fachangestellte/r - Medien- und Informationsdienste - Bibliothek | Forstwirt/in | Verwaltungsfachangestellte/r - Kommunalverwaltung;4;4;2026-09-20;2026-09-23;2026;ba-jobsuche;;
Stadtwerke Esslingen GmbH & Co. KG;Esslingen am Neckar;73730;Fritz-Müller-Str.;BADEN_WUERTTEMBERG;Anlagenmechaniker/in | Anlagenmechaniker/in - Sanitär-, Heizungs- und Klimatechnik | Elektroniker/in - Energie- und Gebäudetechnik | Fachangestellte/r - Bäderbetriebe | Fachinformatiker/in - Systemintegration | Industriekaufmann/-frau;6;6;2026-09-20;2026-09-23;2026;ba-jobsuche;;
STAINLESS FRÜCHTL GmbH;Esslingen am Neckar;73730;Zeppelinstr.;BADEN_WUERTTEMBERG;Fachkraft - Lagerlogistik | Fachlagerist/in | Kaufmann/-frau - Büromanagement | Kaufmann/-frau - Groß- und Außenhandelsmanagement (Großhandel);4;4;2026-09-21;2026-09-23;2026;ba-jobsuche;;
Stuckateur Saller;Esslingen am Neckar;73734;Michael-Stifel-Platz;BADEN_WUERTTEMBERG;Stuckateur/in;1;1;2026-09-20;2026-09-23;2026;ba-jobsuche;;
Sysol GmbH;Esslingen am Neckar;73730;Wolf-Hirth-Str.;BADEN_WUERTTEMBERG;Metallbauer/in - Konstruktionstechnik;1;2;2026-09-20;2026-09-23;2026;ba-jobsuche;;
TARGOBANK AG;Esslingen am Neckar;73728;;BADEN_WUERTTEMBERG;Bankkaufmann/-frau;1;1;2026-09-20;2026-09-23;2026;ba-jobsuche;;
Thomas und Gunther Heubach GbR;Esslingen am Neckar;73730;Hirschlandstr.;BADEN_WUERTTEMBERG;Florist/in;1;1;2026-09-20;2026-09-23;2026;ba-jobsuche;;
Vink König Deutschland GmbH;Esslingen am Neckar;73734;Dieselstr.;BADEN_WUERTTEMBERG;Fachkraft - Lagerlogistik;1;2;2026-09-20;2026-09-23;2026;ba-jobsuche;;
Volksbank Mittlerer Neckar eG;Esslingen am Neckar;73728;Bahnhofstraße;BADEN_WUERTTEMBERG;Bankkaufmann/-frau | BWL Dienstleistung mit Schwerpunkt Media, Vertrieb und Kommunikation. | Kaufmann/-frau - Digitalisierungsmanagement | Kaufmann/-frau - Versicherungen und Finanzanlagen;4;8;2026-09-20;2026-09-23;2026;ba-jobsuche;;
Westlake Esslingen GmbH;Esslingen am Neckar;73730;;BADEN_WUERTTEMBERG;Chemikant/in;1;1;2026-09-20;2026-09-23;2026;ba-jobsuche;;
Württ. Schwesternschaft vom Roten Kreuz e. V.;Esslingen am Neckar;;;BADEN_WUERTTEMBERG;Pflegefachmann/-frau (Ausbildung);1;2;2026-09-20;2026-09-23;2026;ba-jobsuche;;
Zahnärztin Sdenka Keimel;Esslingen am Neckar;73732;Breitingerstr.;BADEN_WUERTTEMBERG;Zahnmedizinische/r Fachangestellte/r;1;1;2026-09-20;2026-09-23;2026;ba-jobsuche;;
Zahnarztpraxis Dr. Gehl Dr. med. dent. Roxane Gehl;Esslingen am Neckar;73730;Plochinger Str.;BADEN_WUERTTEMBERG;Zahnmedizinische/r Fachangestellte/r;1;2;2026-09-20;2026-09-23;2026;ba-jobsuche;;
Zahnarztpraxis Dr. Höller und Zöllner;Esslingen am Neckar;73728;Olgastr. 31;BADEN_WUERTTEMBERG;Zahnmedizinische/r Fachangestellte/r;1;1;2026-09-20;2026-09-23;2026;ba-jobsuche;;
Zahnarztpraxis Metz & Metz;Esslingen am Neckar;73733;Sulzgrieser Str.;BADEN_WUERTTEMBERG;Zahnmedizinische/r Fachangestellte/r;1;1;2026-09-20;2026-09-23;2026;ba-jobsuche;;
Zahntechnik Balz GbR;Esslingen am Neckar;73728;Küferstr.;BADEN_WUERTTEMBERG;Zahntechniker/in;1;1;2026-09-20;2026-09-23;2026;ba-jobsuche;;
"""der obere beck"" Willy Holzwarth Bäcker und Konditorei";Fellbach, Württemberg;;;BADEN_WUERTTEMBERG;Fachverkäufer/in - Lebensmittelhandwerk (Bäckerei);1;1;2026-09-20;2026-09-23;2026;ba-jobsuche;;
A.T.U Auto-Teile-Unger GmbH & Co. KG;Fellbach, Württemberg;70736;Schorndorfer Straße 37-39;BADEN_WUERTTEMBERG;Kaufmann/-frau - Einzelhandel;1;2;2026-09-20;2026-09-23;2026;ba-jobsuche;;
Albert Seibold Bauunternehmung Inh. Frank Seibold;Fellbach, Württemberg;70734;Edisonstr.;BADEN_WUERTTEMBERG;Beton- und Stahlbetonbauer/in;1;1;2026-09-20;2026-09-23;2026;ba-jobsuche;;
ALDI SÜD Dienstleistungs- SE & Co. oHG;Fellbach, Württemberg;70736;;BADEN_WUERTTEMBERG;Verkäufer/in;1;1;2026-09-20;2026-09-23;2026;ba-jobsuche;;
Andreas Maier GmbH & Co. KG Schloß- und Werkzeugfabrik;Fellbach, Württemberg;70734;Waiblinger Str.;BADEN_WUERTTEMBERG;Bachelor of Science - Wirtschaftsinformatik (m/w/d) 2027 | DHBW Studium 2027 / Bachelor of Arts - BWL Industrial Business Management (m/w/d) | Industriekaufmann/-frau | Technische/r Produktdesigner/in - Maschinen- und Anlagenkonstruktion | Werkzeugmechaniker/in;5;5;2026-09-20;2026-09-23;2026;ba-jobsuche;;
B.W. Plus Hotel Fellbach GmbH;Fellbach, Württemberg;70734;Tainer Straße 9;BADEN_WUERTTEMBERG;Hotelfachmann/-frau;1;1;2026-09-20;2026-09-23;2026;ba-jobsuche;;
Bäckerei Thomas Dieringer;Fellbach, Württemberg;70736;Maria-Merian-Str.;BADEN_WUERTTEMBERG;Bäcker/in | Fachverkäufer/in - Lebensmittelhandwerk (Bäckerei) | Konditor/in;3;3;2026-09-20;2026-09-23;2026;ba-jobsuche;;
Bernd Schneider Bau GmbH;Fellbach, Württemberg;70736;Benzstr.;BADEN_WUERTTEMBERG;Maurer/in;1;1;2026-09-20;2026-09-23;2026;ba-jobsuche;;
Brillux GmbH & Co.KG;Fellbach, Württemberg;70736;Ohmstraße 22;BADEN_WUERTTEMBERG;Fachkraft - Lagerlogistik | Fachlagerist/in | Kaufmann/-frau - Groß- und Außenhandelsmanagement (Großhandel);3;3;2026-09-20;2026-09-23;2026;ba-jobsuche;;
Combitherm GmbH;Fellbach, Württemberg;70736;Friedrichstr.;BADEN_WUERTTEMBERG;Mechatroniker/in - Kältetechnik;1;1;2026-09-20;2026-09-23;2026;ba-jobsuche;;
Commerzbank AG;Fellbach, Württemberg;70736;;BADEN_WUERTTEMBERG;Bankkaufmann/-frau;1;1;2026-09-20;2026-09-23;2026;ba-jobsuche;;
confin GmbH Finanz- u. Versicherungsmakler;Fellbach, Württemberg;70736;Steinbeisstr. 14;BADEN_WUERTTEMBERG;Kaufmann/-frau - Büromanagement;1;2;2026-09-20;2026-09-23;2026;ba-jobsuche;;
dm-drogerie markt GmbH + Co.KG;Fellbach, Württemberg;70736;Bühlstraße 138;BADEN_WUERTTEMBERG;Drogist/in | Duales Studium BWL-Handel (B. A.) 2027 in 70736 Fellbach;2;4;2026-09-20;2026-09-23;2026;ba-jobsuche;;
Dr. Funda Citak Dermatolgin;Fellbach, Württemberg;70736;Baumschulenweg;BADEN_WUERTTEMBERG;Medizinische/r Fachangestellte/r;1;1;2026-09-20;2026-09-21;2026;ba-jobsuche;;
DV Trend Service GmbH;Fellbach, Württemberg;70736;Butterstr.;BADEN_WUERTTEMBERG;Fachinformatiker/in - Systemintegration | Kaufmann/-frau - Büromanagement;2;2;2026-09-20;2026-09-23;2026;ba-jobsuche;;
Ebinger GmbH & Co. KG;Fellbach, Württemberg;70734;Wilhelm-Maybach-Str.;BADEN_WUERTTEMBERG;Metallbauer/in - Konstruktionstechnik;1;1;2026-09-20;2026-09-23;2026;ba-jobsuche;;
Ender Gastronomie Weinstadt GmbH & Co. KG;Fellbach, Württemberg;70736;Bühlstr.;BADEN_WUERTTEMBERG;Fachkraft - Gastronomie | Fachmann/-frau - Systemgastronomie;2;2;2026-09-20;2026-09-23;2026;ba-jobsuche;;
Felix Kloz GmbH;Fellbach, Württemberg;70736;;BADEN_WUERTTEMBERG;Automobilkaufmann/-frau | Fahrzeuglackierer/in | Karosserie- und Fahrzeugbaumechaniker/in - Karosserie- und Fahrzeugbautechnik | Kraftfahrzeugmechatroniker/in - Nutzfahrzeugtechnik | Kraftfahrzeugmechatroniker/in - Personenkraftwagentechnik;5;5;2026-09-20;2026-09-23;2026;ba-jobsuche;;
Finanz Informatik Technologie Service GmbH & Co. KG;Fellbach, Württemberg;70736;Wilhelm-Pfitzer-Straße 1;BADEN_WUERTTEMBERG;Duales Studium Informatik (m/w/d) | Duales Studium Wirtschaftsinformatik (m/w/d) | Fachinformatiker/in - Systemintegration;3;3;2026-09-20;2026-09-23;2026;ba-jobsuche;;
Fitness- & Sport GmbH;Fellbach, Württemberg;70734;Bruckstr.;BADEN_WUERTTEMBERG;Sport- und Fitnesskaufmann/-frau;1;1;2026-09-20;2026-09-23;2026;ba-jobsuche;;
Friz Metallbau AG;Fellbach, Württemberg;70736;Bruckmannstr.;BADEN_WUERTTEMBERG;Metallbauer/in - Konstruktionstechnik;1;1;2026-09-20;2026-09-23;2026;ba-jobsuche;;
GEERS (Sonova Retail Deutschland GmbH);Fellbach, Württemberg;70734;Bahnhofstraße 21;BADEN_WUERTTEMBERG;Hörakustiker/in;1;1;2026-09-20;2026-09-23;2026;ba-jobsuche;;
Jedele Farben und Heimtex Großhandel GmbH;Fellbach, Württemberg;70734;Rommelshauser Straße;BADEN_WUERTTEMBERG;Fachkraft - Lagerlogistik | Fachlagerist/in | Kaufmann/-frau - Groß- und Außenhandelsmanagement (Großhandel);3;3;2026-09-20;2026-09-23;2026;ba-jobsuche;;
Kaufland;Fellbach, Württemberg;70736;;BADEN_WUERTTEMBERG;Bankkaufmann/-frau | Verkäufer/in;2;2;2026-09-20;2026-09-23;2026;ba-jobsuche;;
Kaufland Dienstleistung GmbH & Co. KG;Fellbach, Württemberg;70736;Stuttgarter Straße;BADEN_WUERTTEMBERG;Duales Studium BWL Handel - Filiale (B.A.) 2027 | Verkäufer/in;2;2;2026-09-20;2026-09-23;2026;ba-jobsuche;;
Kemmler Baustoffe Logistik Stuttgart GmbH;Fellbach, Württemberg;70736;Benzstr.;BADEN_WUERTTEMBERG;Berufskraftfahrer/in;1;1;2026-09-20;2026-09-23;2026;ba-jobsuche;;
Kieser Training;Fellbach, Württemberg;70734;Gerhart-Hauptmann-Straße 20;BADEN_WUERTTEMBERG;Sportvisionäre: Das duale Studium für zukünftige Sportinnovatoren;1;1;2026-09-20;2026-09-23;2026;ba-jobsuche;;
KiK Textilien und Non-Food GmbH;Fellbach, Württemberg;70734;Seestraße 5;BADEN_WUERTTEMBERG;Fachwirt/in - Handel (doppelt qualifizierende Ausbildung);1;1;2026-09-20;2026-09-23;2026;ba-jobsuche;;
Kolektor Insulation GmbH;Fellbach, Württemberg;70736;Max-Planck-Str.;BADEN_WUERTTEMBERG;Industriekaufmann/-frau;1;1;2026-09-20;2026-09-23;2026;ba-jobsuche;;
Konzept-e für Schulen gGmbH;Fellbach, Württemberg;70734;Kienbachstraße;BADEN_WUERTTEMBERG;Erzieher/in;1;3;2026-09-20;2026-09-23;2026;ba-jobsuche;;
Konzept-e GmbH;Fellbach, Württemberg;70734;Kienbachstraße;BADEN_WUERTTEMBERG;Sozialpädagogische/r Assistent/in / Kinderpfleger/in;1;1;2026-09-20;2026-09-23;2026;ba-jobsuche;;
Landesamt für Besoldung und Versorgung Baden-Württemberg;Fellbach, Württemberg;70736;Philipp-Reis-Str.;BADEN_WUERTTEMBERG;Finanzassistent/in (doppelt qualifizierende Ausbildung) | Studiengang Public Financial Management;2;2;2026-09-20;2026-09-23;2026;ba-jobsuche;;
Lidl Dienstleistung GmbH & Co. KG;Fellbach, Württemberg;70736;Stuttgarter Str.;BADEN_WUERTTEMBERG;Fachwirt/in - Handel (doppelt qualifizierende Ausbildung) | Verkäufer/in;2;2;2026-09-20;2026-09-23;2026;ba-jobsuche;;
Luljeta Gashi-Gerdung Hausarztpraxis;Fellbach, Württemberg;70736;Fellbacher Str.;BADEN_WUERTTEMBERG;Medizinische/r Fachangestellte/r;1;1;2026-09-20;2026-09-23;2026;ba-jobsuche;;
McDonald's Deutschland LLC;Fellbach, Württemberg;70736;Bühlstr. 135;BADEN_WUERTTEMBERG;Fachmann/-frau - Systemgastronomie;1;1;2026-09-20;2026-09-23;2026;ba-jobsuche;;
Media-Saturn Deutschland GmbH;Fellbach, Württemberg;70736;;BADEN_WUERTTEMBERG;Kaufmann/-frau - E-Commerce;1;2;2026-09-20;2026-09-23;2026;ba-jobsuche;;
MergenthalerZerweck GmbH Sanitär, Heizung, Flaschnerei;Fellbach, Württemberg;70736;Marie-Curie-Str.;BADEN_WUERTTEMBERG;Anlagenmechaniker/in - Sanitär-, Heizungs- und Klimatechnik;1;1;2026-09-20;2026-09-23;2026;ba-jobsuche;;
Netto Marken-Discount Stiftung & Co. KG;Fellbach, Württemberg;70736;Gotthilf-Bayh-Straße 1 - 3;BADEN_WUERTTEMBERG;Kaufmann/-frau - Einzelhandel;1;2;2026-09-20;2026-09-23;2026;ba-jobsuche;;
NKD Deutschland GmbH;Fellbach, Württemberg;70734;Cannstatter Str.;BADEN_WUERTTEMBERG;Fachwirt/in - Handel (doppelt qualifizierende Ausbildung);1;1;2026-09-20;2026-09-23;2026;ba-jobsuche;;
NORMA Lebensmittelfilialbetrieb Stiftung & Co. KG;Fellbach, Württemberg;70736;;BADEN_WUERTTEMBERG;Kaufmann/-frau - Einzelhandel | Verkäufer/in;2;2;2026-09-20;2026-09-23;2026;ba-jobsuche;;
Orthopädie Zentrum Fellbach;Fellbach, Württemberg;70734;Bahnhofstr.;BADEN_WUERTTEMBERG;Medizinische/r Fachangestellte/r;1;1;2026-09-20;2026-09-23;2026;ba-jobsuche;;
Papier-Puschmann GmbH & Co. KG;Fellbach, Württemberg;70736;Bahnhofstraße;BADEN_WUERTTEMBERG;Verkäufer/in;1;1;2026-09-20;2026-09-23;2026;ba-jobsuche;;
Pflanzen Kölle Gartencenter GmbH & Co. KG;Fellbach, Württemberg;70734;Stuttgarter Str.;BADEN_WUERTTEMBERG;Florist/in | Kaufmann/-frau - Einzelhandel;2;2;2026-09-20;2026-09-23;2026;ba-jobsuche;;
Philipp Hafner GmbH & Co. KG;Fellbach, Württemberg;70736;Blumenstr.;BADEN_WUERTTEMBERG;Industriekaufmann/-frau;1;1;2026-09-20;2026-09-23;2026;ba-jobsuche;;
pro optik GmbH Fellbach;Fellbach, Württemberg;70734;Bahnhofstr.;BADEN_WUERTTEMBERG;Augenoptiker/in;1;1;2026-09-20;2026-09-23;2026;ba-jobsuche;;
Rainer Bürkle Fliesenfachgeschäft;Fellbach, Württemberg;70736;Uhlandstr.;BADEN_WUERTTEMBERG;Fliesen-, Platten- und Mosaikleger/in;1;1;2026-09-20;2026-09-23;2026;ba-jobsuche;;
Rauschenberger Catering & Restaurants GmbH & Co. KG;Fellbach, Württemberg;70736;;BADEN_WUERTTEMBERG;Kaufmann/-frau - Büromanagement | Koch/Köchin | Veranstaltungskaufmann/-frau;3;3;2026-09-20;2026-09-23;2026;ba-jobsuche;;
REISSER AG Bad und Heizung;Fellbach, Württemberg;70736;Salierstr.;BADEN_WUERTTEMBERG;Kaufmann/-frau - Groß- und Außenhandelsmanagement (Großhandel);1;1;2026-09-20;2026-09-23;2026;ba-jobsuche;;
REWE Markt GmbH ZwNL Südwest;Fellbach, Württemberg;70736;;BADEN_WUERTTEMBERG;Duales Studium Bachelor of Arts, Studienrichtung Handel - 2027 | Fachverkäufer/in - Lebensmittelhandwerk (Fleischerei) | Fleischer/in | Kaufmann/-frau - Einzelhandel | Verkäufer/in;5;18;2026-09-20;2026-09-23;2026;ba-jobsuche;;
Rigon & Lenk GmbH & Co. KG;Fellbach, Württemberg;70736;Benzstr.;BADEN_WUERTTEMBERG;Gärtner/in - Garten- und Landschaftsbau;1;1;2026-09-20;2026-09-23;2026;ba-jobsuche;;
schäfer-technic gmbh;Fellbach, Württemberg;70736;Friedrich-List-Str.;BADEN_WUERTTEMBERG;Industriekaufmann/-frau;1;1;2026-09-20;2026-09-23;2026;ba-jobsuche;;
SCHMALZ+SCHÖN Logistics GmbH Region Stuttgart;Fellbach, Württemberg;70736;Ringstr.;BADEN_WUERTTEMBERG;Berufskraftfahrer/in | Fachkraft - Lagerlogistik | Kaufmann/-frau - Spedition und Logistikdienstleistung;3;5;2026-09-20;2026-09-23;2026;ba-jobsuche;;
SCHMALZ+SCHÖN Services GmbH;Fellbach, Württemberg;70736;Ringstr.;BADEN_WUERTTEMBERG;Duales Studium 2026 - BWL Dienstleistungsmanagement - Logistik und Supply Chain Management | Duales Studium 2027 - BWL Dienstleistungsmanagement;2;2;2026-09-20;2026-09-23;2026;ba-jobsuche;;
Schuh Bürkle GmbH & Co. KG;Fellbach, Württemberg;70736;Fellbacher Str. 5-7;BADEN_WUERTTEMBERG;Kaufmann/-frau - Einzelhandel;1;1;2026-09-20;2026-09-23;2026;ba-jobsuche;;
Stadt Fellbach Allgemeine Verwaltung;Fellbach, Württemberg;70734;Marktplatz;BADEN_WUERTTEMBERG;Bachelor of Arts (B.A.) Soziale Arbeit - Studiengang | Umwelttechnologe/-technologin - Abwasserbewirtschaftung | Verwaltungsfachangestellte/r - Kommunalverwaltung;3;3;2026-09-20;2026-09-23;2026;ba-jobsuche;;
TELEDATA IT-Lösungen GmbH;Fellbach, Württemberg;70736;Ohmstr.;BADEN_WUERTTEMBERG;Kaufmann/-frau - IT-System-Management;1;1;2026-09-20;2026-09-23;2026;ba-jobsuche;;
Toker Trading GmbH;Fellbach, Württemberg;70736;Steinbeisstr.;BADEN_WUERTTEMBERG;Kaufmann/-frau - Groß- und Außenhandelsmanagement (Großhandel);1;1;2026-09-20;2026-09-23;2026;ba-jobsuche;;
toom Baumarkt GmbH;Fellbach, Württemberg;70736;;BADEN_WUERTTEMBERG;Kaufmann/-frau - Einzelhandel;1;1;2026-09-20;2026-09-23;2026;ba-jobsuche;;
Weinmann Aach AG Stahlhandel;Fellbach, Württemberg;;;BADEN_WUERTTEMBERG;Kaufmann/-frau - Groß- und Außenhandelsmanagement (Großhandel);1;1;2026-09-20;2026-09-23;2026;ba-jobsuche;;
WiesingerMedia gmbh;Fellbach, Württemberg;70736;Stuttgarter Str.;BADEN_WUERTTEMBERG;Mediengestalter/in Digital und Print - Printmedien;1;1;2026-09-20;2026-09-23;2026;ba-jobsuche;;
WITTENSTEIN SE;Fellbach, Württemberg;;;BADEN_WUERTTEMBERG;Fachkraft - Lagerlogistik;1;1;2026-09-20;2026-09-23;2026;ba-jobsuche;;
XXXL-Zentralverwaltungs- GmbH & Co. KG;Fellbach, Württemberg;70734;Edisonstraße;BADEN_WUERTTEMBERG;Gestalter/in - visuelles Marketing;1;1;2026-09-20;2026-09-22;2026;ba-jobsuche;;
Zahnärztin Haideh Bader;Fellbach, Württemberg;70736;Schulstr.;BADEN_WUERTTEMBERG;Zahnmedizinische/r Fachangestellte/r;1;1;2026-09-20;2026-09-23;2026;ba-jobsuche;;
Zahnarztpraxis Dr. Wolfgarten;Fellbach, Württemberg;70734;Hirschstr.;BADEN_WUERTTEMBERG;Zahnmedizinische/r Fachangestellte/r;1;1;2026-09-20;2026-09-23;2026;ba-jobsuche;;
Alber & Pfindel Steuerberatungsgesellschaft PartGmbB;Filderstadt;70794;;BADEN_WUERTTEMBERG;Steuerfachangestellte/r;1;1;2026-09-20;2026-09-22;2026;ba-jobsuche;;
Alber und Pfindel StbGes. PartGmbB;Filderstadt;70794;Am Fleinsbach;BADEN_WUERTTEMBERG;Steuerfachangestellte/r;1;1;2026-09-20;2026-09-23;2026;ba-jobsuche;;
ALDI SÜD Dienstleistungs- SE & Co. oHG;Filderstadt;70794;;BADEN_WUERTTEMBERG;Verkäufer/in;1;2;2026-09-20;2026-09-23;2026;ba-jobsuche;;
Andre Hausiel;Filderstadt;70794;Raiffeisenstr.;BADEN_WUERTTEMBERG;Metallbauer/in - Konstruktionstechnik;1;1;2026-09-20;2026-09-23;2026;ba-jobsuche;;
AOK Neckar-Fils;Filderstadt;70794;Filderbahnstr.;BADEN_WUERTTEMBERG;Sozialversicherungsfachangestellte/r - allgemeine Krankenversicherung;1;1;2026-09-20;2026-09-23;2026;ba-jobsuche;;
Autohaus Feuerbacher GmbH;Filderstadt;70794;Turnackerstr.;BADEN_WUERTTEMBERG;Kraftfahrzeugmechatroniker/in - Personenkraftwagentechnik;1;1;2026-09-20;2026-09-23;2026;ba-jobsuche;;
AWG;Filderstadt;70794;Karlstr. 38;BADEN_WUERTTEMBERG;Verkäufer/in;1;2;2026-09-20;2026-09-23;2026;ba-jobsuche;;
b & b eventtechnik GmbH;Filderstadt;70794;Mercedesstr.;BADEN_WUERTTEMBERG;Duales Studium (m/w/d) Event-/Medientechnik | Fachkraft - Veranstaltungstechnik | Veranstaltungskaufmann/-frau;3;3;2026-09-20;2026-09-23;2026;ba-jobsuche;;
Bäckerei und Konditorei Treiber GmbH;Filderstadt;70794;Rathausplatz;BADEN_WUERTTEMBERG;Fachverkäufer/in - Lebensmittelhandwerk (Bäckerei);1;1;2026-09-20;2026-09-23;2026;ba-jobsuche;;
Bernhauser Bank eG;Filderstadt;70794;Bernhäuser Hauptstr.;BADEN_WUERTTEMBERG;Bachelor of Arts (B.A.) Fachrichtung BWL-Bank | Bankkaufmann/-frau | Finanzassistent/in (doppelt qualifizierende Ausbildung);3;4;2026-09-20;2026-09-23;2026;ba-jobsuche;;
Dehner Gartencenter GmbH & Co. KG;Filderstadt;70794;;BADEN_WUERTTEMBERG;Kaufmann/-frau - Einzelhandel;1;1;2026-09-20;2026-09-23;2026;ba-jobsuche;;
Diakonie Stetten e.V.;Filderstadt;70794;Griebenäckerstraße 7;BADEN_WUERTTEMBERG;Heilerziehungspflegeassistent/in | Heilerziehungspfleger/in;2;2;2026-09-20;2026-09-23;2026;ba-jobsuche;;
Dirk Rossmann GmbH;Filderstadt;70794;;BADEN_WUERTTEMBERG;Kaufmann/-frau - Einzelhandel;1;1;2026-09-20;2026-09-23;2026;ba-jobsuche;;
dm-drogerie markt GmbH + Co.KG;Filderstadt;70794;Karlstraße 94;BADEN_WUERTTEMBERG;Drogist/in | Duales Studium BWL-Handel (B. A.) 2027 in 70794 Filderstadt;2;4;2026-09-20;2026-09-23;2026;ba-jobsuche;;
DMG MORI Finance GmbH;Filderstadt;70794;Rita-Maiburg-Str.;BADEN_WUERTTEMBERG;Kaufmann/-frau - Büromanagement;1;1;2026-09-20;2026-09-23;2026;ba-jobsuche;;
DTS Deutscher Transport Service GmbH;Filderstadt;70794;;BADEN_WUERTTEMBERG;Kaufmann/-frau - Spedition und Logistikdienstleistung;1;1;2026-09-20;2026-09-23;2026;ba-jobsuche;;
EMO-TRANS GmbH;Filderstadt;70794;Raiffeisenstr.;BADEN_WUERTTEMBERG;Kaufmann/-frau - Spedition und Logistikdienstleistung;1;1;2026-09-20;2026-09-23;2026;ba-jobsuche;;
Ev. Kirchenbezirk Bernhausen;Filderstadt;70794;Talstr.;BADEN_WUERTTEMBERG;Erzieher/in;1;1;2026-09-20;2026-09-23;2026;ba-jobsuche;;
Ev. Landeskirche in Württem- berg - Tagungszentrum Bernhäuser Forst;Filderstadt;70794;Dr.-Manfred-Müller-Str.;BADEN_WUERTTEMBERG;Hauswirtschafter/in;1;1;2026-09-20;2026-09-23;2026;ba-jobsuche;;
Filderklinik gemeinnützige GmbH;Filderstadt;70794;Im Haberschlai;BADEN_WUERTTEMBERG;Primärqualifizierendes Pflegestudium B.Sc.;1;1;2026-09-20;2026-09-23;2026;ba-jobsuche;;
Fildorado GmbH Sport-und Badezentrum;Filderstadt;70794;Mahlestr.;BADEN_WUERTTEMBERG;Fachangestellte/r - Bäderbetriebe;1;2;2026-09-20;2026-09-23;2026;ba-jobsuche;;
Fritz Druck u. Werbung GmbH;Filderstadt;70794;Mühlwiesenstr.;BADEN_WUERTTEMBERG;Schilder- und Lichtreklamehersteller/in;1;2;2026-09-20;2026-09-23;2026;ba-jobsuche;;
Fritz Lutz KG;Filderstadt;70794;;BADEN_WUERTTEMBERG;Kaufmann/-frau - Groß- und Außenhandelsmanagement (Außenhandel);1;1;2026-09-20;2026-09-21;2026;ba-jobsuche;;
GROUP7 AG;Filderstadt;70794;;BADEN_WUERTTEMBERG;Kaufmann/-frau - Spedition und Logistikdienstleistung;1;1;2026-09-20;2026-09-23;2026;ba-jobsuche;;
Heinrich Schmid GmbH & Co. KG;Filderstadt;70794;Echterdinger Straße 57;BADEN_WUERTTEMBERG;Duales Studium zum Bachelor of Arts - BWL Handwerk (m/w/d) | Duales Studium zum Bachelor of Engineering - Bauingenieurwesen (m/w/d) | Duales Studium zum Bachelor of Engineering - Wirtschaftsingenieurwesen Facility Management (m/w/d) | Maler/in und Lackierer/in - Ausbautechnik und Oberflächengestaltung | Maler/in und Lackierer/in - Gestaltung und Instandhaltung | Trockenbaumonteur/in;6;6;2026-09-20;2026-09-23;2026;ba-jobsuche;;
Hugo Reckerth GmbH;Filderstadt;70794;Raiffeisenstr.;BADEN_WUERTTEMBERG;Feinwerkmechaniker/in;1;1;2026-09-20;2026-09-23;2026;ba-jobsuche;;
Jörg Jänchen Steuerberater;Filderstadt;70794;Amselweg;BADEN_WUERTTEMBERG;Kaufmann/-frau - Büromanagement | Steuerfachangestellte/r;2;3;2026-09-20;2026-09-23;2026;ba-jobsuche;;
K3S PartG mbB;Filderstadt;70794;Bonländer Hauptstr.;BADEN_WUERTTEMBERG;Rechtsanwaltsfachangestellte/r;1;1;2026-09-20;2026-09-23;2026;ba-jobsuche;;
Kälte Kurz GmbH;Filderstadt;70794;Griebenäckerstr.;BADEN_WUERTTEMBERG;Mechatroniker/in - Kältetechnik;1;1;2026-09-20;2026-09-23;2026;ba-jobsuche;;
Karl-Schubert-Werkstätten- und Wohngemeinschaften e. V.;Filderstadt;70794;Kurze Str.;BADEN_WUERTTEMBERG;Heilerziehungspfleger/in;1;1;2026-09-20;2026-09-23;2026;ba-jobsuche;;
Karosserie-und Fahrzeugbau Fritz GmbH;Filderstadt;70794;Hofwiesenstr.;BADEN_WUERTTEMBERG;Fahrzeuglackierer/in | Karosserie- und Fahrzeugbaumechaniker/in - Karosserieinstandhaltungstechnik;2;2;2026-09-20;2026-09-23;2026;ba-jobsuche;;
Keltenhof Frischprodukte GmbH;Filderstadt;70794;Keltenhof;BADEN_WUERTTEMBERG;Duales Studium BWL - Food Management - ab Oktober 2026;1;1;2026-09-20;2026-09-23;2026;ba-jobsuche;;
Klima Becker Full Service GmbH;Filderstadt;70794;Emerlandstraße;BADEN_WUERTTEMBERG;Mechatroniker/in - Kältetechnik;1;1;2026-09-20;2026-09-23;2026;ba-jobsuche;;
Kraft GmbH Stuckateurmeister;Filderstadt;70794;Industriestr.;BADEN_WUERTTEMBERG;Stuckateur/in;1;1;2026-09-20;2026-09-23;2026;ba-jobsuche;;
Leypoldt Steuerberatungsgesellschaft mbH;Filderstadt;70794;Echterdinger Str.;BADEN_WUERTTEMBERG;Steuerfachangestellte/r;1;1;2026-09-20;2026-09-23;2026;ba-jobsuche;;
Lidl Dienstleistung GmbH & Co. KG;Filderstadt;70794;Nürtinger Straße;BADEN_WUERTTEMBERG;Fachwirt/in - Handel (doppelt qualifizierende Ausbildung) | Verkäufer/in;2;4;2026-09-20;2026-09-23;2026;ba-jobsuche;;
Limbächer und Limbächer Handelsgesellschaft mbH;Filderstadt;70794;Echterdinger Str.;BADEN_WUERTTEMBERG;Zweiradmechatroniker/in - Fahrradtechnik;1;1;2026-09-20;2026-09-23;2026;ba-jobsuche;;
McDonald's Deutschland LLC;Filderstadt;70794;Felix-Wankel-Str. 38;BADEN_WUERTTEMBERG;Duales Studium BWL - Food Management | Duales Studium BWL - Handel | Fachkraft - Gastronomie | Fachmann/-frau - Systemgastronomie;4;4;2026-09-20;2026-09-23;2026;ba-jobsuche;;
METALLTECHNIK Schmidt GmbH & Co. KG;Filderstadt;70794;Schulstr.;BADEN_WUERTTEMBERG;Industriekaufmann/-frau;1;1;2026-09-20;2026-09-23;2026;ba-jobsuche;;
Michael Müller Fliesen und Glasbausteine;Filderstadt;70794;Gastäckerstr.;BADEN_WUERTTEMBERG;Fliesen-, Platten- und Mosaikleger/in;1;2;2026-09-20;2026-09-23;2026;ba-jobsuche;;
Mobile Krankenpflege;Filderstadt;70794;Stuttgarter Str.;BADEN_WUERTTEMBERG;Altenpflegehelfer/in | Pflegefachmann/-frau (Ausbildung);2;2;2026-09-20;2026-09-23;2026;ba-jobsuche;;
Müller  Alexandra;Filderstadt;70794;Volmarstr.;BADEN_WUERTTEMBERG;Notarfachangestellte/r;1;1;2026-09-20;2026-09-23;2026;ba-jobsuche;;
Müller & Bleher Filderstadt GmbH & Co. KG;Filderstadt;70794;Raiffeisenstraße 32;BADEN_WUERTTEMBERG;Kaufmann/-frau - Büromanagement | Technische/r Systemplaner/in - Elektrotechnische Systeme;2;2;2026-09-23;2026-09-23;2026;ba-jobsuche;;
Multi Freight Solutions GmbH;Filderstadt;70794;;BADEN_WUERTTEMBERG;Kaufmann/-frau - Spedition und Logistikdienstleistung;1;1;2026-09-20;2026-09-23;2026;ba-jobsuche;;
Murschel Horst GmbH & Co. KG Fliesenfachgeschäft;Filderstadt;70794;Rainäckerstr.;BADEN_WUERTTEMBERG;Fliesen-, Platten- und Mosaikleger/in;1;1;2026-09-20;2026-09-23;2026;ba-jobsuche;;
Netto Marken-Discount Stiftung & Co. KG;Filderstadt;70794;Karlstr. 94;BADEN_WUERTTEMBERG;Kaufmann/-frau - Einzelhandel | Verkäufer/in;2;6;2026-09-20;2026-09-23;2026;ba-jobsuche;;
Paul Wilhelm von Keppler-Stiftung;Filderstadt;70794;Auf der Heid 1;BADEN_WUERTTEMBERG;Pflegefachmann/-frau (Ausbildung);1;1;2026-09-20;2026-09-23;2026;ba-jobsuche;;
Penny-Markt GmbH Verwaltung;Filderstadt;70794;;BADEN_WUERTTEMBERG;Kaufmann/-frau - Einzelhandel | Verkäufer/in;2;2;2026-09-20;2026-09-23;2026;ba-jobsuche;;
Pflege-Bildungszentrum an der Filderklinik e.V.;Filderstadt;70794;Haberschlaiheide;BADEN_WUERTTEMBERG;Pflegefachmann/-frau (Ausbildung);1;1;2026-09-20;2026-09-23;2026;ba-jobsuche;;
Prof. Dr. Joachim Hermann;Filderstadt;70794;Volmarstrasse;BADEN_WUERTTEMBERG;Zahnmedizinische/r Fachangestellte/r;1;1;2026-09-20;2026-09-23;2026;ba-jobsuche;;
REWE Markt GmbH ZwNL Südwest;Filderstadt;70794;;BADEN_WUERTTEMBERG;Fachverkäufer/in - Lebensmittelhandwerk (Fleischerei) | Kaufmann/-frau - Einzelhandel;2;5;2026-09-20;2026-09-23;2026;ba-jobsuche;;
Roland Schöllkopf;Filderstadt;70794;Einwaldweg;BADEN_WUERTTEMBERG;Stuckateur/in;1;1;2026-09-20;2026-09-23;2026;ba-jobsuche;;
Russ Jesinger Automobile SE & Co. KG;Filderstadt;70794;Karl-Benz-Str.;BADEN_WUERTTEMBERG;Kraftfahrzeugmechatroniker/in - Nutzfahrzeugtechnik | Kraftfahrzeugmechatroniker/in - Personenkraftwagentechnik | Kraftfahrzeugmechatroniker/in - System- und Hochvolttechnik;3;6;2026-09-20;2026-09-23;2026;ba-jobsuche;;
Schanbacher GmbH;Filderstadt;70794;Turnackerstraße 62;BADEN_WUERTTEMBERG;Raumausstatter/in;1;1;2026-09-20;2026-09-23;2026;ba-jobsuche;;
Schenk GmbH;Filderstadt;70794;Felix-Wankel-Str.;BADEN_WUERTTEMBERG;Klempner/in;1;1;2026-09-20;2026-09-23;2026;ba-jobsuche;;
smk systeme metall kunststoff gmbh & co. kg;Filderstadt;70794;Am smk-Kreisel;BADEN_WUERTTEMBERG;Mechatroniker/in;1;1;2026-09-20;2026-09-23;2026;ba-jobsuche;;
Stadt Filderstadt Haupt- und Personalamt;Filderstadt;70794;Aicher Str.;BADEN_WUERTTEMBERG;Beamter/Beamtin - Allgemeine Innere Verwaltung (mittlerer nichttechnischer Dienst) | Erzieher/in | Fachangestellte/r - Medien- und Informationsdienste - Bibliothek | Kaufmann/-frau - Büromanagement | Sozialpädagogische/r Assistent/in / Kinderpfleger/in | Straßenwärter/in | Verwaltungsfachangestellte/r - Kommunalverwaltung;7;9;2026-09-20;2026-09-23;2026;ba-jobsuche;;
Streck Transportges. mbH Internationale Spedition;Filderstadt;70794;Jacob-Brodbeck-Str.;BADEN_WUERTTEMBERG;Kaufmann/-frau - Spedition und Logistikdienstleistung;1;1;2026-09-20;2026-09-23;2026;ba-jobsuche;;
Strobel Metallbau GmbH;Filderstadt;70794;Gutenbergstr.;BADEN_WUERTTEMBERG;Metallbauer/in - Konstruktionstechnik;1;2;2026-09-20;2026-09-23;2026;ba-jobsuche;;
WGfS GmbH;Filderstadt;70794;;BADEN_WUERTTEMBERG;Pflegefachmann/-frau (Ausbildung);1;1;2026-09-20;2026-09-21;2026;ba-jobsuche;;
Wilhelm Gerüstbau GmbH;Filderstadt;70794;Hugo-Boss-Str.;BADEN_WUERTTEMBERG;Gerüstbauer/in;1;1;2026-09-20;2026-09-23;2026;ba-jobsuche;;
WM SE;Filderstadt;70794;Rita-Maiburg-Str.;BADEN_WUERTTEMBERG;Fachkraft - Lagerlogistik | Kaufmann/-frau - Groß- und Außenhandelsmanagement (Großhandel);2;4;2026-09-20;2026-09-23;2026;ba-jobsuche;;
Zahnarztpraxis Markus Frank;Filderstadt;70794;Bonländer Hauptstr.;BADEN_WUERTTEMBERG;Zahnmedizinische/r Fachangestellte/r;1;1;2026-09-20;2026-09-23;2026;ba-jobsuche;;
Zentrale-aktiv-markt Manfred Gebauer GmbH;Filderstadt;70794;;BADEN_WUERTTEMBERG;Fachverkäufer/in - Lebensmittelhandwerk (Fleischerei) | Kaufmann/-frau - Einzelhandel | Verkäufer/in;3;8;2026-09-20;2026-09-23;2026;ba-jobsuche;;
Ziegler GmbH;Filderstadt;70794;Weidacher Str.;BADEN_WUERTTEMBERG;Kaufmann/-frau - Spedition und Logistikdienstleistung;1;1;2026-09-20;2026-09-23;2026;ba-jobsuche;;
ALDI SÜD Dienstleistungs- SE & Co. oHG;Freiberg am Neckar;71691;;BADEN_WUERTTEMBERG;Verkäufer/in;1;1;2026-09-20;2026-09-23;2026;ba-jobsuche;;
BayWa AG HR Services;Freiberg am Neckar;71691;Steinheimer Str.;BADEN_WUERTTEMBERG;Fachkraft - Lagerlogistik | Verfahrenstechnologe/-technologin - Mühlen- und Getreidewirtschaft - Agrarlager;2;2;2026-09-20;2026-09-23;2026;ba-jobsuche;;
BBS Automation Stuttgart GmbH;Freiberg am Neckar;71691;Planckstraße;BADEN_WUERTTEMBERG;DHBW Student (m/w/d) Elektrotechnik und Informationstechnik | DHBW Student (m/w/d) Maschinenbau mit der Studienrichtung Konstruktion & Entwicklung | Elektroniker/in - Betriebstechnik | Industriekaufmann/-frau | Industriemechaniker/in | Mechatroniker/in;6;6;2026-09-20;2026-09-23;2026;ba-jobsuche;;
Das Schauwerk GmbH;Freiberg am Neckar;71691;Steinbeisstr.;BADEN_WUERTTEMBERG;Gestalter/in - visuelles Marketing;1;1;2026-09-20;2026-09-23;2026;ba-jobsuche;;
Druckerei Memminger GmbH;Freiberg am Neckar;71691;Benzstr.;BADEN_WUERTTEMBERG;Medientechnologe/-technologin Druck;1;2;2026-09-20;2026-09-23;2026;ba-jobsuche;;
H-W GmbH Holzbau Zimmerei;Freiberg am Neckar;71691;Eichendorffstr.;BADEN_WUERTTEMBERG;Zimmerer/Zimmerin;1;1;2026-09-20;2026-09-23;2026;ba-jobsuche;;
Hörgeräte LANGER GmbH & Co. KG;Freiberg am Neckar;71691;Marktplatz;BADEN_WUERTTEMBERG;Hörakustiker/in;1;1;2026-09-20;2026-09-23;2026;ba-jobsuche;;
Karl Stein und Söhne GmbH & Co. KG;Freiberg am Neckar;71691;Höpfigheimer Str.;BADEN_WUERTTEMBERG;Baugeräteführer/in;1;1;2026-09-20;2026-09-23;2026;ba-jobsuche;;
Leonhard Weiss GmbH & Co. KG;Freiberg am Neckar;71691;;BADEN_WUERTTEMBERG;Leitungsbauer/in - Infrastrukturtechnik | Tiefbaufacharbeiter/in (ohne Angabe des Schwerpunkts);2;2;2026-09-20;2026-09-23;2026;ba-jobsuche;;
Penny-Markt GmbH Verwaltung;Freiberg am Neckar;71691;;BADEN_WUERTTEMBERG;Kaufmann/-frau - Einzelhandel | Verkäufer/in;2;5;2026-09-20;2026-09-23;2026;ba-jobsuche;;
Raff & Grund GmbH Behälter- und Apparatebau;Freiberg am Neckar;71691;Max-Eyth-Str.;BADEN_WUERTTEMBERG;Behälter- und Apparatebauer/in;1;1;2026-09-20;2026-09-23;2026;ba-jobsuche;;
REWE Markt GmbH ZwNL Südwest;Freiberg am Neckar;71691;;BADEN_WUERTTEMBERG;Fachverkäufer/in - Lebensmittelhandwerk (Fleischerei) | Kaufmann/-frau - Einzelhandel;2;2;2026-09-20;2026-09-23;2026;ba-jobsuche;;
Sievers Garten- und Landschaftsbau GmbH & Co. KG;Freiberg am Neckar;71691;Planckstr.;BADEN_WUERTTEMBERG;Gärtner/in - Garten- und Landschaftsbau;1;1;2026-09-20;2026-09-23;2026;ba-jobsuche;;
Penny-Markt GmbH Verwaltung;Freudental, Württemberg;74392;;BADEN_WUERTTEMBERG;Kaufmann/-frau - Einzelhandel | Verkäufer/in;2;3;2026-09-20;2026-09-23;2026;ba-jobsuche;;
Adolf + Eberhard Baur GmbH;Frickenhausen, Württemberg;72636;Liststr.;BADEN_WUERTTEMBERG;Anlagenmechaniker/in - Sanitär-, Heizungs- und Klimatechnik | Kaufmann/-frau - Büromanagement;2;2;2026-09-20;2026-09-23;2026;ba-jobsuche;;
Emil Löffelhardt GmbH & Co. KG;Frickenhausen, Württemberg;72636;Maybachstr.;BADEN_WUERTTEMBERG;Kaufmann/-frau - Groß- und Außenhandelsmanagement (Großhandel);1;1;2026-09-20;2026-09-23;2026;ba-jobsuche;;
Piepenbrock Dienstleistungen GmbH & Co. KG;Frickenhausen, Württemberg;72636;;BADEN_WUERTTEMBERG;Elektroniker/in - Betriebstechnik;1;2;2026-09-20;2026-09-23;2026;ba-jobsuche;;
ALDI SÜD Dienstleistungs- SE & Co. oHG;Gärtringen;71116;;BADEN_WUERTTEMBERG;Verkäufer/in;1;1;2026-09-20;2026-09-23;2026;ba-jobsuche;;
Femos gemeinnützige GmbH;Gärtringen;71116;;BADEN_WUERTTEMBERG;Kaufmann/-frau - Büromanagement | Zweiradmechatroniker/in - Fahrradtechnik;2;2;2026-09-20;2026-09-23;2026;ba-jobsuche;;
MAN Truck & Bus;Gärtringen;71116;;BADEN_WUERTTEMBERG;Kraftfahrzeugmechatroniker/in - Nutzfahrzeugtechnik | Kraftfahrzeugmechatroniker/in - System- und Hochvolttechnik;2;2;2026-09-20;2026-09-23;2026;ba-jobsuche;;
Reinke International GmbH;Gärtringen;71116;Robert-Bosch-Str.;BADEN_WUERTTEMBERG;Kaufmann/-frau - Spedition und Logistikdienstleistung;1;1;2026-09-20;2026-09-23;2026;ba-jobsuche;;
Schmid die Malerwerkstätte GmbH;Gärtringen;71116;Daimlerstr.;BADEN_WUERTTEMBERG;Maler/in und Lackierer/in - Gestaltung und Instandhaltung;1;1;2026-09-20;2026-09-23;2026;ba-jobsuche;;
Zweygart Fachhandelsgruppe GmbH & Co. KG;Gärtringen;71116;Erich-Kiefer-Str.;BADEN_WUERTTEMBERG;Kaufmann/-frau - Digitalisierungsmanagement | Kaufmann/-frau - Groß- und Außenhandelsmanagement (Großhandel);2;2;2026-09-20;2026-09-23;2026;ba-jobsuche;;
ALDI SÜD Dienstleistungs- SE & Co. oHG;Gemmrigheim;74376;;BADEN_WUERTTEMBERG;Verkäufer/in;1;1;2026-09-20;2026-09-23;2026;ba-jobsuche;;
dm-drogerie markt GmbH + Co.KG;Gemmrigheim;74376;Papierfabrikstraße 1;BADEN_WUERTTEMBERG;Drogist/in;1;1;2026-09-20;2026-09-23;2026;ba-jobsuche;;
Helpona Pflege GmbH;Gemmrigheim;74376;Untere Schubertstr.;BADEN_WUERTTEMBERG;Pflegefachmann/-frau (Ausbildung);1;1;2026-09-20;2026-09-23;2026;ba-jobsuche;;
Landmetzgerei Setzer GmbH;Gemmrigheim;74376;Hauptstraße;BADEN_WUERTTEMBERG;Fachverkäufer/in - Lebensmittelhandwerk (Fleischerei);1;1;2026-09-20;2026-09-23;2026;ba-jobsuche;;
Robert Braun RaumSysteme GmbH;Gemmrigheim;74376;Zachersweg;BADEN_WUERTTEMBERG;Fachkraft - Metalltechnik - Konstruktionstechnik | Kaufmann/-frau - Büromanagement | Technische/r Systemplaner/in - Stahl- und Metallbautechnik;3;5;2026-09-20;2026-09-23;2026;ba-jobsuche;;
Aupperle GmbH Metalldrückerei;Gerlingen, Württemberg;70839;Siemensstr.;BADEN_WUERTTEMBERG;Metallbildner/in - Metalldrücktechnik;1;2;2026-09-20;2026-09-23;2026;ba-jobsuche;;
Endress + Hauser Conducta GmbH & Co KG;Gerlingen, Württemberg;70839;;BADEN_WUERTTEMBERG;Duales Studium Wirtschaftsinformatik - Application Management 2027 (w/m/d) | Industriemechaniker/in | Mechatroniker/in;3;3;2026-09-20;2026-09-23;2026;ba-jobsuche;;
Fitness für Gerlingen GmbH;Gerlingen, Württemberg;70839;Dieselstr.;BADEN_WUERTTEMBERG;Bachelor of Arts - Sportmanagement (Fitnessmanagement);1;1;2026-09-20;2026-09-23;2026;ba-jobsuche;;
Heck Spedition GmbH;Gerlingen, Württemberg;70839;Carl-Zeiss-Str.;BADEN_WUERTTEMBERG;Kaufmann/-frau - Spedition und Logistikdienstleistung;1;1;2026-09-20;2026-09-23;2026;ba-jobsuche;;
Hospitality & Service Hotelbetriebs GmbH;Gerlingen, Württemberg;70839;Dieselstr.;BADEN_WUERTTEMBERG;Fachmann/-frau - Restaurants und Veranstaltungsgastronomie | Hotelfachmann/-frau;2;2;2026-09-22;2026-09-23;2026;ba-jobsuche;;
INJOY International Sports- an d Wellnessclubs;Gerlingen, Württemberg;70839;Dieselstr. 2;BADEN_WUERTTEMBERG;Bachelor of Arts - Sportmanagement (Fitnessmanagement) | Sport- und Fitnesskaufmann/-frau;2;2;2026-09-20;2026-09-23;2026;ba-jobsuche;;
Kaufland;Gerlingen, Württemberg;70839;;BADEN_WUERTTEMBERG;Verkäufer/in;1;2;2026-09-20;2026-09-23;2026;ba-jobsuche;;
Kaufland Dienstleistung GmbH & Co. KG;Gerlingen, Württemberg;70839;Weilimdorfer Straße 93+95;BADEN_WUERTTEMBERG;Verkäufer/in;1;2;2026-09-20;2026-09-23;2026;ba-jobsuche;;
KiK Textilien und Non-Food GmbH;Gerlingen, Württemberg;70839;Kirchstraße 3;BADEN_WUERTTEMBERG;Fachwirt/in - Handel (doppelt qualifizierende Ausbildung);1;1;2026-09-20;2026-09-23;2026;ba-jobsuche;;
Last Point Solutions GmbH;Gerlingen, Württemberg;70839;Aischbach;BADEN_WUERTTEMBERG;Kaufmann/-frau - Büromanagement;1;1;2026-09-20;2026-09-23;2026;ba-jobsuche;;
Lidl Dienstleistung GmbH & Co. KG;Gerlingen, Württemberg;70839;Weilimdorfer Str.;BADEN_WUERTTEMBERG;Fachwirt/in - Handel (doppelt qualifizierende Ausbildung) | Verkäufer/in;2;2;2026-09-20;2026-09-23;2026;ba-jobsuche;;
Loftstyle GmbH Gerlingen;Gerlingen, Württemberg;70839;Dieselstr.;BADEN_WUERTTEMBERG;Hotelfachmann/-frau;1;1;2026-09-20;2026-09-23;2026;ba-jobsuche;;
Mingram Stukkateur Betriebs-GmbH;Gerlingen, Württemberg;70839;Dengelwiesenstr.;BADEN_WUERTTEMBERG;Stuckateur/in;1;1;2026-09-20;2026-09-23;2026;ba-jobsuche;;
Modellbau Kurz GmbH & Co. KG;Gerlingen, Württemberg;70839;Ringstr.;BADEN_WUERTTEMBERG;Technische/r Modellbauer/in - Karosserie und Produktion;1;1;2026-09-20;2026-09-23;2026;ba-jobsuche;;
POINT-Sports.Wellness.Club JA Sport GmbH;Gerlingen, Württemberg;70839;Dieselstr.;BADEN_WUERTTEMBERG;Duales Studium Bachelor of Arts in Fitnessökonomie - Azubi 2026 | Kaufmann/-frau - Büromanagement | Sport- und Fitnesskaufmann/-frau;3;3;2026-09-20;2026-09-23;2026;ba-jobsuche;;
SANITAETSHAUS GLOTZ GMBH;Gerlingen, Württemberg;70839;Dieselstr.;BADEN_WUERTTEMBERG;Kaufmann/-frau - Einzelhandel;1;3;2026-09-20;2026-09-23;2026;ba-jobsuche;;
toom Baumarkt GmbH;Gerlingen, Württemberg;70839;;BADEN_WUERTTEMBERG;Kaufmann/-frau - Einzelhandel;1;1;2026-09-20;2026-09-23;2026;ba-jobsuche;;
Abele, Ralph;Göppingen;73035;Badstr.;BADEN_WUERTTEMBERG;Stuckateur/in | Trockenbaumonteur/in;2;4;2026-09-20;2026-09-23;2026;ba-jobsuche;;
Action Deutschland GmbH;Göppingen;73033;Bleichstrasse;BADEN_WUERTTEMBERG;Kaufmann/-frau - Einzelhandel | Verkäufer/in;2;2;2026-09-20;2026-09-23;2026;ba-jobsuche;;
Adelmann Steuerberatungsgesellschaft mbH;Göppingen;73035;Autenbachstr.;BADEN_WUERTTEMBERG;Steuerfachangestellte/r;1;2;2026-09-20;2026-09-23;2026;ba-jobsuche;;
Adolf Finck GmbH;Göppingen;73033;Marktstr.;BADEN_WUERTTEMBERG;Kaufmann/-frau - Einzelhandel;1;1;2026-09-20;2026-09-23;2026;ba-jobsuche;;
aktiv-markt M. Gebauer GmbH;Göppingen;73033;;BADEN_WUERTTEMBERG;Kaufmann/-frau - Einzelhandel;1;1;2026-09-20;2026-09-21;2026;ba-jobsuche;;
Alb Fils Klinikum GmbH;Göppingen;73035;Eichertstr.;BADEN_WUERTTEMBERG;Gesundheits- und Krankenpflegehelfer/in | Pflegefachmann/-frau (Ausbildung);2;3;2026-09-20;2026-09-23;2026;ba-jobsuche;;
ALDI SÜD Dienstleistungs- SE & Co. oHG;Göppingen;73033;;BADEN_WUERTTEMBERG;Verkäufer/in;1;2;2026-09-20;2026-09-23;2026;ba-jobsuche;;
Andritz Schuler Pressen GmbH;Göppingen;73033;;BADEN_WUERTTEMBERG;Mechatroniker/in;1;1;2026-09-20;2026-09-23;2026;ba-jobsuche;;
AOK Neckar-Fils;Göppingen;;;BADEN_WUERTTEMBERG;Sozialversicherungsfachangestellte/r - allgemeine Krankenversicherung;1;1;2026-09-20;2026-09-23;2026;ba-jobsuche;;
August Mink GmbH & Co. KG;Göppingen;73035;Wilhelm-Zwick-Str.;BADEN_WUERTTEMBERG;DHBW-Studium Wirtschaftsingenieurwesen (m/w/d) für Beginn 2027 | Industriekaufmann/-frau | Industriemechaniker/in;3;3;2026-09-20;2026-09-23;2026;ba-jobsuche;;
Auto Bebion Magstadt G;Göppingen;73037;Esslinger Str.;BADEN_WUERTTEMBERG;Automobilkaufmann/-frau | Kraftfahrzeugmechatroniker/in - Personenkraftwagentechnik;2;2;2026-09-20;2026-09-23;2026;ba-jobsuche;;
Autohaus Staiger GmbH;Göppingen;73033;Stuttgarter Str.;BADEN_WUERTTEMBERG;Automobilkaufmann/-frau | Kraftfahrzeugmechatroniker/in - Personenkraftwagentechnik;2;2;2026-09-20;2026-09-23;2026;ba-jobsuche;;
BabyOne Göppingen GmbH;Göppingen;73037;Am Autohof;BADEN_WUERTTEMBERG;Kaufmann/-frau - Einzelhandel;1;2;2026-09-20;2026-09-23;2026;ba-jobsuche;;
Bässler Holz- und Fensterbau GmbH;Göppingen;73037;Steinstr.;BADEN_WUERTTEMBERG;Zimmerer/Zimmerin;1;2;2026-09-20;2026-09-23;2026;ba-jobsuche;;
Bäuchle Dentaltechnik Ralph Bäuchle;Göppingen;73037;Sandweg;BADEN_WUERTTEMBERG;Zahntechniker/in;1;1;2026-09-20;2026-09-23;2026;ba-jobsuche;;
BAUER Elektroanlagen;Göppingen;73037;;BADEN_WUERTTEMBERG;Elektroniker/in - Betriebstechnik | Elektroniker/in - Energie- und Gebäudetechnik | Kaufmann/-frau - Büromanagement | Technische/r Systemplaner/in - Elektrotechnische Systeme;4;4;2026-09-20;2026-09-23;2026;ba-jobsuche;;
Blumen Mendrok, Inh. Blumen-Berner e.K.;Göppingen;73033;Hohenstaufenstr.;BADEN_WUERTTEMBERG;Florist/in;1;1;2026-09-20;2026-09-23;2026;ba-jobsuche;;
Bundesagentur für Arbeit;Göppingen;;;BADEN_WUERTTEMBERG;Duales Studium (B.A.) – Studiengang Arbeitsmarktmanagement o. Beratung für Bildung, Beruf und Beschä | Fachangestellte/r - Arbeitsmarktdienstleistungen;2;2;2026-09-20;2026-09-23;2026;ba-jobsuche;;
Carl Zendel GmbH Flaschnerei;Göppingen;73033;Poststr.;BADEN_WUERTTEMBERG;Anlagenmechaniker/in - Sanitär-, Heizungs- und Klimatechnik;1;1;2026-09-20;2026-09-23;2026;ba-jobsuche;;
Christophsbad GmbH & Co. Fachk rankenhaus KG;Göppingen;73035;Faurndauer Str.;BADEN_WUERTTEMBERG;Angehende Pflegefachperson (m/w/d) im Studiengang Pflege | Pflegefachmann/-frau (Ausbildung);2;2;2026-09-20;2026-09-23;2026;ba-jobsuche;;
Christophsheim GmbH Betreuung und Pflege;Göppingen;73035;Faurndauer Str.;BADEN_WUERTTEMBERG;Altenpflegehelfer/in | Pflegefachmann/-frau (Ausbildung);2;4;2026-09-20;2026-09-23;2026;ba-jobsuche;;
Debeka Kranken- und Lebensversicherungsverein a.G.;Göppingen;73033;Schützenstr.;BADEN_WUERTTEMBERG;Kaufmann/-frau - Versicherungen und Finanzanlagen;1;1;2026-09-20;2026-09-23;2026;ba-jobsuche;;
Dehner Gartencenter GmbH & Co. KG;Göppingen;73037;Heiningerstr.;BADEN_WUERTTEMBERG;Kaufmann/-frau - Einzelhandel;1;2;2026-09-20;2026-09-23;2026;ba-jobsuche;;
Dentaltraub GmbH Zahnärztliche Prothetik;Göppingen;73035;Autenbachstr.;BADEN_WUERTTEMBERG;Zahntechniker/in;1;1;2026-09-20;2026-09-23;2026;ba-jobsuche;;
Deutsche Bank AG;Göppingen;73033;;BADEN_WUERTTEMBERG;Bankkaufmann/-frau;1;1;2026-09-20;2026-09-23;2026;ba-jobsuche;;
Deutsche Post DHL;Göppingen;73033;;BADEN_WUERTTEMBERG;Fachkraft - Kurier-, Express- und Postdienstleistungen;1;1;2026-09-20;2026-09-23;2026;ba-jobsuche;;
Deutsche Telekom AG;Göppingen;73035;;BADEN_WUERTTEMBERG;IT-System-Elektroniker/in;1;1;2026-09-20;2026-09-23;2026;ba-jobsuche;;
Dieter Schurr Schreinerei;Göppingen;73037;Beurengasse;BADEN_WUERTTEMBERG;Tischler/in;1;1;2026-09-20;2026-09-23;2026;ba-jobsuche;;
dm-drogerie markt GmbH + Co.KG;Göppingen;73033;Apostelhof 10;BADEN_WUERTTEMBERG;Drogist/in;1;1;2026-09-20;2026-09-23;2026;ba-jobsuche;;
Dr. Feil & Partner Steuerberatungsgesellschaft;Göppingen;73033;Davidstr.;BADEN_WUERTTEMBERG;Steuerfachangestellte/r;1;1;2026-09-20;2026-09-23;2026;ba-jobsuche;;
Dr. med. dent. H. Frey Zahnarzt;Göppingen;73035;Herdweg;BADEN_WUERTTEMBERG;Zahnmedizinische/r Fachangestellte/r;1;1;2026-09-20;2026-09-23;2026;ba-jobsuche;;
Dr. med. dent. Leonie Rogler-Wahl;Göppingen;73033;Kantstr.;BADEN_WUERTTEMBERG;Zahnmedizinische/r Fachangestellte/r;1;1;2026-09-20;2026-09-23;2026;ba-jobsuche;;
Dr.med.dent. Kerstin Spranger-Biermaier;Göppingen;73033;Öchslinstr.;BADEN_WUERTTEMBERG;Zahnmedizinische/r Fachangestellte/r;1;1;2026-09-20;2026-09-23;2026;ba-jobsuche;;
Dr.med.dent. Steffen Birk Dr.med.dent. Jochen Fink Zahnarztpraxis;Göppingen;73033;Oberhofenstr.;BADEN_WUERTTEMBERG;Zahnmedizinische/r Fachangestellte/r;1;1;2026-09-20;2026-09-23;2026;ba-jobsuche;;
Dres. Hänssler/Winterer & Kollegen;Göppingen;73033;Wolfstr.;BADEN_WUERTTEMBERG;Zahnmedizinische/r Fachangestellte/r;1;1;2026-09-20;2026-09-23;2026;ba-jobsuche;;
Driver Reifen und KFZ-Technik GmbH;Göppingen;73037;Siemensstr.;BADEN_WUERTTEMBERG;Kraftfahrzeugmechatroniker/in - Personenkraftwagentechnik;1;1;2026-09-20;2026-09-23;2026;ba-jobsuche;;
DRK-Verbund Nürtingen-Kirchheim/Teck gGmbH;Göppingen;73035;Eichertstraße;BADEN_WUERTTEMBERG;Notfallsanitäter/in;1;2;2026-09-20;2026-09-23;2026;ba-jobsuche;;
Drs.med. S.Heim + H.-J.Thiel + M. Kimpel + D. Göttmann Radiologie Filstal;Göppingen;73033;Kellereistr.;BADEN_WUERTTEMBERG;Medizinische/r Fachangestellte/r;1;1;2026-09-20;2026-09-23;2026;ba-jobsuche;;
EB-Bau GmbH & Co. KG;Göppingen;73037;Daimlerstr.;BADEN_WUERTTEMBERG;Bauwerksmechaniker/in für Abbruch und Betontrenntechnik;1;2;2026-09-20;2026-09-23;2026;ba-jobsuche;;
EDEKA Südwest Stiftung & Co. KG;Göppingen;73033;Apostelhof 1;BADEN_WUERTTEMBERG;Fachwirt/in - Handel (doppelt qualifizierende Ausbildung) | Kaufmann/-frau - Einzelhandel | Verkäufer/in;3;6;2026-09-20;2026-09-23;2026;ba-jobsuche;;
Edelstahl-Mechanik GmbH;Göppingen;73037;Bannholzstr.;BADEN_WUERTTEMBERG;Industriekaufmann/-frau | Konstruktionsmechaniker/in | Zerspanungsmechaniker/in;3;3;2026-09-20;2026-09-23;2026;ba-jobsuche;;
EEW Energy from Waste GmbH;Göppingen;73037;Iltishofweg;BADEN_WUERTTEMBERG;Fachkraft - Lagerlogistik;1;1;2026-09-20;2026-09-23;2026;ba-jobsuche;;
Ehni  Wagner und Partner;Göppingen;73033;Friedrichstr.;BADEN_WUERTTEMBERG;Steuerfachangestellte/r;1;1;2026-09-20;2026-09-23;2026;ba-jobsuche;;
ERGO Group AG;Göppingen;73037;;BADEN_WUERTTEMBERG;Kaufmann/-frau - Versicherungen und Finanzanlagen;1;2;2026-09-20;2026-09-23;2026;ba-jobsuche;;
Fenster- und Türenbau Gerhard Spindler;Göppingen;73037;August-Fröhlich-Str.;BADEN_WUERTTEMBERG;Glaser/in - Fenster- und Glasfassadenbau;1;1;2026-09-20;2026-09-23;2026;ba-jobsuche;;
Ferdinand Scheurer GmbH;Göppingen;73035;Hagwiesen;BADEN_WUERTTEMBERG;Land- und Baumaschinenmechatroniker/in;1;1;2026-09-20;2026-09-23;2026;ba-jobsuche;;
Fielmann AG;Göppingen;73033;;BADEN_WUERTTEMBERG;Augenoptiker/in;1;1;2026-09-20;2026-09-23;2026;ba-jobsuche;;
Filstalpflege GmbH;Göppingen;73033;Nördliche Ringstr.;BADEN_WUERTTEMBERG;Pflegefachmann/-frau (Ausbildung);1;1;2026-09-20;2026-09-23;2026;ba-jobsuche;;
Fr. Schiettinger KG;Göppingen;73033;Wilhelmstr.;BADEN_WUERTTEMBERG;Industriekaufmann/-frau | Packmitteltechnologe/-technologin;2;2;2026-09-20;2026-09-23;2026;ba-jobsuche;;
Friseurkunst Hamide Kalin Hamide Kalin;Göppingen;73033;Spitalstr.;BADEN_WUERTTEMBERG;Friseur/in;1;2;2026-09-20;2026-09-23;2026;ba-jobsuche;;
Gebr. Märklin & Cie. GmbH;Göppingen;73033;Stuttgarter Str.;BADEN_WUERTTEMBERG;Industriemechaniker/in;1;1;2026-09-20;2026-09-23;2026;ba-jobsuche;;
GEERS (Sonova Retail Deutschland GmbH);Göppingen;73033;Marktstraße 28;BADEN_WUERTTEMBERG;Hörakustiker/in;1;1;2026-09-20;2026-09-23;2026;ba-jobsuche;;
GELITA AG;Göppingen;73033;Großeislinger Str.;BADEN_WUERTTEMBERG;Maschinen- und Anlagenführer/in (ohne Angabe des Schwerpunkts);1;1;2026-09-20;2026-09-21;2026;ba-jobsuche;;
Gracza Kanzlei am Forum;Göppingen;73033;Marktstr.;BADEN_WUERTTEMBERG;Rechtsanwaltsfachangestellte/r;1;2;2026-09-20;2026-09-23;2026;ba-jobsuche;;
Häfele Haustechnik GmbH;Göppingen;73037;Manfred-Wörner-Str.;BADEN_WUERTTEMBERG;Anlagenmechaniker/in - Sanitär-, Heizungs- und Klimatechnik;1;1;2026-09-20;2026-09-23;2026;ba-jobsuche;;
Hahn Automobile GmbH + Co. KG;Göppingen;73037;;BADEN_WUERTTEMBERG;Kraftfahrzeugmechatroniker/in - Personenkraftwagentechnik;1;1;2026-09-20;2026-09-23;2026;ba-jobsuche;;
HÄNSSLER GmbH Lack und Karosserie Wolfgang Rinas;Göppingen;73037;Karl-Schurz-Str.;BADEN_WUERTTEMBERG;Fahrzeuglackierer/in | Karosserie- und Fahrzeugbaumechaniker/in - Karosserieinstandhaltungstechnik;2;2;2026-09-20;2026-09-23;2026;ba-jobsuche;;
Härterei Technotherm GmbH & Co. KG;Göppingen;73037;Zillenhardtstr.;BADEN_WUERTTEMBERG;Maschinen- und Anlagenführer/in (ohne Angabe des Schwerpunkts);1;1;2026-09-20;2026-09-23;2026;ba-jobsuche;;
Heinrich Schmid GmbH & Co. KG;Göppingen;73037;Manfred-Wörner-Str. 103;BADEN_WUERTTEMBERG;Duales Studium zum Bachelor of Arts - BWL Handwerk (m/w/d) | Duales Studium zum Bachelor of Engineering - Bauingenieurwesen (m/w/d) | Duales Studium zum Bachelor of Engineering - Wirtschaftsingenieurwesen Facility Management (m/w/d) | Maler/in und Lackierer/in - Ausbautechnik und Oberflächengestaltung | Maler/in und Lackierer/in - Gestaltung und Instandhaltung | Trockenbaumonteur/in;6;6;2026-09-20;2026-09-23;2026;ba-jobsuche;;
Hilmar Bauer Steine GmbH;Göppingen;73035;Lerchenberger Str.;BADEN_WUERTTEMBERG;Steinmetz/in und Steinbildhauer/in - Steinmetzarbeiten;1;1;2026-09-20;2026-09-23;2026;ba-jobsuche;;
Hinderer + Mühlich GmbH & Co. KG;Göppingen;73037;Heilbronner Str.;BADEN_WUERTTEMBERG;Industriekaufmann/-frau | Zerspanungsmechaniker/in;2;2;2026-09-20;2026-09-23;2026;ba-jobsuche;;
Hinterschweiger GmbH;Göppingen;73037;Heilbronner Str.;BADEN_WUERTTEMBERG;Stuckateur/in;1;2;2026-09-20;2026-09-23;2026;ba-jobsuche;;
"Höppel GmbH ""DIE IDEE"" LEBEN WOHNEN SCHENKEN KLEIDEN";Göppingen;73033;Lange Str.;BADEN_WUERTTEMBERG;Kaufmann/-frau - Einzelhandel;1;2;2026-09-20;2026-09-23;2026;ba-jobsuche;;
Hörgeräte LANGER GmbH & Co. KG;Göppingen;73033;Poststraße;BADEN_WUERTTEMBERG;Hörakustiker/in;1;1;2026-09-20;2026-09-23;2026;ba-jobsuche;;
HORNBACH Baumarkt AG Zentralverwaltung;Göppingen;73037;Ulmer Straße;BADEN_WUERTTEMBERG;Fachlagerist/in | Kaufmann/-frau - Einzelhandel | Verkäufer/in;3;3;2026-09-20;2026-09-23;2026;ba-jobsuche;;
Hotel Hohenstaufen KG;Göppingen;73033;Freihofstr.;BADEN_WUERTTEMBERG;Fachmann/-frau - Restaurants und Veranstaltungsgastronomie | Hotelfachmann/-frau | Koch/Köchin;3;6;2026-09-20;2026-09-23;2026;ba-jobsuche;;
IKK classic;Göppingen;;;BADEN_WUERTTEMBERG;Sozialversicherungsfachangestellte/r - allgemeine Krankenversicherung;1;1;2026-09-20;2026-09-23;2026;ba-jobsuche;;
Johannes M. Jeutter Garten- und Landschaftsbau;Göppingen;73035;Schinderhalde;BADEN_WUERTTEMBERG;Gärtner/in - Garten- und Landschaftsbau;1;1;2026-09-20;2026-09-23;2026;ba-jobsuche;;
Johanniter-Unfall-Hilfe e.V. Landesverband Baden-Württemberg;Göppingen;73035;Im Pfingstwasen;BADEN_WUERTTEMBERG;Kaufmann/-frau - Büromanagement;1;1;2026-09-20;2026-09-23;2026;ba-jobsuche;;
Julia Tassou Restaurant am Golfpark;Göppingen;73037;Fraunhoferstr.;BADEN_WUERTTEMBERG;Fachmann/-frau - Restaurants und Veranstaltungsgastronomie;1;1;2026-09-20;2026-09-23;2026;ba-jobsuche;;
KLEEMANN GmbH;Göppingen;73037;Manfred-Wörner-Str.;BADEN_WUERTTEMBERG;Duales Studium Embedded Systems | Duales Studium Wirtschaftsingenieurwesen | Elektroniker/in - Automatisierungstechnik | Fachkraft - Metalltechnik - Montagetechnik | Industrieelektriker/in - Betriebstechnik | Industriekaufmann/-frau | Industriemechaniker/in | Mechatroniker/in;8;11;2026-09-20;2026-09-23;2026;ba-jobsuche;;
Konsumgenossenschaft Göppingen eG - STAUFERS;Göppingen;73033;Stuttgarter Str.;BADEN_WUERTTEMBERG;Fachverkäufer/in - Lebensmittelhandwerk (Fleischerei) | Fachwirt/in - Handel (doppelt qualifizierende Ausbildung) | Kaufmann/-frau - Einzelhandel | Verkäufer/in;4;5;2026-09-20;2026-09-23;2026;ba-jobsuche;;
L. Wackler Wwe. Nachf. GmbH;Göppingen;73037;;BADEN_WUERTTEMBERG;Berufskraftfahrer/in | Fachkraft - Lagerlogistik | Kaufmann/-frau - Spedition und Logistikdienstleistung | Kraftfahrzeugmechatroniker/in - Nutzfahrzeugtechnik;4;4;2026-09-20;2026-09-23;2026;ba-jobsuche;;
Lambert GmbH Mobile Verkaufssysteme;Göppingen;73037;Heininger Str.;BADEN_WUERTTEMBERG;Fachkraft - Lagerlogistik | Industriekaufmann/-frau | Kaufmann/-frau - IT-System-Management;3;3;2026-09-20;2026-09-23;2026;ba-jobsuche;;
Landratsamt Göppingen;Göppingen;73033;Lorcher Str.;BADEN_WUERTTEMBERG;Bachelor of Arts in Sozialer Arbeit - Menschen in existenziellen Notlagen / Asyl (m/w/d) | Bachelor of Arts in Sozialer Arbeit - Menschen in existenziellen Notlagen / Jobcenter (m/w/d) | Bachelor of Arts Soziale Arbeit-Menschen in existenziellen Notlagen/Forensische Soziale Arbeit m/w/d | Duales Studium - Bachelor of Arts in Sozialer Arbeit - Kinder- und Jugendarbeit (m/w/d) | Verwaltungsfachangestellte/r - Kommunalverwaltung | Verwaltungswirt/in (Ausbildung im Beschäftigungsverhältnis);6;6;2026-09-20;2026-09-23;2026;ba-jobsuche;;
Leonhard Weiss GmbH & Co. KG;Göppingen;73037;Leonhard-Weiss-Str.;BADEN_WUERTTEMBERG;Baugeräteführer/in | Elektroniker/in - Betriebstechnik | Elektroniker/in - Energie- und Gebäudetechnik | Fachkraft - Lagerlogistik | Informationselektroniker/in | Land- und Baumaschinenmechatroniker/in | Metallbauer/in - Konstruktionstechnik;7;8;2026-09-20;2026-09-23;2026;ba-jobsuche;;
LGG Steuerberatung GmbH;Göppingen;73033;Pfarrstraße;BADEN_WUERTTEMBERG;Steuerfachangestellte/r;1;1;2026-09-20;2026-09-23;2026;ba-jobsuche;;
Lidl Dienstleistung GmbH & Co. KG;Göppingen;73035;Stuttgarter Str.;BADEN_WUERTTEMBERG;Fachwirt/in - Handel (doppelt qualifizierende Ausbildung) | Verkäufer/in;2;4;2026-09-20;2026-09-23;2026;ba-jobsuche;;
Lo Destro GmbH;Göppingen;73033;Bahnhofstr. 63;BADEN_WUERTTEMBERG;Kraftfahrzeugmechatroniker/in - Personenkraftwagentechnik;1;1;2026-09-20;2026-09-23;2026;ba-jobsuche;;
Lösch Reha & Care GmbH;Göppingen;73037;Ottostr.;BADEN_WUERTTEMBERG;Kaufmann/-frau - E-Commerce;1;1;2026-09-20;2026-09-23;2026;ba-jobsuche;;
M. K. Computer Electronic GmbH;Göppingen;73037;Heilbronner Str.;BADEN_WUERTTEMBERG;Fachkraft - Lagerlogistik;1;1;2026-09-20;2026-09-23;2026;ba-jobsuche;;
MAN Truck & Bus;Göppingen;73033;;BADEN_WUERTTEMBERG;Fachkraft - Lagerlogistik | Kraftfahrzeugmechatroniker/in - Nutzfahrzeugtechnik;2;2;2026-09-20;2026-09-23;2026;ba-jobsuche;;
mars solutions GmbH;Göppingen;73037;Heinrich-Landerer-Str. 72;BADEN_WUERTTEMBERG;Kaufmann/-frau - IT-System-Management;1;1;2026-09-20;2026-09-23;2026;ba-jobsuche;;
Matthias Habla Rechtsanwalt;Göppingen;73033;Schillerstr.;BADEN_WUERTTEMBERG;Rechtsanwaltsfachangestellte/r;1;1;2026-09-20;2026-09-23;2026;ba-jobsuche;;
MayerS Bäckerei-Konditorei GmbH & Co. KG;Göppingen;73033;Hauptstr. 44;BADEN_WUERTTEMBERG;Fachverkäufer/in - Lebensmittelhandwerk (Bäckerei);1;3;2026-09-20;2026-09-23;2026;ba-jobsuche;;
Meine Lieblingsfarbe Kör e.Kfr. Magdalena Kör;Göppingen;73037;Jahnstr.;BADEN_WUERTTEMBERG;Maler/in und Lackierer/in - Gestaltung und Instandhaltung;1;2;2026-09-20;2026-09-23;2026;ba-jobsuche;;
Metzmeier GmbH;Göppingen;73033;Marktstr.;BADEN_WUERTTEMBERG;Kaufmann/-frau - Einzelhandel;1;1;2026-09-20;2026-09-23;2026;ba-jobsuche;;
Michael Horn;Göppingen;73035;Hirschstr.;BADEN_WUERTTEMBERG;Kaufmann/-frau - Versicherungen und Finanzanlagen;1;1;2026-09-20;2026-09-23;2026;ba-jobsuche;;
Michael Wörner MW Immobilien;Göppingen;73037;Steinbeisstr.;BADEN_WUERTTEMBERG;Immobilienkaufmann/-frau | Werkstudent / Praxissemester Immobilien (m/w/d) 2027–Immobilienverkauf & Vermietung -Göppingen;2;2;2026-09-20;2026-09-23;2026;ba-jobsuche;;
Moebel Rieger GmbH & Co. KG;Göppingen;73037;Heininger Straße;BADEN_WUERTTEMBERG;Fachkraft - Möbel-, Küchen- und Umzugsservice | Kaufmann/-frau - Einzelhandel;2;3;2026-09-20;2026-09-23;2026;ba-jobsuche;;
Mohr Solutions Ingenieure GmbH;Göppingen;73037;Esslinger Str.;BADEN_WUERTTEMBERG;Technische/r Systemplaner/in - Versorgungs- und Ausrüstungstechnik;1;1;2026-09-22;2026-09-23;2026;ba-jobsuche;;
Müller & Sohn GmbH Fensterbau;Göppingen;73037;Daimlerstr.;BADEN_WUERTTEMBERG;Glaser/in - Fenster- und Glasfassadenbau;1;2;2026-09-20;2026-09-23;2026;ba-jobsuche;;
Müller Holding GmbH & Co. KG;Göppingen;73033;Schulstr. 9;BADEN_WUERTTEMBERG;Drogist/in | Duales Studium BWL Handelsmanagement - Schwerpunkt Filiale (m/w/d) | Fachwirt/in - Handel (doppelt qualifizierende Ausbildung) | Kaufmann/-frau - Einzelhandel;4;4;2026-09-20;2026-09-23;2026;ba-jobsuche;;
Nanz medico ZAR -Göppingen;Göppingen;73033;;BADEN_WUERTTEMBERG;Duales Studium (B.A.) Gesundheitsmanagement (m/w/d);1;1;2026-09-20;2026-09-23;2026;ba-jobsuche;;
Nehr + Saurer GmbH Eisengießerei;Göppingen;73037;Ottostr.;BADEN_WUERTTEMBERG;Fachkraft - Lagerlogistik | Gießereimechaniker/in;2;4;2026-09-20;2026-09-23;2026;ba-jobsuche;;
NIC Systemhaus GmbH;Göppingen;73033;Stuttgarter Str.;BADEN_WUERTTEMBERG;Fachinformatiker/in - Systemintegration | Kaufmann/-frau - IT-System-Management;2;2;2026-09-20;2026-09-23;2026;ba-jobsuche;;
Oberfinanzdirektion Baden-Württemberg Land BW;Göppingen;73033;;BADEN_WUERTTEMBERG;Beamter/Beamtin - Steuerverwaltung (mittlerer nichttechnischer Dienst) | DUALES STUDIUM zum 01.03.2027 - Bachelor of Laws (geh. Dienst) | DUALES STUDIUM zum 01.10.2027 - Bachelor of Laws (geh. Dienst);3;3;2026-09-20;2026-09-23;2026;ba-jobsuche;;
OSG GmbH;Göppingen;73037;Karl-Ehmann-Str.;BADEN_WUERTTEMBERG;Zerspanungsmechaniker/in;1;2;2026-09-20;2026-09-23;2026;ba-jobsuche;;
PanTerra Logistics GmbH;Göppingen;73033;Ulrichstr.;BADEN_WUERTTEMBERG;Kaufmann/-frau - Spedition und Logistikdienstleistung;1;1;2026-09-20;2026-09-23;2026;ba-jobsuche;;
Papier-Puschmann GmbH & Co. KG;Göppingen;73033;Marktstraße;BADEN_WUERTTEMBERG;Verkäufer/in;1;1;2026-09-20;2026-09-23;2026;ba-jobsuche;;
POCO Einrichtungsmärkte GmbH;Göppingen;73037;;BADEN_WUERTTEMBERG;Verkäufer/in;1;1;2026-09-20;2026-09-23;2026;ba-jobsuche;;
Prof. Dr. Küfer Dr. J. Müller Dr. A. Pfund GbR;Göppingen;73033;Gartenstr.;BADEN_WUERTTEMBERG;Medizinische/r Fachangestellte/r;1;1;2026-09-20;2026-09-23;2026;ba-jobsuche;;
R+V Allgemeine Versicherung AG;Göppingen;73033;;BADEN_WUERTTEMBERG;Kaufmann/-frau - Versicherungen und Finanzanlagen;1;1;2026-09-20;2026-09-23;2026;ba-jobsuche;;
Rollmann GmbH & Co. KG Schuh & Sport Orthopädieschuhtechnik;Göppingen;73037;Göppinger Str.;BADEN_WUERTTEMBERG;Orthopädieschuhmacher/in;1;1;2026-09-20;2026-09-23;2026;ba-jobsuche;;
Röther Beteiligungs GmbH;Göppingen;73033;;BADEN_WUERTTEMBERG;Verkäufer/in;1;1;2026-09-20;2026-09-23;2026;ba-jobsuche;;
Saxonia-Franke GmbH & Co.KG Befestigungs- und Sicherungselemente;Göppingen;73037;Kuhnbergstr.;BADEN_WUERTTEMBERG;Maschinen- und Anlagenführer/in (ohne Angabe des Schwerpunkts) | Mechatroniker/in | Werkzeugmechaniker/in;3;6;2026-09-20;2026-09-23;2026;ba-jobsuche;;
Schäffer GmbH;Göppingen;73037;Esslinger Str.;BADEN_WUERTTEMBERG;Kraftfahrzeugmechatroniker/in - Personenkraftwagentechnik;1;1;2026-09-20;2026-09-23;2026;ba-jobsuche;;
Schoetz + Partner PartG mbB Wirtschaftsprüfer - Steuerberater - Rechtsanwalt;Göppingen;73033;Friedrich-Ebert-Str.;BADEN_WUERTTEMBERG;Steuerfachangestellte/r;1;1;2026-09-20;2026-09-23;2026;ba-jobsuche;;
Schreier Service GmbH;Göppingen;73035;Wiesenstr.;BADEN_WUERTTEMBERG;Anlagenmechaniker/in - Sanitär-, Heizungs- und Klimatechnik | Elektroniker/in - Energie- und Gebäudetechnik;2;2;2026-09-20;2026-09-23;2026;ba-jobsuche;;
Schuhgarten Bloss GmbH;Göppingen;73033;Hauptstr.;BADEN_WUERTTEMBERG;Kaufmann/-frau - Einzelhandel | Verkäufer/in;2;2;2026-09-20;2026-09-23;2026;ba-jobsuche;;
SE - Elektronic GmbH;Göppingen;73037;Eythstr.;BADEN_WUERTTEMBERG;Elektroniker/in - Geräte und Systeme | Elektroniker/in - Informations- und Systemtechnik | Fachinformatiker/in - Anwendungsentwicklung;3;4;2026-09-20;2026-09-23;2026;ba-jobsuche;;
Sepanhair Göppingen;Göppingen;73033;Bleichstr.;BADEN_WUERTTEMBERG;Friseur/in;1;1;2026-09-20;2026-09-23;2026;ba-jobsuche;;
Sparda-Bank Baden-Württemberg eG;Göppingen;73033;;BADEN_WUERTTEMBERG;Bankkaufmann/-frau | Finanzassistent/in (doppelt qualifizierende Ausbildung);2;2;2026-09-20;2026-09-23;2026;ba-jobsuche;;
Sport Flöss Textil- und Sporthaus GmbH;Göppingen;73033;Poststr.;BADEN_WUERTTEMBERG;Kaufmann/-frau - Einzelhandel | Verkäufer/in;2;2;2026-09-20;2026-09-23;2026;ba-jobsuche;;
Stadt Göppingen;Göppingen;73033;Hauptstr.;BADEN_WUERTTEMBERG;Bachelor of Arts - Kinder- und Jugendarbeit (w/m/d) | Bachelor of Arts - Kurorte- und Destinationsmanagement (w/m/d) | Bachelor of Arts - Public Management (w/m/d) | Beamter/Beamtin - Allgemeine Innere Verwaltung (mittlerer nichttechnischer Dienst) | Erzieher/in | Fachinformatiker/in - Systemintegration | Verwaltungsfachangestellte/r - Kommunalverwaltung;7;8;2026-09-20;2026-09-23;2026;ba-jobsuche;;
Staufen Hörgeräte e.K.;Göppingen;73033;Friedrichstr.;BADEN_WUERTTEMBERG;Hörakustiker/in;1;1;2026-09-20;2026-09-23;2026;ba-jobsuche;;
TARGOBANK AG;Göppingen;73033;;BADEN_WUERTTEMBERG;Bankkaufmann/-frau;1;1;2026-09-20;2026-09-23;2026;ba-jobsuche;;
Theodor Wölpert GmbH & Co.KG;Göppingen;73037;Holzheimer Straße 10;BADEN_WUERTTEMBERG;Fachlagerist/in | Kaufmann/-frau - Groß- und Außenhandelsmanagement (Großhandel);2;2;2026-09-20;2026-09-23;2026;ba-jobsuche;;
TJX Deutschland Ltd. & Co. KG;Göppingen;73033;Bleichstrasse;BADEN_WUERTTEMBERG;Verkäufer/in;1;1;2026-09-20;2026-09-23;2026;ba-jobsuche;;
UnionStahl GmbH;Göppingen;73037;Holzheimer Straße;BADEN_WUERTTEMBERG;Kaufmann/-frau - Groß- und Außenhandelsmanagement (Großhandel);1;1;2026-09-20;2026-09-23;2026;ba-jobsuche;;
Urban Reißing, Praxis für Kieferorthopädie;Göppingen;73033;Marktstr.;BADEN_WUERTTEMBERG;Zahnmedizinische/r Fachangestellte/r;1;1;2026-09-20;2026-09-23;2026;ba-jobsuche;;
VIADUKT Förderverein für psychosoziale Hilfe Göppingen e.V.;Göppingen;73033;Schützenstr.;BADEN_WUERTTEMBERG;Heilerziehungspfleger/in | Kaufmann/-frau - Büromanagement | Sozialpädagogische/r Assistent/in / Kinderpfleger/in;3;3;2026-09-20;2026-09-23;2026;ba-jobsuche;;
VIADUKT Hilfen für psychisch Kranke e.V.;Göppingen;73033;Schützenstr.;BADEN_WUERTTEMBERG;Heilerziehungspfleger/in;1;1;2026-09-20;2026-09-23;2026;ba-jobsuche;;
Volksbank Göppingen eG;Göppingen;73033;Poststr.;BADEN_WUERTTEMBERG;Bankkaufmann/-frau | Finanzassistent/in (doppelt qualifizierende Ausbildung) | Kaufmann/-frau - IT-System-Management;3;4;2026-09-20;2026-09-23;2026;ba-jobsuche;;
Wahl Weber Kuhn GbR;Göppingen;73033;Schützenstr.;BADEN_WUERTTEMBERG;Notarfachangestellte/r;1;1;2026-09-20;2026-09-23;2026;ba-jobsuche;;
Wäscherei Büchele GmbH & Co. KG;Göppingen;73037;Heinrich-Landerer-Str.;BADEN_WUERTTEMBERG;Textilreiniger/in;1;1;2026-09-20;2026-09-23;2026;ba-jobsuche;;
Wellness & Fitness Inh. Andreas Klein e.Kfm.;Göppingen;;;BADEN_WUERTTEMBERG;Sport- und Fitnesskaufmann/-frau;1;1;2026-09-20;2026-09-23;2026;ba-jobsuche;;
Werner Krauter GmbH;Göppingen;73037;Siemensstr.;BADEN_WUERTTEMBERG;Elektroniker/in - Betriebstechnik | Elektroniker/in - Maschinen und Antriebstechnik (HwO) | Industriekaufmann/-frau;3;5;2026-09-20;2026-09-23;2026;ba-jobsuche;;
WM SE;Göppingen;73037;Heilbronner Str.;BADEN_WUERTTEMBERG;Fachkraft - Lagerlogistik | Kaufmann/-frau - Groß- und Außenhandelsmanagement (Großhandel);2;2;2026-09-20;2026-09-23;2026;ba-jobsuche;;
Wohnbau GmbH Göppingen;Göppingen;73033;Grabenstr.;BADEN_WUERTTEMBERG;Immobilienassistent/in (doppelt qualifizierende Ausbildung);1;1;2026-09-20;2026-09-23;2026;ba-jobsuche;;
Württ. Schwesternschaft vom Roten Kreuz e. V.;Göppingen;;;BADEN_WUERTTEMBERG;Pflegefachmann/-frau (Ausbildung);1;2;2026-09-20;2026-09-23;2026;ba-jobsuche;;
Zanker & Gölz GmbH Gipser- + Stukkateurbetrieb;Göppingen;73037;Steinstr.;BADEN_WUERTTEMBERG;Stuckateur/in;1;2;2026-09-20;2026-09-23;2026;ba-jobsuche;;
Zentrale-aktiv-markt Manfred Gebauer GmbH;Göppingen;73037;Dieselstr.;BADEN_WUERTTEMBERG;Fachverkäufer/in - Lebensmittelhandwerk (Fleischerei) | Kaufmann/-frau - Einzelhandel | Verkäufer/in;3;8;2026-09-20;2026-09-23;2026;ba-jobsuche;;
isg Express Logistik  GmbH;Göppingen-Voralb;73037;Zillenhardtstr.;BADEN_WUERTTEMBERG;Kaufmann/-frau - Spedition und Logistikdienstleistung;1;1;2026-09-20;2026-09-23;2026;ba-jobsuche;;
MAKRA Norbert Kraft GmbH;Göppingen-Voralb;73037;Zillenhardtstr.;BADEN_WUERTTEMBERG;Kaufmann/-frau - Groß- und Außenhandelsmanagement (Großhandel);1;2;2026-09-20;2026-09-23;2026;ba-jobsuche;;
Christoph und Dominik Heinkele GbR;Grafenau, Württemberg;71120;Döffinger Str.;BADEN_WUERTTEMBERG;Fachverkäufer/in - Lebensmittelhandwerk (Fleischerei);1;1;2026-09-20;2026-09-23;2026;ba-jobsuche;;
Graf Eberhard Apotheke, Strittmatter OHG;Grafenau, Württemberg;71120;Zum Ulrichstein;BADEN_WUERTTEMBERG;Pharmazeutisch-technische/r Assistent/in;1;1;2026-09-20;2026-09-23;2026;ba-jobsuche;;
Maler Mornhinweg Ralf Mornhinweg;Grafenau, Württemberg;71120;Gutenbergstr.;BADEN_WUERTTEMBERG;Maler/in und Lackierer/in - Gestaltung und Instandhaltung;1;1;2026-09-20;2026-09-23;2026;ba-jobsuche;;
Netto Marken-Discount Stiftung & Co. KG;Grafenau, Württemberg;71120;Döffinger Str. 20;BADEN_WUERTTEMBERG;Kaufmann/-frau - Einzelhandel | Verkäufer/in;2;3;2026-09-20;2026-09-23;2026;ba-jobsuche;;
Rico Studer Steuerberater;Grafenau, Württemberg;71120;Zum Ulrichstein;BADEN_WUERTTEMBERG;Steuerfachangestellte/r;1;1;2026-09-20;2026-09-23;2026;ba-jobsuche;;
ALDI SÜD Dienstleistungs- SE & Co. oHG;Grafenberg, Württemberg;72661;;BADEN_WUERTTEMBERG;Verkäufer/in;1;1;2026-09-20;2026-09-23;2026;ba-jobsuche;;
Rampf Holding  GmbH + Co. KG;Grafenberg, Württemberg;72661;Albstr.;BADEN_WUERTTEMBERG;Chemikant/in | Fachkraft - Lagerlogistik | Industriekaufmann/-frau | Maschinen- und Anlagenführer/in (ohne Angabe des Schwerpunkts);4;4;2026-09-20;2026-09-23;2026;ba-jobsuche;;
Gemeinde Großbettlingen;Großbettlingen;72663;Schweizerhof;BADEN_WUERTTEMBERG;Erzieher/in;1;1;2026-09-20;2026-09-23;2026;ba-jobsuche;;
Maisch GmbH Großbettlingen;Großbettlingen;72663;Heerweg;BADEN_WUERTTEMBERG;Pflegefachmann/-frau (Ausbildung);1;1;2026-09-23;2026-09-23;2026;ba-jobsuche;;
Brosi GmbH;Großbottwar;71723;Uhlandstr.;BADEN_WUERTTEMBERG;Stuckateur/in;1;1;2026-09-20;2026-09-23;2026;ba-jobsuche;;
Gmelich & Söhne GmbH Lederfabrik;Großbottwar;71723;Kreuzstr.;BADEN_WUERTTEMBERG;Fachkraft - Lederherstellung und Gerbereitechnik;1;1;2026-09-20;2026-09-23;2026;ba-jobsuche;;
Häfner Holzbau;Großbottwar;71723;Benzenmühlstr.;BADEN_WUERTTEMBERG;Zimmerer/Zimmerin;1;2;2026-09-20;2026-09-23;2026;ba-jobsuche;;
Lidl Dienstleistung GmbH & Co. KG;Großbottwar;71723;Benzenmühlstr.;BADEN_WUERTTEMBERG;Verkäufer/in;1;1;2026-09-20;2026-09-23;2026;ba-jobsuche;;
Netto Marken-Discount Stiftung & Co. KG;Großbottwar;71723;Waldstr. 1;BADEN_WUERTTEMBERG;Kaufmann/-frau - Einzelhandel;1;1;2026-09-20;2026-09-23;2026;ba-jobsuche;;
Penny-Markt GmbH Verwaltung;Großbottwar;71723;;BADEN_WUERTTEMBERG;Kaufmann/-frau - Einzelhandel | Verkäufer/in;2;2;2026-09-20;2026-09-23;2026;ba-jobsuche;;
SCHARR TEC GmbH & Co. KG;Großbottwar;71723;Kreuzstraße 61;BADEN_WUERTTEMBERG;Anlagenmechaniker/in - Sanitär-, Heizungs- und Klimatechnik;1;1;2026-09-20;2026-09-23;2026;ba-jobsuche;;
W-Natursteine GmbH;Großbottwar;71723;;BADEN_WUERTTEMBERG;Kaufmann/-frau - Groß- und Außenhandelsmanagement (Großhandel);1;1;2026-09-20;2026-09-23;2026;ba-jobsuche;;
Zahnarztpraxis Arman Gaboyan;Großbottwar;71723;;BADEN_WUERTTEMBERG;Zahnmedizinische/r Fachangestellte/r;1;1;2026-09-20;2026-09-21;2026;ba-jobsuche;;
Diakonieverbund Dornahof & Erlacher Höhe e.V. Erlacher Höhe;Großerlach;71577;Erlach;BADEN_WUERTTEMBERG;Hauswirtschafter/in | Kaufmann/-frau - Büromanagement;2;2;2026-09-20;2026-09-23;2026;ba-jobsuche;;
DIS Daten-IT-Service GmbH;Großerlach;71577;Mainhardter Weg;BADEN_WUERTTEMBERG;Kaufmann/-frau - Büromanagement;1;1;2026-09-20;2026-09-23;2026;ba-jobsuche;;
Michael Kleinhans;Großerlach;71577;Sulzbacherstr.;BADEN_WUERTTEMBERG;Kaufmann/-frau - Versicherungen und Finanzanlagen;1;5;2026-09-20;2026-09-23;2026;ba-jobsuche;;
Peter Noller Landschaftspflege GmbH;Großerlach;71577;Marhördter Str.;BADEN_WUERTTEMBERG;Kaufmann/-frau - Büromanagement;1;1;2026-09-20;2026-09-23;2026;ba-jobsuche;;
"Pflegeheim ""Haus Kübler"" GmbH";Großerlach;71577;Mühlweg;BADEN_WUERTTEMBERG;Pflegefachmann/-frau (Ausbildung);1;1;2026-09-20;2026-09-23;2026;ba-jobsuche;;
Seniorenheim Kronenhof;Großerlach;71577;Heimweg;BADEN_WUERTTEMBERG;Pflegefachmann/-frau (Ausbildung);1;1;2026-09-20;2026-09-23;2026;ba-jobsuche;;
wiegro GmbH;Großerlach;71577;Mainhardter Weg;BADEN_WUERTTEMBERG;Metallbauer/in - Konstruktionstechnik;1;1;2026-09-20;2026-09-23;2026;ba-jobsuche;;
Penny-Markt GmbH Verwaltung;Haldenhof bei Plüderhausen;73655;;BADEN_WUERTTEMBERG;Kaufmann/-frau - Einzelhandel | Verkäufer/in;2;3;2026-09-20;2026-09-23;2026;ba-jobsuche;;
Beate Gölz-Kälberer;Hattenhofen, Württemberg;73110;Sparwieser Str.;BADEN_WUERTTEMBERG;Bachelor of Arts - Rechnungswesen, Steuern, Wirtschaftsrecht | Steuerfachangestellte/r;2;2;2026-09-20;2026-09-23;2026;ba-jobsuche;;
Bürgermeisteramt Hattenhofen;Hattenhofen, Württemberg;73110;Hauffstraße;BADEN_WUERTTEMBERG;Erzieher/in;1;1;2026-09-20;2026-09-23;2026;ba-jobsuche;;
Dr. Mathias Hopf;Hattenhofen, Württemberg;73110;Hauptstr.;BADEN_WUERTTEMBERG;Zahnmedizinische/r Fachangestellte/r;1;1;2026-09-20;2026-09-23;2026;ba-jobsuche;;
DRK-Verbund Nürtingen-Kirchheim/Teck gGmbH;Hattenhofen, Württemberg;73110;;BADEN_WUERTTEMBERG;Altenpflegehelfer/in | Pflegefachmann/-frau (Ausbildung);2;2;2026-09-20;2026-09-23;2026;ba-jobsuche;;
Hagmann Zahnradfabrik GmbH;Hattenhofen, Württemberg;73110;Friedhofstr.;BADEN_WUERTTEMBERG;Zerspanungsmechaniker/in;1;1;2026-09-20;2026-09-23;2026;ba-jobsuche;;
Höfer Holzbau GbR;Hattenhofen, Württemberg;73110;Hauptstraße;BADEN_WUERTTEMBERG;Zimmerer/Zimmerin;1;1;2026-09-22;2026-09-23;2026;ba-jobsuche;;
Netto Marken-Discount Stiftung & Co. KG;Hattenhofen, Württemberg;73110;Bruckwiesenstr. 1;BADEN_WUERTTEMBERG;Kaufmann/-frau - Einzelhandel | Verkäufer/in;2;3;2026-09-20;2026-09-23;2026;ba-jobsuche;;
Lidl Dienstleistung GmbH & Co. KG;Heimsheim;71296;Mönsheimer Str.;BADEN_WUERTTEMBERG;Fachwirt/in - Handel (doppelt qualifizierende Ausbildung) | Verkäufer/in;2;2;2026-09-20;2026-09-23;2026;ba-jobsuche;;
Aigner Haustechnik eK;Heiningen, Kreis Göppingen;73092;Stellebergstr.;BADEN_WUERTTEMBERG;Anlagenmechaniker/in - Sanitär-, Heizungs- und Klimatechnik;1;1;2026-09-20;2026-09-23;2026;ba-jobsuche;;
Dr.M.Friton - Dr.U.Hundsdörfer;Heiningen, Kreis Göppingen;73092;Mörikestr.;BADEN_WUERTTEMBERG;Zahnmedizinische/r Fachangestellte/r;1;1;2026-09-20;2026-09-23;2026;ba-jobsuche;;
Kauderer GmbH;Heiningen, Kreis Göppingen;73092;Riedstr.;BADEN_WUERTTEMBERG;Bäcker/in | Fachverkäufer/in - Lebensmittelhandwerk (Bäckerei) | Kaufmann/-frau - Büromanagement | Konditor/in;4;4;2026-09-20;2026-09-23;2026;ba-jobsuche;;
Netto Marken-Discount Stiftung & Co. KG;Heiningen, Kreis Göppingen;73092;Bahnhofstr. 14;BADEN_WUERTTEMBERG;Kaufmann/-frau - Einzelhandel | Verkäufer/in;2;3;2026-09-20;2026-09-23;2026;ba-jobsuche;;
ALDI SÜD Dienstleistungs- SE & Co. oHG;Hemmingen, Württemberg;71282;;BADEN_WUERTTEMBERG;Verkäufer/in;1;1;2026-09-20;2026-09-23;2026;ba-jobsuche;;
EDEKA Südwest Stiftung & Co. KG;Hemmingen, Württemberg;71282;Freiherr-von-Varnbüler Str. 3;BADEN_WUERTTEMBERG;Fachverkäufer/in - Lebensmittelhandwerk (Fleischerei) | Fachwirt/in - Handel (doppelt qualifizierende Ausbildung) | Kaufmann/-frau - Einzelhandel | Verkäufer/in;4;7;2026-09-20;2026-09-23;2026;ba-jobsuche;;
HELU KABEL GmbH;Hemmingen, Württemberg;71282;Schloßhaldenstr. 10;BADEN_WUERTTEMBERG;Duales Studium BWL - Dienstleistungsmanagement Schwerpunkt Logistik- und Supply Chain Management ... | Duales Studium BWL - Digital Business Management 2027 (B.A.) (m/w/d) | Duales Studium BWL - Industrial Business Management 2027 (B.A.) (m/w/d) | Duales Studium RSW - Accounting & Controlling 2027 (B.Sc.) (m/w/d) | Duales Studium Wirtschaftsinformatik - IMBIT (International Management for Business and Informati... | Fachkraft - Lagerlogistik | Industriekaufmann/-frau | Kaufmann/-frau - Groß- und Außenhandelsmanagement (Außenhandel);8;8;2026-09-20;2026-09-23;2026;ba-jobsuche;;
Küenle Antriebssyst.GmbH&Co.KG;Hemmingen, Württemberg;71282;Saarstr.;BADEN_WUERTTEMBERG;Bachelor of Arts - Elektrotechnik - 2026 | Elektroniker/in - Maschinen und Antriebstechnik (BBiG) | Kaufmann/-frau - Groß- und Außenhandelsmanagement (Außenhandel);3;4;2026-09-20;2026-09-23;2026;ba-jobsuche;;
Malermeister Stefan Kientsch;Hemmingen, Württemberg;71282;Patronatstr.;BADEN_WUERTTEMBERG;Maler/in und Lackierer/in - Gestaltung und Instandhaltung;1;1;2026-09-20;2026-09-23;2026;ba-jobsuche;;
Netto Marken-Discount Stiftung & Co. KG;Hildrizhausen;71157;Auf der Höhe 1;BADEN_WUERTTEMBERG;Kaufmann/-frau - Einzelhandel | Verkäufer/in;2;2;2026-09-20;2026-09-23;2026;ba-jobsuche;;
Dres. Häfner / Zeisberger-Häfner;Hochdorf bei Plochingen;73269;Weinbergstr.;BADEN_WUERTTEMBERG;Zahnmedizinische/r Fachangestellte/r;1;2;2026-09-20;2026-09-23;2026;ba-jobsuche;;
Richard Messerle;Hochdorf bei Plochingen;73269;Aspenhof;BADEN_WUERTTEMBERG;Gärtner/in - Baumschule;1;2;2026-09-20;2026-09-23;2026;ba-jobsuche;;
Schlosserei Karl Kübert;Hochdorf bei Plochingen;73269;Porschestr.;BADEN_WUERTTEMBERG;Metallbauer/in - Konstruktionstechnik;1;1;2026-09-20;2026-09-23;2026;ba-jobsuche;;
Alamannen-Apotheke Dr. Björn Schittenhelm e.K.;Holzgerlingen;71088;Tübinger Str.;BADEN_WUERTTEMBERG;Pharmazeutisch-kaufmännische/r Angestellte/r;1;1;2026-09-20;2026-09-23;2026;ba-jobsuche;;
Berner Raum & Farbe Dieter Berner;Holzgerlingen;71088;Tübinger Str.;BADEN_WUERTTEMBERG;Maler/in und Lackierer/in - Gestaltung und Instandhaltung | Raumausstatter/in;2;2;2026-09-20;2026-09-23;2026;ba-jobsuche;;
Dehling GmbH GmbH;Holzgerlingen;71088;Max-Eyth-Str.;BADEN_WUERTTEMBERG;Dachdecker/in;1;1;2026-09-20;2026-09-23;2026;ba-jobsuche;;
dm-drogerie markt GmbH + Co.KG;Holzgerlingen;71088;Altdorfer Straße 26;BADEN_WUERTTEMBERG;Drogist/in;1;1;2026-09-20;2026-09-23;2026;ba-jobsuche;;
DR.KELLERMANN-KOERBER;Holzgerlingen;71088;Tübinger Str.;BADEN_WUERTTEMBERG;Rechtsanwaltsfachangestellte/r;1;1;2026-09-20;2026-09-23;2026;ba-jobsuche;;
Ebenergie GmbH;Holzgerlingen;71088;Böblinger Str.;BADEN_WUERTTEMBERG;Elektroniker/in - Energie- und Gebäudetechnik;1;1;2026-09-20;2026-09-23;2026;ba-jobsuche;;
Elektro Breitling GmbH;Holzgerlingen;71088;Böblinger Str.;BADEN_WUERTTEMBERG;Elektroniker/in - Energie- und Gebäudetechnik | Kaufmann/-frau - Büromanagement | Technische/r Systemplaner/in - Elektrotechnische Systeme;3;3;2026-09-20;2026-09-23;2026;ba-jobsuche;;
GANTER Kälte- und Wärmetechnik GmbH;Holzgerlingen;71088;Bebelsbergstr.;BADEN_WUERTTEMBERG;Mechatroniker/in - Kältetechnik;1;1;2026-09-20;2026-09-23;2026;ba-jobsuche;;
GANTER Luft- und Gebäudetechnik GmbH;Holzgerlingen;71088;Bebelsbergstr.;BADEN_WUERTTEMBERG;Elektroniker/in - Energie- und Gebäudetechnik;1;1;2026-09-20;2026-09-23;2026;ba-jobsuche;;
GEERS (Sonova Retail Deutschland GmbH);Holzgerlingen;71088;Tübinger Straße 6;BADEN_WUERTTEMBERG;Hörakustiker/in;1;1;2026-09-20;2026-09-23;2026;ba-jobsuche;;
Gottlieb Binder GmbH & Co. KG;Holzgerlingen;71088;Bahnhofstr.;BADEN_WUERTTEMBERG;Industriekaufmann/-frau | Werkstoffprüfer/in - Kunststofftechnik;2;2;2026-09-20;2026-09-21;2026;ba-jobsuche;;
Ingo Weigl e.K.;Holzgerlingen;71088;Barbaraweg;BADEN_WUERTTEMBERG;Kaufmann/-frau - Versicherungen und Finanzen - Finanzberatung;1;1;2026-09-20;2026-09-23;2026;ba-jobsuche;;
Lidl Dienstleistung GmbH & Co. KG;Holzgerlingen;71088;Olgastr.;BADEN_WUERTTEMBERG;Fachwirt/in - Handel (doppelt qualifizierende Ausbildung) | Verkäufer/in;2;2;2026-09-20;2026-09-23;2026;ba-jobsuche;;
Manfred Zipperle Bau- und Möbelschreinerei;Holzgerlingen;71088;Römerstr.;BADEN_WUERTTEMBERG;Tischler/in;1;1;2026-09-20;2026-09-23;2026;ba-jobsuche;;
Musicstore Kurt Renz;Holzgerlingen;71088;Böblinger Str.;BADEN_WUERTTEMBERG;Verkäufer/in;1;1;2026-09-20;2026-09-23;2026;ba-jobsuche;;
REWE Markt GmbH ZwNL Südwest;Holzgerlingen;71088;;BADEN_WUERTTEMBERG;Fachverkäufer/in - Lebensmittelhandwerk (Fleischerei);1;1;2026-09-20;2026-09-23;2026;ba-jobsuche;;
Steuerkanzlei Mehmet Bulut;Holzgerlingen;71088;Gottlieb-Binder-Str.;BADEN_WUERTTEMBERG;Steuerfachangestellte/r;1;1;2026-09-20;2026-09-23;2026;ba-jobsuche;;
TechProtect GmbH;Holzgerlingen;71088;Max-Eyth-Str.;BADEN_WUERTTEMBERG;Industriekaufmann/-frau;1;1;2026-09-20;2026-09-23;2026;ba-jobsuche;;
Tesla Germany GmbH;Holzgerlingen;71088;Daimlerstraße 11-13;BADEN_WUERTTEMBERG;Berufskollegiat/in - Kfz-Technik;1;3;2026-09-20;2026-09-23;2026;ba-jobsuche;;
Wanner GmbH Bäckerei und Konditorei;Holzgerlingen;71088;Max-Eyth-Str.;BADEN_WUERTTEMBERG;Bäcker/in | Fachmann/-frau - Systemgastronomie | Konditor/in;3;3;2026-09-20;2026-09-23;2026;ba-jobsuche;;
Weißbarth Zahntechnik GmbH;Holzgerlingen;71088;Max-Eyth-Str.;BADEN_WUERTTEMBERG;Zahntechniker/in;1;1;2026-09-20;2026-09-23;2026;ba-jobsuche;;
Zahnarztpraxis Dr. Maik Häfner;Holzgerlingen;71088;Friedhofstr.;BADEN_WUERTTEMBERG;Zahnmedizinische/r Fachangestellte/r;1;1;2026-09-20;2026-09-23;2026;ba-jobsuche;;
B H B Waschanlagen Vertriebs GmbH;Holzmaden;73271;Zeller Str.;BADEN_WUERTTEMBERG;Mechatroniker/in;1;1;2026-09-20;2026-09-23;2026;ba-jobsuche;;
E.C.S. GmbH Elektronic Computer Service;Holzmaden;73271;Zeller Str.;BADEN_WUERTTEMBERG;Fachinformatiker/in - Systemintegration;1;1;2026-09-20;2026-09-23;2026;ba-jobsuche;;
Hans Haible GmbH;Holzmaden;73271;Gottlieb-Stoll-Str.;BADEN_WUERTTEMBERG;Raumausstatter/in;1;1;2026-09-20;2026-09-23;2026;ba-jobsuche;;
Hartmann Malerei und Innenausstattung;Holzmaden;73271;Bahnhofstraße 37;BADEN_WUERTTEMBERG;Raumausstatter/in;1;1;2026-09-20;2026-09-23;2026;ba-jobsuche;;
Armbruster & Seeger GmbH;Ilsfeld;74360;Renntalstr.;BADEN_WUERTTEMBERG;Anlagenmechaniker/in - Sanitär-, Heizungs- und Klimatechnik;1;1;2026-09-20;2026-09-23;2026;ba-jobsuche;;
BayWa AG HR Services;Ilsfeld;74360;Schwabstraße;BADEN_WUERTTEMBERG;Kaufmann/-frau - Groß- und Außenhandelsmanagement (Großhandel);1;1;2026-09-20;2026-09-23;2026;ba-jobsuche;;
dm-drogerie markt GmbH + Co.KG;Ilsfeld;74360;Porschestraße 2;BADEN_WUERTTEMBERG;Drogist/in;1;2;2026-09-20;2026-09-23;2026;ba-jobsuche;;
Fa. KLIMOS GmbH;Ilsfeld;74360;Langhansstr.;BADEN_WUERTTEMBERG;Mechatroniker/in - Kältetechnik;1;1;2026-09-20;2026-09-23;2026;ba-jobsuche;;
Fismatec GmbH;Ilsfeld;74360;Talstr.;BADEN_WUERTTEMBERG;Kraftfahrzeugmechatroniker/in - Personenkraftwagentechnik;1;1;2026-09-20;2026-09-23;2026;ba-jobsuche;;
H. Lutz GmbH;Ilsfeld;74360;Renntalstr.;BADEN_WUERTTEMBERG;Trockenbaumonteur/in;1;1;2026-09-20;2026-09-23;2026;ba-jobsuche;;
H&P Gerüstbau GmbH;Ilsfeld;74360;Talstr.;BADEN_WUERTTEMBERG;Gerüstbauer/in;1;1;2026-09-20;2026-09-23;2026;ba-jobsuche;;
HAVI Logistics GmbH;Ilsfeld;74360;Porschestr.;BADEN_WUERTTEMBERG;Berufskraftfahrer/in;1;1;2026-09-20;2026-09-23;2026;ba-jobsuche;;
Heinrich Schmid GmbH & Co. KG;Ilsfeld;74360;Renntalstraße 2/1;BADEN_WUERTTEMBERG;Duales Studium - Bachelor of Arts BWL-Dienstleistungsmanagement Schwerpunkt Consult., Sales (m/w/d) | Duales Studium zum Bachelor of Arts - BWL Handwerk für 2027 (m/w/d) | Duales Studium zum Bachelor of Engineering - Bauingenieurwesen (m/w/d) | Maler/in und Lackierer/in - Gestaltung und Instandhaltung | Trockenbaumonteur/in;5;5;2026-09-20;2026-09-23;2026;ba-jobsuche;;
IFM GmbH;Ilsfeld;74360;Reinhold-Würth-Str.;BADEN_WUERTTEMBERG;Technische/r Systemplaner/in - Stahl- und Metallbautechnik;1;1;2026-09-20;2026-09-23;2026;ba-jobsuche;;
Kaufland;Ilsfeld;74360;;BADEN_WUERTTEMBERG;Bankkaufmann/-frau | Fachwirt/in - Handel (doppelt qualifizierende Ausbildung) | Verkäufer/in;3;4;2026-09-20;2026-09-23;2026;ba-jobsuche;;
Kaufland Dienstleistung GmbH & Co. KG;Ilsfeld;74360;Robert-Mayer-Straße;BADEN_WUERTTEMBERG;Duales Studium BWL Handel - Filiale (B.A.) 2027 | Verkäufer/in;2;3;2026-09-20;2026-09-23;2026;ba-jobsuche;;
Klingbeil GmbH;Ilsfeld;74360;Bustadt;BADEN_WUERTTEMBERG;Industriekaufmann/-frau;1;1;2026-09-20;2026-09-23;2026;ba-jobsuche;;
Mayer GmbH Metzgerei;Ilsfeld;74360;König-Wilhelm-Str.;BADEN_WUERTTEMBERG;Fachverkäufer/in - Lebensmittelhandwerk (Fleischerei) | Fleischer/in;2;2;2026-09-20;2026-09-23;2026;ba-jobsuche;;
Metzgerei Häfele GmbH;Ilsfeld;74360;;BADEN_WUERTTEMBERG;Fachverkäufer/in - Lebensmittelhandwerk (Fleischerei) | Fleischer/in;2;2;2026-09-20;2026-09-23;2026;ba-jobsuche;;
Netto Marken-Discount Stiftung & Co. KG;Ilsfeld;74360;Eisenbahnstr. 40;BADEN_WUERTTEMBERG;Kaufmann/-frau - Einzelhandel | Verkäufer/in;2;2;2026-09-20;2026-09-23;2026;ba-jobsuche;;
PALFINGER GmbH;Ilsfeld;74360;Bustadt 38;BADEN_WUERTTEMBERG;Kaufmann/-frau - Büromanagement | Land- und Baumaschinenmechatroniker/in;2;4;2026-09-20;2026-09-23;2026;ba-jobsuche;;
Regatix Betriebseinrichtungen GmbH;Ilsfeld;74360;Porschestr.;BADEN_WUERTTEMBERG;Fachlagerist/in;1;1;2026-09-20;2026-09-23;2026;ba-jobsuche;;
Seel Büromusterhaus GmbH;Ilsfeld;74360;Benzstr.;BADEN_WUERTTEMBERG;Kaufmann/-frau - Groß- und Außenhandelsmanagement (Großhandel);1;1;2026-09-20;2026-09-23;2026;ba-jobsuche;;
Soyez Stuckateur GmbH;Ilsfeld;74360;Renntalstr.;BADEN_WUERTTEMBERG;Maler/in und Lackierer/in - Gestaltung und Instandhaltung | Stuckateur/in | Trockenbaumonteur/in;3;3;2026-09-20;2026-09-23;2026;ba-jobsuche;;
Steuerberater Martin Groß;Ilsfeld;74360;Frankenstr.;BADEN_WUERTTEMBERG;Steuerfachangestellte/r;1;1;2026-09-20;2026-09-23;2026;ba-jobsuche;;
Süwag Energie AG;Ilsfeld;74360;;BADEN_WUERTTEMBERG;Kaufmann/-frau - Büromanagement;1;1;2026-09-20;2026-09-23;2026;ba-jobsuche;;
Thomas Walter;Ilsfeld;74360;Renntalstr.;BADEN_WUERTTEMBERG;Informationselektroniker/in;1;1;2026-09-20;2026-09-23;2026;ba-jobsuche;;
Voigt Software und Beratung AG;Ilsfeld;74360;Reinhold-Würth-Str.;BADEN_WUERTTEMBERG;Fachinformatiker/in - Anwendungsentwicklung | Kaufmann/-frau - Büromanagement;2;2;2026-09-20;2026-09-23;2026;ba-jobsuche;;
ACPS Automotive GmbH;Ingersheim, Württemberg;74379;Bertha-Benz-Straße 2;BADEN_WUERTTEMBERG;Duales Studium Maschinenbau (m/w/d) | Duales Studium Wirtschaftsingenieurwesen (m/w/d);2;2;2026-09-20;2026-09-23;2026;ba-jobsuche;;
EDEKA Südwest Stiftung & Co. KG;Ingersheim, Württemberg;74379;Talstraße 1;BADEN_WUERTTEMBERG;Kaufmann/-frau - Einzelhandel;1;1;2026-09-20;2026-09-23;2026;ba-jobsuche;;
KW Tools GmbH;Ingersheim, Württemberg;74379;Gröninger Weg;BADEN_WUERTTEMBERG;Zerspanungsmechaniker/in;1;1;2026-09-20;2026-09-23;2026;ba-jobsuche;;
MVZ Bottwar GmbH;Ingersheim, Württemberg;74379;Goethestrasse;BADEN_WUERTTEMBERG;Medizinische/r Fachangestellte/r;1;1;2026-09-20;2026-09-23;2026;ba-jobsuche;;
TPW Bau GmbH;Ingersheim, Württemberg;74379;Robert-Sieber-Str.;BADEN_WUERTTEMBERG;Maurer/in;1;1;2026-09-20;2026-09-23;2026;ba-jobsuche;;
Tracta Textilvertriebs-GmbH;Ingersheim, Württemberg;74379;Freiberger Str.;BADEN_WUERTTEMBERG;Kaufmann/-frau - Einzelhandel | Verkäufer/in;2;2;2026-09-20;2026-09-23;2026;ba-jobsuche;;
A & M Stanzformzubehör Olaf Abendroth GmbH;Kernen im Remstal;71394;Frauenländerstr.;BADEN_WUERTTEMBERG;Fachkraft - Lagerlogistik | Kaufmann/-frau - Groß- und Außenhandelsmanagement (Großhandel);2;2;2026-09-20;2026-09-23;2026;ba-jobsuche;;
ALDI SÜD Dienstleistungs- SE & Co. oHG;Kernen im Remstal;71394;;BADEN_WUERTTEMBERG;Verkäufer/in;1;1;2026-09-20;2026-09-23;2026;ba-jobsuche;;
HSE-Bau GmbH;Kernen im Remstal;71394;Auf der Höhe;BADEN_WUERTTEMBERG;Baugeräteführer/in | Straßenbauer/in;2;2;2026-09-20;2026-09-23;2026;ba-jobsuche;;
Jacob GmbH Elektrotechnische Fabrik;Kernen im Remstal;71394;Gottlieb-Daimler-Str. 11;BADEN_WUERTTEMBERG;Kunststoff- und Kautschuktechnologe/-technologin - Compound- und Masterbatchherstellung | Zerspanungsmechaniker/in;2;2;2026-09-20;2026-09-23;2026;ba-jobsuche;;
Jürgen Leuz Elektro-Installation;Kernen im Remstal;71394;Hindenburgstr.;BADEN_WUERTTEMBERG;Elektroniker/in - Energie- und Gebäudetechnik;1;1;2026-09-20;2026-09-23;2026;ba-jobsuche;;
KiK Textilien und Non-Food GmbH;Kernen im Remstal;71394;Stettener Straße 15;BADEN_WUERTTEMBERG;Fachwirt/in - Handel (doppelt qualifizierende Ausbildung);1;1;2026-09-20;2026-09-23;2026;ba-jobsuche;;
Kittel-Bauflaschnerei GmbH;Kernen im Remstal;71394;Robert-Bosch-Str.;BADEN_WUERTTEMBERG;Klempner/in;1;1;2026-09-20;2026-09-20;2026;ba-jobsuche;;
Metzger Kunststoff-Technik GmbH;Kernen im Remstal;71394;Erwin-Bahnmüller-Str.;BADEN_WUERTTEMBERG;Kunststoff- und Kautschuktechnologe/-technologin - Bauteile;1;1;2026-09-20;2026-09-23;2026;ba-jobsuche;;
Promedent MVZ GmbH;Kernen im Remstal;71394;Karlstraße 23;BADEN_WUERTTEMBERG;Zahnmedizinische/r Fachangestellte/r;1;1;2026-09-20;2026-09-23;2026;ba-jobsuche;;
Reinhold Bürkle Technische Federn GmbH;Kernen im Remstal;71394;Siemensstr.;BADEN_WUERTTEMBERG;Industriekaufmann/-frau | Werkzeugmechaniker/in;2;3;2026-09-20;2026-09-23;2026;ba-jobsuche;;
Wilhelm Schetter GmbH Haustechnik;Kernen im Remstal;71394;Endersbacher Str.;BADEN_WUERTTEMBERG;Anlagenmechaniker/in - Sanitär-, Heizungs- und Klimatechnik;1;1;2026-09-20;2026-09-23;2026;ba-jobsuche;;
Zweckverband Landeswasserversorgung;Kernen im Remstal;71394;Seestr.;BADEN_WUERTTEMBERG;Anlagenmechaniker/in;1;1;2026-09-20;2026-09-23;2026;ba-jobsuche;;
Erwin Renz Metallwarenfabrik GmbH & Co KG;Kirchberg an der Murr;71737;Boschstr.;BADEN_WUERTTEMBERG;Werkzeugmechaniker/in;1;1;2026-09-20;2026-09-23;2026;ba-jobsuche;;
ES Elektrosysteme GmbH;Kirchberg an der Murr;71737;Backnanger Str.;BADEN_WUERTTEMBERG;Elektroniker/in - Energie- und Gebäudetechnik;1;1;2026-09-20;2026-09-23;2026;ba-jobsuche;;
Gebr. Renz GmbH;Kirchberg an der Murr;71737;Im Gehrn;BADEN_WUERTTEMBERG;Klempner/in;1;1;2026-09-20;2026-09-23;2026;ba-jobsuche;;
NORMA Lebensmittelfilialbetrieb Stiftung & Co. KG;Kirchberg an der Murr;71737;;BADEN_WUERTTEMBERG;Kaufmann/-frau - Einzelhandel | Verkäufer/in;2;2;2026-09-20;2026-09-23;2026;ba-jobsuche;;
Reinhard Layher Flaschnerei Sanitärinstallationen;Kirchberg an der Murr;71737;Hauffstr.;BADEN_WUERTTEMBERG;Klempner/in;1;1;2026-09-20;2026-09-23;2026;ba-jobsuche;;
DS Veranstaltungstechnik GmbH;Kirchheim am Neckar;74366;Mercedesstr.;BADEN_WUERTTEMBERG;Fachkraft - Veranstaltungstechnik;1;1;2026-09-20;2026-09-23;2026;ba-jobsuche;;
Eberhard Hofmeister GmbH Kehlleistenwerk;Kirchheim am Neckar;74366;Talstr.;BADEN_WUERTTEMBERG;Holzbearbeitungsmechaniker/in;1;2;2026-09-20;2026-09-23;2026;ba-jobsuche;;
EDEKA Südwest Stiftung & Co. KG;Kirchheim am Neckar;74366;Max-Eyth-Straße 6;BADEN_WUERTTEMBERG;Fachverkäufer/in - Lebensmittelhandwerk (Fleischerei) | Fleischer/in | Kaufmann/-frau - Einzelhandel | Verkäufer/in;4;5;2026-09-20;2026-09-23;2026;ba-jobsuche;;
Elektro Bröllos Jens Bröllos;Kirchheim am Neckar;74366;Ernst-Ackermann-Str.;BADEN_WUERTTEMBERG;Elektroniker/in - Energie- und Gebäudetechnik;1;1;2026-09-20;2026-09-23;2026;ba-jobsuche;;
Eugen Mayer GmbH & Co. KG;Kirchheim am Neckar;74366;Max-Eyth-Str.;BADEN_WUERTTEMBERG;Baugeräteführer/in | Berufskraftfahrer/in | Straßenbauer/in;3;3;2026-09-20;2026-09-23;2026;ba-jobsuche;;
Lidl Dienstleistung GmbH & Co. KG;Kirchheim am Neckar;74366;Kreidlerstr.;BADEN_WUERTTEMBERG;Fachwirt/in - Handel (doppelt qualifizierende Ausbildung) | Verkäufer/in;2;2;2026-09-20;2026-09-23;2026;ba-jobsuche;;
So geht's Systemlösungen GmbH;Kirchheim am Neckar;74366;Christofstr.;BADEN_WUERTTEMBERG;Anlagenmechaniker/in - Sanitär-, Heizungs- und Klimatechnik;1;1;2026-09-20;2026-09-23;2026;ba-jobsuche;;
SUEVIA HAIGES GmbH;Kirchheim am Neckar;74366;Max-Eyth-Str.;BADEN_WUERTTEMBERG;Fachkraft - Lagerlogistik | Fachlagerist/in | Feinwerkmechaniker/in | Gießereimechaniker/in | Maschinen- und Anlagenführer/in (ohne Angabe des Schwerpunkts);5;6;2026-09-20;2026-09-23;2026;ba-jobsuche;;
Zahnarztpraxis Dr. Nils Gerhard;Kirchheim am Neckar;74366;Schillerstr.;BADEN_WUERTTEMBERG;Zahnmedizinische/r Fachangestellte/r;1;1;2026-09-20;2026-09-23;2026;ba-jobsuche;;
A.T.U Auto-Teile-Unger GmbH & Co. KG;Kirchheim unter Teck;73230;Stuttgarter Straße 104;BADEN_WUERTTEMBERG;Kaufmann/-frau - Einzelhandel;1;2;2026-09-20;2026-09-23;2026;ba-jobsuche;;
ALDI SÜD Dienstleistungs- SE & Co. oHG;Kirchheim unter Teck;73230;;BADEN_WUERTTEMBERG;Verkäufer/in;1;2;2026-09-20;2026-09-23;2026;ba-jobsuche;;
AMKmotion GmbH + Co KG;Kirchheim unter Teck;73230;Gaußstr.;BADEN_WUERTTEMBERG;Elektroniker/in - Maschinen und Antriebstechnik (BBiG) | Industriekaufmann/-frau;2;2;2026-09-21;2026-09-23;2026;ba-jobsuche;;
Autohaus Grau GmbH & Co.KG;Kirchheim unter Teck;73230;Leibnizstr.;BADEN_WUERTTEMBERG;Kraftfahrzeugmechatroniker/in - Personenkraftwagentechnik;1;1;2026-09-20;2026-09-23;2026;ba-jobsuche;;
Banzhaf Holzbau GmbH;Kirchheim unter Teck;73230;Henriettenstr.;BADEN_WUERTTEMBERG;Zimmerer/Zimmerin;1;1;2026-09-20;2026-09-23;2026;ba-jobsuche;;
BKK Scheufelen;Kirchheim unter Teck;73230;Schöllkopfstr.;BADEN_WUERTTEMBERG;Sozialversicherungsfachangestellte/r - allgemeine Krankenversicherung;1;1;2026-09-20;2026-09-23;2026;ba-jobsuche;;
BNC Böhm Nutzfahrzeug Center GmbH;Kirchheim unter Teck;73230;Marie-Curie-Str.;BADEN_WUERTTEMBERG;Kraftfahrzeugmechatroniker/in - Nutzfahrzeugtechnik;1;1;2026-09-20;2026-09-23;2026;ba-jobsuche;;
Christian Rosenfeld Verkaufsleiter der Wüstenrot Bausparkasse AG;Kirchheim unter Teck;73230;;BADEN_WUERTTEMBERG;Kaufmann/-frau - Büromanagement | Kaufmann/-frau - Versicherungen und Finanzen - Versicherung;2;2;2026-09-20;2026-09-23;2026;ba-jobsuche;;
Commerzbank AG;Kirchheim unter Teck;73230;;BADEN_WUERTTEMBERG;Bankkaufmann/-frau;1;1;2026-09-20;2026-09-23;2026;ba-jobsuche;;
Deichmann SE;Kirchheim unter Teck;73230;;BADEN_WUERTTEMBERG;Kaufmann/-frau - Einzelhandel | Verkäufer/in;2;2;2026-09-20;2026-09-23;2026;ba-jobsuche;;
Diemer  Dr. & Kollegen;Kirchheim unter Teck;73230;Kolbstr.;BADEN_WUERTTEMBERG;Zahnmedizinische/r Fachangestellte/r;1;1;2026-09-20;2026-09-23;2026;ba-jobsuche;;
dm-drogerie markt GmbH + Co.KG;Kirchheim unter Teck;73230;Marktstraße 25;BADEN_WUERTTEMBERG;Drogist/in;1;1;2026-09-20;2026-09-23;2026;ba-jobsuche;;
Dorfschmid Hair, Beauty by Mireme Kerelaj;Kirchheim unter Teck;73230;Alleenstr.;BADEN_WUERTTEMBERG;Friseur/in;1;1;2026-09-20;2026-09-23;2026;ba-jobsuche;;
Dr. med. Ahmet Takkac Facharzt für Orthopädie;Kirchheim unter Teck;73230;Kolbstr.;BADEN_WUERTTEMBERG;Medizinische/r Fachangestellte/r;1;1;2026-09-20;2026-09-23;2026;ba-jobsuche;;
Dr. med. dent. Thomas Kik Zahnarzt-Oralchirurg;Kirchheim unter Teck;73230;Stuttgarter Str.;BADEN_WUERTTEMBERG;Zahnmedizinische/r Fachangestellte/r;1;1;2026-09-20;2026-09-23;2026;ba-jobsuche;;
Dr.-medic stom. Zavoianu & Kollegen;Kirchheim unter Teck;73230;Stuttgarter Str.;BADEN_WUERTTEMBERG;Zahnmedizinische/r Fachangestellte/r;1;1;2026-09-20;2026-09-23;2026;ba-jobsuche;;
Dres. Mayer und Mayer GbR;Kirchheim unter Teck;73230;Steingaustr.;BADEN_WUERTTEMBERG;Zahnmedizinische/r Fachangestellte/r;1;1;2026-09-20;2026-09-23;2026;ba-jobsuche;;
Dres.Carolin und Harald Holzner;Kirchheim unter Teck;73230;Alleenstr.;BADEN_WUERTTEMBERG;Zahnmedizinische/r Fachangestellte/r;1;1;2026-09-20;2026-09-23;2026;ba-jobsuche;;
DRK Seniorenzentrum Steingaustift e. V.;Kirchheim unter Teck;73230;Steingaustr.;BADEN_WUERTTEMBERG;Altenpflegehelfer/in | Pflegefachmann/-frau (Ausbildung);2;2;2026-09-20;2026-09-23;2026;ba-jobsuche;;
DRK-Seniorenzentrum Fickerstift;Kirchheim unter Teck;73230;Osianderstr.;BADEN_WUERTTEMBERG;Altenpflegehelfer/in | Pflegefachmann/-frau (Ausbildung);2;2;2026-09-20;2026-09-23;2026;ba-jobsuche;;
dt druckluft-technik GmbH;Kirchheim unter Teck;73230;Gaußstr.;BADEN_WUERTTEMBERG;Fachkraft - Metalltechnik - Montagetechnik;1;1;2026-09-20;2026-09-23;2026;ba-jobsuche;;
EDEKA Südwest Stiftung & Co. KG;Kirchheim unter Teck;73230;Öschweg 3;BADEN_WUERTTEMBERG;Kaufmann/-frau - Einzelhandel | Verkäufer/in;2;2;2026-09-20;2026-09-23;2026;ba-jobsuche;;
Elektroservice Schulz GmbH;Kirchheim unter Teck;73230;Marie-Curie-Str.;BADEN_WUERTTEMBERG;Elektroniker/in - Energie- und Gebäudetechnik;1;1;2026-09-20;2026-09-23;2026;ba-jobsuche;;
Familien-Bäckerei Kienzle GmbH & Co. KG;Kirchheim unter Teck;73230;Gaußstr.;BADEN_WUERTTEMBERG;Bäcker/in | Fachverkäufer/in - Lebensmittelhandwerk (Bäckerei) | Konditor/in;3;3;2026-09-20;2026-09-23;2026;ba-jobsuche;;
Fatma Gül Alnidelik;Kirchheim unter Teck;73230;Max-Eyth-Str.;BADEN_WUERTTEMBERG;Friseur/in;1;2;2026-09-20;2026-09-23;2026;ba-jobsuche;;
Fielmann AG;Kirchheim unter Teck;73230;;BADEN_WUERTTEMBERG;Augenoptiker/in;1;1;2026-09-20;2026-09-23;2026;ba-jobsuche;;
G. Reiser Immobilienverwaltung GmbH;Kirchheim unter Teck;73230;Walkstr.;BADEN_WUERTTEMBERG;Immobilienkaufmann/-frau;1;1;2026-09-20;2026-09-23;2026;ba-jobsuche;;
Hack Formenbau GmbH;Kirchheim unter Teck;73230;Wielandstr.;BADEN_WUERTTEMBERG;Werkzeugmechaniker/in;1;1;2026-09-20;2026-09-23;2026;ba-jobsuche;;
hagebau Gebr. Ott Baustoffe GmbH;Kirchheim unter Teck;73230;Hegelstr.;BADEN_WUERTTEMBERG;Kaufmann/-frau - Groß- und Außenhandelsmanagement (Großhandel);1;2;2026-09-20;2026-09-23;2026;ba-jobsuche;;
Heinrich Schmid GmbH & Co. KG;Kirchheim unter Teck;73230;Heinkelstraße 33;BADEN_WUERTTEMBERG;Duales Studium zum Bachelor of Arts - BWL Handwerk (m/w/d) | Duales Studium zum Bachelor of Engineering - Bauingenieurwesen (m/w/d) | Duales Studium zum Bachelor of Engineering - Wirtschaftsingenieurwesen Facility Management (m/w/d) | Maler/in und Lackierer/in - Ausbautechnik und Oberflächengestaltung | Maler/in und Lackierer/in - Gestaltung und Instandhaltung | Trockenbaumonteur/in;6;6;2026-09-20;2026-09-23;2026;ba-jobsuche;;
Holder GmbH Oberflächentechnik;Kirchheim unter Teck;73230;Maria-Merian-Str.;BADEN_WUERTTEMBERG;Oberflächenbeschichter/in;1;1;2026-09-20;2026-09-23;2026;ba-jobsuche;;
Hörgeräte LANGER GmbH & Co. KG;Kirchheim unter Teck;73230;Stuttgarter Straße 56;BADEN_WUERTTEMBERG;Hörakustiker/in;1;2;2026-09-20;2026-09-23;2026;ba-jobsuche;;
HSH Lamprecht GbR;Kirchheim unter Teck;73230;Otto-Ficker-Str.;BADEN_WUERTTEMBERG;Kaufmann/-frau - Gesundheitswesen;1;2;2026-09-20;2026-09-23;2026;ba-jobsuche;;
in motion Fitnessclub GmbH;Kirchheim unter Teck;73230;Schöllkopfstr.;BADEN_WUERTTEMBERG;Sportbegeistert? Komm in unser Team!;1;1;2026-09-20;2026-09-23;2026;ba-jobsuche;;
Ines und Felix Rutkowski GbR;Kirchheim unter Teck;73230;Tannenbergstraße;BADEN_WUERTTEMBERG;Medizinische/r Fachangestellte/r;1;1;2026-09-20;2026-09-23;2026;ba-jobsuche;;
Ingenieurbüro Rohr GmbH;Kirchheim unter Teck;73230;Villastr.;BADEN_WUERTTEMBERG;Industriekaufmann/-frau;1;1;2026-09-20;2026-09-23;2026;ba-jobsuche;;
Kanzlei Schuhmann Wirtschaftsprüfung - Steuerberatung;Kirchheim unter Teck;73230;Jesinger Str.;BADEN_WUERTTEMBERG;Steuerfachangestellte/r;1;1;2026-09-20;2026-09-23;2026;ba-jobsuche;;
Keller Lufttechnik GmbH + Co. KG;Kirchheim unter Teck;73230;Neue Weilheimer Str.;BADEN_WUERTTEMBERG;Bachelor of Engineering (m/w/d) - Maschinenbau Verfahrenstechnik | Technische/r Systemplaner/in - Versorgungs- und Ausrüstungstechnik;2;2;2026-09-20;2026-09-23;2026;ba-jobsuche;;
Keppler-Stiftung Seniorenzentrum St. Hedwig;Kirchheim unter Teck;73230;Lichtensteinstr.;BADEN_WUERTTEMBERG;Altenpflegehelfer/in | Pflegefachmann/-frau (Ausbildung);2;2;2026-09-20;2026-09-23;2026;ba-jobsuche;;
Leonhard Weiss GmbH & Co. KG;Kirchheim unter Teck;;;BADEN_WUERTTEMBERG;Leitungsbauer/in - Infrastrukturtechnik | Tiefbaufacharbeiter/in (ohne Angabe des Schwerpunkts);2;2;2026-09-20;2026-09-23;2026;ba-jobsuche;;
Lidl Dienstleistung GmbH & Co. KG;Kirchheim unter Teck;73230;Stuttgarter Str.;BADEN_WUERTTEMBERG;Fachwirt/in - Handel (doppelt qualifizierende Ausbildung) | Verkäufer/in;2;4;2026-09-20;2026-09-23;2026;ba-jobsuche;;
Maisch GmbH;Kirchheim unter Teck;73230;Stuttgarter Str.;BADEN_WUERTTEMBERG;Orthopädietechnik-Mechaniker/in;1;1;2026-09-20;2026-09-23;2026;ba-jobsuche;;
medius KLINIKEN gGmbH medius KLINIK KIRCHHEIM;Kirchheim unter Teck;73230;Eugenstr.;BADEN_WUERTTEMBERG;Pflegefachmann/-frau (Ausbildung);1;1;2026-09-20;2026-09-23;2026;ba-jobsuche;;
Netto Marken-Discount Stiftung & Co. KG;Kirchheim unter Teck;73230;Stuttgarter Str. 2;BADEN_WUERTTEMBERG;Kaufmann/-frau - Einzelhandel | Verkäufer/in;2;3;2026-09-20;2026-09-23;2026;ba-jobsuche;;
Neufra Speditions GmbH;Kirchheim unter Teck;73230;Neue Weilheimer Str.;BADEN_WUERTTEMBERG;Fachinformatiker/in - Anwendungsentwicklung;1;1;2026-09-20;2026-09-23;2026;ba-jobsuche;;
NKD Deutschland GmbH;Kirchheim unter Teck;73230;Max-Eyth-Str.;BADEN_WUERTTEMBERG;Fachwirt/in - Handel (doppelt qualifizierende Ausbildung);1;1;2026-09-20;2026-09-23;2026;ba-jobsuche;;
NORMA Lebensmittelfilialbetrieb Stiftung & Co. KG;Kirchheim unter Teck;73230;;BADEN_WUERTTEMBERG;Kaufmann/-frau - Einzelhandel | Verkäufer/in;2;2;2026-09-20;2026-09-23;2026;ba-jobsuche;;
Oppenweiler;Kirchheim unter Teck;73230;;BADEN_WUERTTEMBERG;Fachinformatiker/in - Anwendungsentwicklung;1;1;2026-09-20;2026-09-23;2026;ba-jobsuche;;
Pädagogisches Fachseminar Kirchheim/Teck;Kirchheim unter Teck;73230;Schloßplatz;BADEN_WUERTTEMBERG;Fachlehrkraft - musisch-technische Fächer;1;1;2026-09-20;2026-09-23;2026;ba-jobsuche;;
Paul Wilhelm von Keppler-Stiftung;Kirchheim unter Teck;73230;Lichtensteinstraße 37;BADEN_WUERTTEMBERG;Pflegefachmann/-frau (Ausbildung);1;1;2026-09-20;2026-09-23;2026;ba-jobsuche;;
Penny-Markt GmbH Verwaltung;Kirchheim unter Teck;73230;;BADEN_WUERTTEMBERG;Kaufmann/-frau - Einzelhandel | Verkäufer/in;2;3;2026-09-20;2026-09-23;2026;ba-jobsuche;;
PORR GmbH & Co. KGaA;Kirchheim unter Teck;;;BADEN_WUERTTEMBERG;Straßenbauer/in;1;1;2026-09-20;2026-09-23;2026;ba-jobsuche;;
Rädisch GmbH;Kirchheim unter Teck;73230;Carl-Zeiss-Str.;BADEN_WUERTTEMBERG;Konstruktionsmechaniker/in;1;2;2026-09-20;2026-09-23;2026;ba-jobsuche;;
Ramsperger Automobile GmbH & Co. KG;Kirchheim unter Teck;73230;Nürtinger Straße 98;BADEN_WUERTTEMBERG;Automobilkaufmann/-frau | Fachkraft - Lagerlogistik | Fahrzeuglackierer/in | Karosserie- und Fahrzeugbaumechaniker/in - Karosserieinstandhaltungstechnik | Kaufmann/-frau - Büromanagement | Kraftfahrzeugmechatroniker/in - Personenkraftwagentechnik | Kraftfahrzeugmechatroniker/in - System- und Hochvolttechnik;7;12;2026-09-20;2026-09-23;2026;ba-jobsuche;;
REWE Markt GmbH ZwNL Südwest;Kirchheim unter Teck;73230;;BADEN_WUERTTEMBERG;Fachverkäufer/in - Lebensmittelhandwerk (Fleischerei) | Fleischer/in | Kaufmann/-frau - Einzelhandel | Verkäufer/in;4;5;2026-09-20;2026-09-23;2026;ba-jobsuche;;
Rudolf Jens Puppenberger Autohaus Lepadusch;Kirchheim unter Teck;73230;Heimenwiesen;BADEN_WUERTTEMBERG;Kraftfahrzeugmechatroniker/in - Personenkraftwagentechnik;1;1;2026-09-20;2026-09-23;2026;ba-jobsuche;;
Ruthenberg und Schlatter GbR Hotel Waldhorn;Kirchheim unter Teck;73230;Marktplatz;BADEN_WUERTTEMBERG;Fachmann/-frau - Restaurants und Veranstaltungsgastronomie | Koch/Köchin;2;2;2026-09-20;2026-09-23;2026;ba-jobsuche;;
S & P Dienstleistungen in der Mikroelektronik GmbH;Kirchheim unter Teck;73230;Willi-Bleicher-Str.;BADEN_WUERTTEMBERG;Industriekaufmann/-frau | Kaufmann/-frau - Büromanagement;2;2;2026-09-20;2026-09-23;2026;ba-jobsuche;;
Siemens Energy Global GmbH & Co. KG;Kirchheim unter Teck;73230;Hegelstraße 20;BADEN_WUERTTEMBERG;Fertigungsmechaniker/in;1;1;2026-09-20;2026-09-23;2026;ba-jobsuche;;
Sommer Antriebs-und Funktechnik GmbH;Kirchheim unter Teck;73230;Hans-Böckler-Straße 27;BADEN_WUERTTEMBERG;Duales Studium DHBW BWL Digital Business Management (m/w/d) | Industriekaufmann/-frau;2;5;2026-09-20;2026-09-23;2026;ba-jobsuche;;
Sparda-Bank Baden-Württemberg eG;Kirchheim unter Teck;73230;;BADEN_WUERTTEMBERG;Bankkaufmann/-frau | Finanzassistent/in (doppelt qualifizierende Ausbildung);2;2;2026-09-20;2026-09-23;2026;ba-jobsuche;;
Sport-Räpple GmbH;Kirchheim unter Teck;73230;Dettinger Str.;BADEN_WUERTTEMBERG;Verkäufer/in;1;2;2026-09-20;2026-09-23;2026;ba-jobsuche;;
Sprimag Spritzmaschinenbau GmbH & Co. KG;Kirchheim unter Teck;73230;Henriettenstr.;BADEN_WUERTTEMBERG;Elektroniker/in - Automatisierungstechnik | Industriemechaniker/in;2;2;2026-09-20;2026-09-23;2026;ba-jobsuche;;
SSK Schrauben-Schmid GmbH;Kirchheim unter Teck;73230;Einsteinstr.;BADEN_WUERTTEMBERG;Kaufmann/-frau - Groß- und Außenhandelsmanagement (Großhandel);1;1;2026-09-20;2026-09-23;2026;ba-jobsuche;;
Stadt Kirchheim unter Teck;Kirchheim unter Teck;73230;Otto-Ficker-Str.;BADEN_WUERTTEMBERG;Erzieher/in | Fachangestellte/r - Bäderbetriebe | Fachangestellte/r - Medien- und Informationsdienste - Bibliothek | Sozialpädagogische/r Assistent/in / Kinderpfleger/in | Tischler/in | Verwaltungsfachangestellte/r - Kommunalverwaltung | Verwaltungswirt/in (Ausbildung im Beschäftigungsverhältnis);7;7;2026-09-20;2026-09-23;2026;ba-jobsuche;;
Stahlbau Ott GmbH & Co. KG;Kirchheim unter Teck;73230;Einsteinstr.;BADEN_WUERTTEMBERG;Metallbauer/in - Konstruktionstechnik;1;1;2026-09-20;2026-09-23;2026;ba-jobsuche;;
Stephan Mache MACHE Online;Kirchheim unter Teck;73230;Marktstr.;BADEN_WUERTTEMBERG;Pharmazeutisch-kaufmännische/r Angestellte/r;1;1;2026-09-20;2026-09-23;2026;ba-jobsuche;;
Stiftung Tragwerk;Kirchheim unter Teck;73230;Bodelschwinghweg;BADEN_WUERTTEMBERG;Pflegefachmann/-frau (Ausbildung);1;1;2026-09-20;2026-09-23;2026;ba-jobsuche;;
Stolz COM GmbH;Kirchheim unter Teck;73230;Neue Weilheimer Str.;BADEN_WUERTTEMBERG;Kaufmann/-frau - Einzelhandel | Kaufmann/-frau - Groß- und Außenhandelsmanagement (Außenhandel);2;2;2026-09-20;2026-09-23;2026;ba-jobsuche;;
toom Baumarkt GmbH;Kirchheim unter Teck;73230;;BADEN_WUERTTEMBERG;Kaufmann/-frau - Einzelhandel;1;3;2026-09-20;2026-09-23;2026;ba-jobsuche;;
Wilhelm Schairer GmbH Uhren, Schmuck;Kirchheim unter Teck;73230;Max-Eyth-Str.;BADEN_WUERTTEMBERG;Kaufmann/-frau - Einzelhandel;1;1;2026-09-22;2026-09-23;2026;ba-jobsuche;;
Wolfgang Steudle Steuerberatungsbüro;Kirchheim unter Teck;73230;Tannenbergstr.;BADEN_WUERTTEMBERG;Steuerfachangestellte/r;1;1;2026-09-20;2026-09-23;2026;ba-jobsuche;;
ZORGE Rubber Solutions GmbH;Kirchheim unter Teck;73230;Tannenbergstr.;BADEN_WUERTTEMBERG;Industriemechaniker/in | Kunststoff- und Kautschuktechnologe/-technologin - Formteile;2;3;2026-09-20;2026-09-23;2026;ba-jobsuche;;
Zweckverband Landeswasserversorgung;Kirchheim unter Teck;73230;Hahnweidstr.;BADEN_WUERTTEMBERG;Anlagenmechaniker/in;1;1;2026-09-20;2026-09-23;2026;ba-jobsuche;;
ALDI SÜD Dienstleistungs- SE & Co. oHG;Köngen;73257;;BADEN_WUERTTEMBERG;Verkäufer/in;1;1;2026-09-20;2026-09-23;2026;ba-jobsuche;;
Baumaschinen Schmittinger GmbH;Köngen;73257;Raiffeisenstr.;BADEN_WUERTTEMBERG;Land- und Baumaschinenmechatroniker/in;1;1;2026-09-20;2026-09-23;2026;ba-jobsuche;;
Deutsche Post DHL;Köngen;73257;;BADEN_WUERTTEMBERG;Berufskraftfahrer/in | Mechatroniker/in;2;2;2026-09-20;2026-09-23;2026;ba-jobsuche;;
Dienste für Menschen HWD gGmbH c/o PS Esslingen;Köngen;73257;;BADEN_WUERTTEMBERG;Hauswirtschafter/in;1;1;2026-09-20;2026-09-23;2026;ba-jobsuche;;
Dieter Meyer Bedachungen GmbH;Köngen;73257;Schlosserstr.;BADEN_WUERTTEMBERG;Dachdecker/in;1;1;2026-09-20;2026-09-23;2026;ba-jobsuche;;
dm-drogerie markt GmbH + Co.KG;Köngen;73257;Imanuel-Maier-Straße 3;BADEN_WUERTTEMBERG;Drogist/in;1;1;2026-09-20;2026-09-23;2026;ba-jobsuche;;
EDEKA Südwest Stiftung & Co. KG;Köngen;73257;Imanuel-Maier-Str.2;BADEN_WUERTTEMBERG;Fachverkäufer/in - Lebensmittelhandwerk (Bäckerei) | Fachverkäufer/in - Lebensmittelhandwerk (Fleischerei) | Fleischer/in | Kaufmann/-frau - Einzelhandel | Verkäufer/in;5;8;2026-09-20;2026-09-23;2026;ba-jobsuche;;
Gross GmbH & Co. KG;Köngen;73257;Plochinger Str.;BADEN_WUERTTEMBERG;Berufskraftfahrer/in;1;1;2026-09-20;2026-09-23;2026;ba-jobsuche;;
Hans-Jörg Schmauk Gartenbaubetrieb;Köngen;73257;Denkendorfer Str.;BADEN_WUERTTEMBERG;Gärtner/in - Zierpflanzenbau;1;1;2026-09-20;2026-09-23;2026;ba-jobsuche;;
Maier Heiztechnik GmbH;Köngen;73257;Wertstr.;BADEN_WUERTTEMBERG;Anlagenmechaniker/in - Sanitär-, Heizungs- und Klimatechnik;1;1;2026-09-20;2026-09-23;2026;ba-jobsuche;;
Maier-Unitas GmbH Maschinenfabrik;Köngen;73257;Nürtinger Str.;BADEN_WUERTTEMBERG;Industriemechaniker/in;1;2;2026-09-20;2026-09-23;2026;ba-jobsuche;;
Martin Sell;Köngen;73257;Hirschstr.;BADEN_WUERTTEMBERG;Zahnmedizinische/r Fachangestellte/r;1;1;2026-09-20;2026-09-23;2026;ba-jobsuche;;
Robert Aldinger GmbH;Köngen;73257;Wertstraße;BADEN_WUERTTEMBERG;Feinwerkmechaniker/in;1;1;2026-09-20;2026-09-23;2026;ba-jobsuche;;
Shoe4You GmbH & Co. KG;Köngen;73257;Imanuel-Maier-Straße;BADEN_WUERTTEMBERG;Kaufmann/-frau - Einzelhandel | Verkäufer/in;2;2;2026-09-20;2026-09-23;2026;ba-jobsuche;;
Ulrich Nissle Gartengestaltung;Köngen;73257;Schlosserstr.;BADEN_WUERTTEMBERG;Gärtner/in - Garten- und Landschaftsbau;1;1;2026-09-20;2026-09-23;2026;ba-jobsuche;;
Albrecht Ulrich;Korb, Remstal;71404;Steinstr.;BADEN_WUERTTEMBERG;Steinmetz/in und Steinbildhauer/in - Steinmetzarbeiten;1;1;2026-09-20;2026-09-23;2026;ba-jobsuche;;
Dr. med. dent. Reinhard Eisele;Korb, Remstal;71404;Winnender Str.;BADEN_WUERTTEMBERG;Zahnmedizinische/r Fachangestellte/r;1;1;2026-09-20;2026-09-23;2026;ba-jobsuche;;
KiK Textilien und Non-Food GmbH;Korb, Remstal;71404;Winnender Straße 31;BADEN_WUERTTEMBERG;Fachwirt/in - Handel (doppelt qualifizierende Ausbildung);1;1;2026-09-20;2026-09-23;2026;ba-jobsuche;;
KK-Service-GmbH & Co. KG;Korb, Remstal;71404;Im Riebeisen;BADEN_WUERTTEMBERG;Fachkraft - Lagerlogistik | Fachkraft - Möbel-, Küchen- und Umzugsservice;2;2;2026-09-20;2026-09-23;2026;ba-jobsuche;;
REWE Markt GmbH ZwNL Südwest;Korb, Remstal;71404;;BADEN_WUERTTEMBERG;Verkäufer/in;1;1;2026-09-20;2026-09-23;2026;ba-jobsuche;;
Ruckh GmbH Elektromotorenbau;Korb, Remstal;71404;Boschstr.;BADEN_WUERTTEMBERG;Elektroniker/in - Maschinen und Antriebstechnik (BBiG) | Zerspanungsmechaniker/in;2;2;2026-09-20;2026-09-23;2026;ba-jobsuche;;
Arnold Gerüstbau GmbH;Korntal-Münchingen;70825;Lembergstr.;BADEN_WUERTTEMBERG;Gerüstbauer/in;1;1;2026-09-20;2026-09-23;2026;ba-jobsuche;;
ATLANTA Antriebssysteme GmbH;Korntal-Münchingen;70825;Raiffeisenstr.;BADEN_WUERTTEMBERG;Industriemechaniker/in;1;1;2026-09-20;2026-09-22;2026;ba-jobsuche;;
Diakonie der Evangelischen Brüdergemeinde Korntal gemeinnützige GmbH;Korntal-Münchingen;70825;Saalplatz;BADEN_WUERTTEMBERG;Pflegefachmann/-frau (Ausbildung);1;1;2026-09-20;2026-09-23;2026;ba-jobsuche;;
Evangelische Diakonie Schwesternschaft Herrenberg- Kornta e. V.;Korntal-Münchingen;70825;Auf dem Roßbühl;BADEN_WUERTTEMBERG;Haus- und Familienpfleger/in (Ausbildung);1;1;2026-09-20;2026-09-23;2026;ba-jobsuche;;
F.G. Logistics GmbH;Korntal-Münchingen;70825;Kornwestheimer Str.;BADEN_WUERTTEMBERG;Fachkraft - Lagerlogistik | Kaufmann/-frau - Spedition und Logistikdienstleistung;2;3;2026-09-20;2026-09-23;2026;ba-jobsuche;;
Felix Kloz GmbH;Korntal-Münchingen;70825;;BADEN_WUERTTEMBERG;Automobilkaufmann/-frau | Kraftfahrzeugmechatroniker/in - Personenkraftwagentechnik;2;2;2026-09-20;2026-09-23;2026;ba-jobsuche;;
Hugo Benzing GmbH & Co. KG;Korntal-Münchingen;70825;Daimlerstr.;BADEN_WUERTTEMBERG;Industriekaufmann/-frau;1;1;2026-09-20;2026-09-23;2026;ba-jobsuche;;
Kachelofen- & Lüftungsbau Mario Garcia-Greno;Korntal-Münchingen;70825;Goethestr.;BADEN_WUERTTEMBERG;Ofen- und Luftheizungsbauer/in;1;1;2026-09-20;2026-09-23;2026;ba-jobsuche;;
Kühner Wärmetauscher GmbH & Co. KG;Korntal-Münchingen;70825;Kornwestheimer Str.;BADEN_WUERTTEMBERG;Behälter- und Apparatebauer/in;1;2;2026-09-20;2026-09-23;2026;ba-jobsuche;;
Lidl Dienstleistung GmbH & Co. KG;Korntal-Münchingen;70825;Weilimdorfer Straße 21/5;BADEN_WUERTTEMBERG;Fachwirt/in - Handel (doppelt qualifizierende Ausbildung) | Verkäufer/in;2;4;2026-09-20;2026-09-23;2026;ba-jobsuche;;
Mirko Otto;Korntal-Münchingen;70825;Goethestr.;BADEN_WUERTTEMBERG;Anlagenmechaniker/in - Sanitär-, Heizungs- und Klimatechnik;1;1;2026-09-20;2026-09-23;2026;ba-jobsuche;;
Penny-Markt GmbH Verwaltung;Korntal-Münchingen;70825;;BADEN_WUERTTEMBERG;Kaufmann/-frau - Einzelhandel | Verkäufer/in;2;5;2026-09-20;2026-09-23;2026;ba-jobsuche;;
Sandrock Kunststoffe GmbH;Korntal-Münchingen;70825;Schwieberdinger Str.;BADEN_WUERTTEMBERG;Kunststoff- und Kautschuktechnologe/-technologin - Bauteile;1;1;2026-09-20;2026-09-23;2026;ba-jobsuche;;
Tepel GmbH;Korntal-Münchingen;70825;Zuffenhauser Str.;BADEN_WUERTTEMBERG;Kaufmann/-frau - Büromanagement;1;1;2026-09-20;2026-09-23;2026;ba-jobsuche;;
Trölsch GmbH;Korntal-Münchingen;70825;Kornwestheimer Str.;BADEN_WUERTTEMBERG;Konditor/in;1;1;2026-09-20;2026-09-23;2026;ba-jobsuche;;
Volvo Trucks Deutschland;Korntal-Münchingen;70825;Lingwiesenstraße 5;BADEN_WUERTTEMBERG;Fachkraft - Lagerlogistik | Kraftfahrzeugmechatroniker/in - Personenkraftwagentechnik;2;2;2026-09-20;2026-09-23;2026;ba-jobsuche;;
Walter Eckhardt GmbH Spedition + Logistik;Korntal-Münchingen;70825;Stuttgarter Str.;BADEN_WUERTTEMBERG;Kaufmann/-frau - Spedition und Logistikdienstleistung;1;1;2026-09-20;2026-09-23;2026;ba-jobsuche;;
ACSYS Lasertechnik GmbH;Kornwestheim;70806;Leibnizstr.;BADEN_WUERTTEMBERG;Industriekaufmann/-frau;1;1;2026-09-20;2026-09-23;2026;ba-jobsuche;;
ADASYS GmbH;Kornwestheim;70806;Max-Planck-Str.;BADEN_WUERTTEMBERG;Kaufmann/-frau - Groß- und Außenhandelsmanagement (Außenhandel);1;1;2026-09-20;2026-09-23;2026;ba-jobsuche;;
ALDI SÜD Dienstleistungs- SE & Co. oHG;Kornwestheim;70806;;BADEN_WUERTTEMBERG;Verkäufer/in;1;2;2026-09-20;2026-09-23;2026;ba-jobsuche;;
Dachser SE Head Office;Kornwestheim;70806;;BADEN_WUERTTEMBERG;Berufskraftfahrer/in | Dualer Student (m/w/d) BWL - Spedition, Transport und Logistik | Fachkraft - Lagerlogistik | Fachlagerist/in | Kaufmann/-frau - Spedition und Logistikdienstleistung;5;6;2026-09-20;2026-09-23;2026;ba-jobsuche;;
Deutsche Bahn AG;Kornwestheim;70806;;BADEN_WUERTTEMBERG;Eisenbahner/in - Zugverkehrssteuerung | Elektroniker/in - Betriebstechnik | Fachlagerist/in;3;3;2026-09-20;2026-09-23;2026;ba-jobsuche;;
Deutsche Post DHL;Kornwestheim;70806;;BADEN_WUERTTEMBERG;Fachkraft - Kurier-, Express- und Postdienstleistungen;1;1;2026-09-20;2026-09-23;2026;ba-jobsuche;;
die Schreinerei Muny GmbH;Kornwestheim;70806;Enzstr.;BADEN_WUERTTEMBERG;Tischler/in;1;1;2026-09-20;2026-09-23;2026;ba-jobsuche;;
dm-drogerie markt GmbH + Co.KG;Kornwestheim;70806;Kimry-Platz 8;BADEN_WUERTTEMBERG;Drogist/in;1;2;2026-09-20;2026-09-23;2026;ba-jobsuche;;
DSV Air & Sea Germany GmbH Kornwestheim;Kornwestheim;70806;Rudolf-Diesel-Str.;BADEN_WUERTTEMBERG;Bachelor of Arts (B.A.) BWL, Spedition & Logistik (m/w/d) | Kaufmann/-frau - Spedition und Logistikdienstleistung;2;2;2026-09-20;2026-09-23;2026;ba-jobsuche;;
DSV Stuttgart GmbH & Co.KG;Kornwestheim;70806;;BADEN_WUERTTEMBERG;Fachkraft - Lagerlogistik | Kaufmann/-frau - Spedition und Logistikdienstleistung;2;2;2026-09-20;2026-09-23;2026;ba-jobsuche;;
Flutur GmbH;Kornwestheim;70806;Murrstr.;BADEN_WUERTTEMBERG;Maler/in und Lackierer/in - Gestaltung und Instandhaltung;1;1;2026-09-20;2026-09-23;2026;ba-jobsuche;;
Große-Vehne Speditions-GmbH/Stuttgart;Kornwestheim;70806;;BADEN_WUERTTEMBERG;Berufskraftfahrer/in | Fachinformatiker/in - Systemintegration | Fachlagerist/in | Kaufmann/-frau - Spedition und Logistikdienstleistung | Mechatroniker/in;5;5;2026-09-20;2026-09-23;2026;ba-jobsuche;;
Holzbau Muny GmbH Zimmergeschäft;Kornwestheim;70806;Enzstr.;BADEN_WUERTTEMBERG;Zimmerer/Zimmerin;1;1;2026-09-20;2026-09-23;2026;ba-jobsuche;;
Hörgeräte LANGER GmbH & Co. KG;Kornwestheim;70806;Bahnhofsplatz 15;BADEN_WUERTTEMBERG;Hörakustiker/in;1;1;2026-09-20;2026-09-23;2026;ba-jobsuche;;
Institut Dr. Haag GmbH;Kornwestheim;70806;Friedenstr.;BADEN_WUERTTEMBERG;Baustoffprüfer/in;1;1;2026-09-20;2026-09-23;2026;ba-jobsuche;;
KiK Textilien und Non-Food GmbH;Kornwestheim;70806;Bahnhofstraße 2;BADEN_WUERTTEMBERG;Fachwirt/in - Handel (doppelt qualifizierende Ausbildung) | Kaufmann/-frau - Einzelhandel | Verkäufer/in;3;3;2026-09-20;2026-09-23;2026;ba-jobsuche;;
Landesamt für Geoinformation und Landentwicklung LGL;Kornwestheim;70806;Stuttgarter Straße;BADEN_WUERTTEMBERG;Fachinformatiker/in - Anwendungsentwicklung;1;1;2026-09-22;2026-09-23;2026;ba-jobsuche;;
Lidl Dienstleistung GmbH & Co. KG;Kornwestheim;70806;Leibnizstr.;BADEN_WUERTTEMBERG;Fachwirt/in - Handel (doppelt qualifizierende Ausbildung) | Verkäufer/in;2;2;2026-09-20;2026-09-23;2026;ba-jobsuche;;
McDonald's Deutschland LLC;Kornwestheim;70806;Aldinger Str. 85;BADEN_WUERTTEMBERG;Fachmann/-frau - Systemgastronomie;1;2;2026-09-20;2026-09-23;2026;ba-jobsuche;;
NKD Deutschland GmbH;Kornwestheim;70806;Güterbahnhofstr.;BADEN_WUERTTEMBERG;Fachwirt/in - Handel (doppelt qualifizierende Ausbildung);1;1;2026-09-20;2026-09-23;2026;ba-jobsuche;;
NORMA Lebensmittelfilialbetrieb Stiftung & Co. KG;Kornwestheim;70806;;BADEN_WUERTTEMBERG;Kaufmann/-frau - Einzelhandel | Verkäufer/in;2;2;2026-09-20;2026-09-23;2026;ba-jobsuche;;
O + S Offterdinger & Sailer GmbH;Kornwestheim;70806;Heinkelstr.;BADEN_WUERTTEMBERG;Duale Studierende BWL - Handel Bachelor of Arts (m/w/d) | Kaufmann/-frau - Groß- und Außenhandelsmanagement (Großhandel);2;2;2026-09-20;2026-09-23;2026;ba-jobsuche;;
Penny-Markt GmbH Verwaltung;Kornwestheim;70806;;BADEN_WUERTTEMBERG;Kaufmann/-frau - Einzelhandel;1;1;2026-09-20;2026-09-23;2026;ba-jobsuche;;
REWE Markt GmbH ZwNL Südwest;Kornwestheim;70806;;BADEN_WUERTTEMBERG;Fachverkäufer/in - Lebensmittelhandwerk (Fleischerei) | Fleischer/in | Kaufmann/-frau - Einzelhandel;3;8;2026-09-20;2026-09-23;2026;ba-jobsuche;;
SATA GmbH & Co. KG;Kornwestheim;70806;Domertalstr.;BADEN_WUERTTEMBERG;Industriekaufmann/-frau | Industriemechaniker/in;2;2;2026-09-20;2026-09-23;2026;ba-jobsuche;;
Stadt Kornwestheim;Kornwestheim;70806;Jakob-Sigle-Platz;BADEN_WUERTTEMBERG;Erzieher/in | Sozialpädagogische/r Assistent/in / Kinderpfleger/in | Verwaltungsfachangestellte/r - Kommunalverwaltung;3;3;2026-09-20;2026-09-23;2026;ba-jobsuche;;
Therapy Stream GmbH;Kornwestheim;70806;Eastleighstraße;BADEN_WUERTTEMBERG;Heilerziehungspfleger/in;1;1;2026-09-20;2026-09-23;2026;ba-jobsuche;;
Wüstenrot Bausparkasse AG;Kornwestheim;70806;W&W-Platz;BADEN_WUERTTEMBERG;Bankkaufmann/-frau;1;1;2026-09-20;2026-09-23;2026;ba-jobsuche;;
Deutsche Bahn AG;Lauffen am Neckar;74348;;BADEN_WUERTTEMBERG;Eisenbahner/in - Zugverkehrssteuerung;1;1;2026-09-20;2026-09-23;2026;ba-jobsuche;;
Hilligardt Kneer PartG mbB;Lauffen am Neckar;74348;Lange Str.;BADEN_WUERTTEMBERG;Steuerfachangestellte/r;1;1;2026-09-20;2026-09-23;2026;ba-jobsuche;;
R+V Allgemeine Versicherung AG;Lauffen am Neckar;74348;;BADEN_WUERTTEMBERG;Duales Studium B.A. BWL– Risk and Insurance Management/Finanzdienstleistungen Versicherung (m/w/d);1;1;2026-09-20;2026-09-23;2026;ba-jobsuche;;
REWE Markt GmbH ZwNL Südwest;Lauffen am Neckar;74348;;BADEN_WUERTTEMBERG;Kaufmann/-frau - Einzelhandel;1;1;2026-09-20;2026-09-23;2026;ba-jobsuche;;
ALDI SÜD Dienstleistungs- SE & Co. oHG;Leinfelden-Echterdingen;70771;;BADEN_WUERTTEMBERG;Verkäufer/in;1;2;2026-09-20;2026-09-23;2026;ba-jobsuche;;
Allianz Generalvertretung Jan Krüger;Leinfelden-Echterdingen;70771;Geranienstr.;BADEN_WUERTTEMBERG;Kaufmann/-frau - Versicherungen und Finanzanlagen;1;1;2026-09-20;2026-09-23;2026;ba-jobsuche;;
Apleona Security Services GmbH;Leinfelden-Echterdingen;70771;;BADEN_WUERTTEMBERG;Servicekraft - Schutz und Sicherheit;1;1;2026-09-20;2026-09-23;2026;ba-jobsuche;;
Baby One Leinfelden GmbH;Leinfelden-Echterdingen;70771;Adlerstr.;BADEN_WUERTTEMBERG;Kaufmann/-frau - Einzelhandel | Verkäufer/in;2;2;2026-09-20;2026-09-23;2026;ba-jobsuche;;
Bäckerei und Konditorei Treiber GmbH;Leinfelden-Echterdingen;70771;Hauptstraße;BADEN_WUERTTEMBERG;Fachverkäufer/in - Lebensmittelhandwerk (Bäckerei);1;1;2026-09-20;2026-09-23;2026;ba-jobsuche;;
Bautrocknung Matter GmbH;Leinfelden-Echterdingen;70771;Plieninger Str.;BADEN_WUERTTEMBERG;Kaufmann/-frau - Büromanagement;1;1;2026-09-20;2026-09-23;2026;ba-jobsuche;;
Boesner GmbH;Leinfelden-Echterdingen;70771;Sielminger Str.;BADEN_WUERTTEMBERG;Kaufmann/-frau - Groß- und Außenhandelsmanagement (Großhandel);1;1;2026-09-20;2026-09-23;2026;ba-jobsuche;;
BWM Fassadentechnik GmbH;Leinfelden-Echterdingen;70771;Bertha-Benz-Platz;BADEN_WUERTTEMBERG;Kaufmann/-frau - Groß- und Außenhandelsmanagement (Großhandel);1;1;2026-09-20;2026-09-23;2026;ba-jobsuche;;
Daimler Truck AG;Leinfelden-Echterdingen;70771;;BADEN_WUERTTEMBERG;Duales Studium BWL - Digital Business Management (B. A.) - all genders, Studienbeginn Oktober 2027 | Duales Studium BWL - International Business (B. A.) - all genders, Studienbeginn Oktober 2027 | Duales Studium BWL - International Business (B. A.) im Bereich Finance - all genders,... | Duales Studium Elektrotechnik und Informationstechnik - Elektronik (B. Eng.) - all genders,... | Duales Studium Informatik - IT-Automotive (B. Sc.) - all genders, Studienbeginn 2027 | Duales Studium Mechatronik - Elektromobilität und Fahrzeugsystemtechnik (B. Eng.) - all genders,... | Duales Studium Wirtschaftsinformatik - Application Management (B. Sc.) - all genders,... | Duales Studium Wirtschaftsinformatik - Data Science ( B. Sc.) - all genders, Studienbeginn... | Fachmann/-frau - Systemgastronomie | Koch/Köchin;10;10;2026-09-20;2026-09-23;2026;ba-jobsuche;;
Deichmann SE;Leinfelden-Echterdingen;70771;Ulmer Straße 2;BADEN_WUERTTEMBERG;Fachwirt/in - Handel (doppelt qualifizierende Ausbildung) | Kaufmann/-frau - Einzelhandel | Verkäufer/in;3;3;2026-09-20;2026-09-23;2026;ba-jobsuche;;
Deutsche Telekom AG;Leinfelden-Echterdingen;70771;;BADEN_WUERTTEMBERG;Fachinformatiker/in - Systemintegration | Kaufmann/-frau - Büromanagement | Kaufmann/-frau - IT-System-Management;3;4;2026-09-20;2026-09-23;2026;ba-jobsuche;;
Dipl. Ing. (FH) Frank Laiss Sanitär- & Heizungstechnik;Leinfelden-Echterdingen;70771;Erlachstr.;BADEN_WUERTTEMBERG;Anlagenmechaniker/in - Sanitär-, Heizungs- und Klimatechnik;1;1;2026-09-20;2026-09-23;2026;ba-jobsuche;;
dm-drogerie markt GmbH + Co.KG;Leinfelden-Echterdingen;70771;Ulmer Straße 2;BADEN_WUERTTEMBERG;Drogist/in | Duales Studium BWL-Handel (B. A.) 2027 in 70771 Leinfelden-Echterdingen;2;3;2026-09-20;2026-09-23;2026;ba-jobsuche;;
Dr.Sauter, Dr.Conzelmann, Dr. Herberth;Leinfelden-Echterdingen;70771;Bernhäuser Str.;BADEN_WUERTTEMBERG;Medizinische/r Fachangestellte/r;1;1;2026-09-20;2026-09-23;2026;ba-jobsuche;;
EDEKA Südwest Stiftung & Co. KG;Leinfelden-Echterdingen;70771;Hohenheimer Strasse 7;BADEN_WUERTTEMBERG;Kaufmann/-frau - Einzelhandel | Verkäufer/in;2;4;2026-09-20;2026-09-23;2026;ba-jobsuche;;
EUCHNER GmbH + Co.KG Industrieelektrik;Leinfelden-Echterdingen;70771;Kohlhammerstr.;BADEN_WUERTTEMBERG;Bachelor of Engineering (B. Eng.) Elektrotechnik und Informationstechnik 2027 | Bachelor of Engineering (B. Eng.) Embedded Systems 2027 | Bachelor of Engineering (B. Eng.) Wirtschaftsingenieurwesen (Vertiefung Elektrotechnik) 2027 | Elektroniker/in - Geräte und Systeme | Fachinformatiker/in - Anwendungsentwicklung | Fachinformatiker/in - Daten- und Prozessanalyse | Fachinformatiker/in - Systemintegration | Industriekaufmann/-frau | Studium 2026 | Studium 2027 | Studium 2027 - Duales Studium Informatik (Bachelor of Science);11;12;2026-09-20;2026-09-23;2026;ba-jobsuche;;
EUCHNER GmbH+ Co. KG;Leinfelden-Echterdingen;70771;;BADEN_WUERTTEMBERG;Elektroniker/in - Geräte und Systeme | Fachinformatiker/in - Systemintegration | Industriekaufmann/-frau;3;3;2026-09-20;2026-09-23;2026;ba-jobsuche;;
FILDERHALLE Leinfelden - Echterdingen GmbH Convention & Event Center;Leinfelden-Echterdingen;70771;Bahnhofstr.;BADEN_WUERTTEMBERG;Duales Studium BWL - Messe-/ Kongress- und Eventmanagement - Start Oktober 2027 | Fachkraft - Veranstaltungstechnik;2;2;2026-09-20;2026-09-23;2026;ba-jobsuche;;
Haug GmbH & Co. KG Ionisationstechnik;Leinfelden-Echterdingen;70771;Friedrich-List-Str.;BADEN_WUERTTEMBERG;Industriekaufmann/-frau;1;1;2026-09-20;2026-09-23;2026;ba-jobsuche;;
IFAA GmbH;Leinfelden-Echterdingen;;;BADEN_WUERTTEMBERG;Sport- und Fitnesskaufmann/-frau;1;1;2026-09-20;2026-09-23;2026;ba-jobsuche;;
ITK Fabrik GmbH;Leinfelden-Echterdingen;70771;Friedrich-List-Str.;BADEN_WUERTTEMBERG;Fachinformatiker/in - Systemintegration;1;1;2026-09-20;2026-09-23;2026;ba-jobsuche;;
JW Froehlich Maschinenfabrik GmbH;Leinfelden-Echterdingen;70771;Kohlhammerstr.;BADEN_WUERTTEMBERG;Bachelor of Engineering Elektrotechnik (m/w/d) | Bachelor of Engineering Maschinenbau - Konstruktion und Entwicklung (m/w/d) | Elektroniker/in - Betriebstechnik | Industriekaufmann/-frau | Industriemechaniker/in | Mechatroniker/in;6;10;2026-09-20;2026-09-23;2026;ba-jobsuche;;
Katholische Gesamtkirchengemeinde Leinfelden-Echterdingen;Leinfelden-Echterdingen;70771;Bonländer Str.;BADEN_WUERTTEMBERG;Erzieher/in;1;1;2026-09-20;2026-09-23;2026;ba-jobsuche;;
Kieback & Peter GmbH & Co. KG;Leinfelden-Echterdingen;70771;Leinfelder Straße 60;BADEN_WUERTTEMBERG;Technische/r Systemplaner/in - Versorgungs- und Ausrüstungstechnik;1;1;2026-09-20;2026-09-23;2026;ba-jobsuche;;
KiK Textilien und Non-Food GmbH;Leinfelden-Echterdingen;70771;Adlerstraße 11;BADEN_WUERTTEMBERG;Fachwirt/in - Handel (doppelt qualifizierende Ausbildung) | Kaufmann/-frau - Einzelhandel | Verkäufer/in;3;3;2026-09-20;2026-09-23;2026;ba-jobsuche;;
koki Haustechnik GmbH & Co. KG;Leinfelden-Echterdingen;70771;Steinbeisstraße 32;BADEN_WUERTTEMBERG;Anlagenmechaniker/in | Duales Studium zum Bachelor of Arts - BWL Handwerk für 2027 (m/w/d);2;2;2026-09-20;2026-09-23;2026;ba-jobsuche;;
Lidl Dienstleistung GmbH & Co. KG;Leinfelden-Echterdingen;70771;Heilbronner Str.;BADEN_WUERTTEMBERG;Fachwirt/in - Handel (doppelt qualifizierende Ausbildung) | Verkäufer/in;2;6;2026-09-20;2026-09-23;2026;ba-jobsuche;;
Mader GmbH & Co. KG;Leinfelden-Echterdingen;70771;Brühlhofstr.;BADEN_WUERTTEMBERG;Kaufmann/-frau - Digitalisierungsmanagement | Kaufmann/-frau - E-Commerce | Kaufmann/-frau - Groß- und Außenhandelsmanagement (Großhandel);3;3;2026-09-20;2026-09-23;2026;ba-jobsuche;;
Metzgerei Martin Vohl;Leinfelden-Echterdingen;70771;Poststr.;BADEN_WUERTTEMBERG;Fachverkäufer/in - Lebensmittelhandwerk (Fleischerei);1;1;2026-09-20;2026-09-23;2026;ba-jobsuche;;
Minol Messtechnik W. Lehmann GmbH & Co. KG;Leinfelden-Echterdingen;70771;Nikolaus-Otto-Str.;BADEN_WUERTTEMBERG;Bachelor of Arts (m/w/d) BWL - Digital Business Management 2027 | Bachelor of Engineering (m/w/d) Maschinenbau - Versorgungs- und Energiemanagement 2027 | Bachelor of Science (m/w/d) Wirtschaftsinformatik - Application Management 2027 | Bachelor of Science (m/w/d) Wirtschaftsinformatik - Data Science 2027;4;4;2026-09-20;2026-09-23;2026;ba-jobsuche;;
Minol ZENNER Connect  GmbH;Leinfelden-Echterdingen;70771;Nikolaus-Otto-Str.;BADEN_WUERTTEMBERG;Bachelor of Engineering (m/w/d) Wirtschaftsingenieurwesen - Elektrotechnik 2027;1;1;2026-09-20;2026-09-23;2026;ba-jobsuche;;
msg life central europe gmbh;Leinfelden-Echterdingen;70771;Humboldtstr.;BADEN_WUERTTEMBERG;Duales Studium BWL-Risk and Insurance Management in Kooperation mit der DHBW Stuttgart | Duales Studium Wirtschaftsinformatik in Kooperation mit der DHBW Stuttgart | Fachinformatiker/in - Anwendungsentwicklung;3;3;2026-09-20;2026-09-23;2026;ba-jobsuche;;
MundingDrifthausWilhelm StB-GmbH;Leinfelden-Echterdingen;70771;Hauptstr.;BADEN_WUERTTEMBERG;Kaufmann/-frau - Büromanagement | Steuerfachangestellte/r;2;2;2026-09-20;2026-09-23;2026;ba-jobsuche;;
MVZ Orthopädie & Unfallchirurgie Leinfelden GmbH;Leinfelden-Echterdingen;70771;Bahnhofstr.;BADEN_WUERTTEMBERG;Medizinische/r Fachangestellte/r;1;1;2026-09-20;2026-09-23;2026;ba-jobsuche;;
NORMA Lebensmittelfilialbetrieb Stiftung & Co. KG;Leinfelden-Echterdingen;70771;;BADEN_WUERTTEMBERG;Kaufmann/-frau - Einzelhandel | Verkäufer/in;2;2;2026-09-20;2026-09-23;2026;ba-jobsuche;;
Otto Arnold GmbH;Leinfelden-Echterdingen;70771;Im Spitzhau;BADEN_WUERTTEMBERG;Duales Studium: BWL - Handel - Management im Garten- und Landschaftsbau (m/w/d) 2027 | Gärtner/in - Garten- und Landschaftsbau;2;2;2026-09-20;2026-09-23;2026;ba-jobsuche;;
Penny-Markt GmbH Verwaltung;Leinfelden-Echterdingen;70771;;BADEN_WUERTTEMBERG;Kaufmann/-frau - Einzelhandel | Verkäufer/in;2;2;2026-09-20;2026-09-23;2026;ba-jobsuche;;
Power Play Fitness For Ladies GmbH;Leinfelden-Echterdingen;70771;Gutenbergstr.;BADEN_WUERTTEMBERG;Sport- und Fitnesskaufmann/-frau;1;2;2026-09-20;2026-09-23;2026;ba-jobsuche;;
pro optik Augenoptik Fachgesch äft GmbH;Leinfelden-Echterdingen;70771;Hauptstr.;BADEN_WUERTTEMBERG;Augenoptiker/in;1;2;2026-09-20;2026-09-23;2026;ba-jobsuche;;
REWE Markt GmbH ZwNL Südwest;Leinfelden-Echterdingen;70771;;BADEN_WUERTTEMBERG;Fachverkäufer/in - Lebensmittelhandwerk (Fleischerei) | Fleischer/in | Kaufmann/-frau - Einzelhandel;3;7;2026-09-20;2026-09-23;2026;ba-jobsuche;;
Rhombus Beteiligungs-GmbH & Co. KG;Leinfelden-Echterdingen;70771;Sindelfinger Str.;BADEN_WUERTTEMBERG;Kaufmann/-frau - Büromanagement;1;1;2026-09-20;2026-09-23;2026;ba-jobsuche;;
Richard Tscherwitschke GmbH;Leinfelden-Echterdingen;70771;Dieselstr.;BADEN_WUERTTEMBERG;Industriemechaniker/in | Kunststoff- und Kautschuktechnologe/-technologin - Formteile | Maschinen- und Anlagenführer/in (ohne Angabe des Schwerpunkts);3;3;2026-09-20;2026-09-23;2026;ba-jobsuche;;
Robert Bosch GmbH;Leinfelden-Echterdingen;70771;;BADEN_WUERTTEMBERG;Mechatroniker/in;1;1;2026-09-20;2026-09-23;2026;ba-jobsuche;;
Roto Frank Fenster- und Türtechnologie GmbH;Leinfelden-Echterdingen;70771;Wilhelm-Frank-Platz;BADEN_WUERTTEMBERG;Bachelor of Engineering - Wirtschaftsingenieurwesen - Start im September 2027 | DHBW-Studium zum Bachelor of Arts - BWL-Industrial Business Management - Start im September 2027 | Elektroniker/in - Betriebstechnik | Industriemechaniker/in;4;4;2026-09-20;2026-09-23;2026;ba-jobsuche;;
Rudolf Gmelin GmbH & Co. KG Mühle und Bäckerei;Leinfelden-Echterdingen;70771;Eselsmühle;BADEN_WUERTTEMBERG;Bäcker/in;1;1;2026-09-20;2026-09-23;2026;ba-jobsuche;;
Ruthardt Softwaretechnik GmbH;Leinfelden-Echterdingen;70771;Friedrich-List-Str.;BADEN_WUERTTEMBERG;Fachinformatiker/in - Anwendungsentwicklung;1;1;2026-09-20;2026-09-23;2026;ba-jobsuche;;
Ruthardt Systemhaus GmbH;Leinfelden-Echterdingen;70771;Stadionstr.;BADEN_WUERTTEMBERG;Fachinformatiker/in - Systemintegration;1;1;2026-09-20;2026-09-23;2026;ba-jobsuche;;
Saßenscheidt Augenoptik Inhaber Jörg Schweigert;Leinfelden-Echterdingen;70771;Hauptstr.;BADEN_WUERTTEMBERG;Augenoptiker/in;1;1;2026-09-20;2026-09-23;2026;ba-jobsuche;;
SCHARR TEC GmbH & Co. KG;Leinfelden-Echterdingen;70771;Sielmingerstr. 35;BADEN_WUERTTEMBERG;Anlagenmechaniker/in - Sanitär-, Heizungs- und Klimatechnik | Elektroniker/in - Automatisierungstechnik;2;2;2026-09-20;2026-09-23;2026;ba-jobsuche;;
Schneider Electric GmbH;Leinfelden-Echterdingen;70771;;BADEN_WUERTTEMBERG;Duales Studium | Energie-Ingenieurwesen | HS Biberach | Leinfelden-Echterdingen | 2026 (w/m/d) | Elektroniker/in - Automatisierungstechnik;2;2;2026-09-20;2026-09-23;2026;ba-jobsuche;;
Sehne Backwaren KG;Leinfelden-Echterdingen;70771;Hohenheimer Straße;BADEN_WUERTTEMBERG;Fachverkäufer/in - Lebensmittelhandwerk (Bäckerei);1;1;2026-09-20;2026-09-23;2026;ba-jobsuche;;
Sport-Räpple GmbH;Leinfelden-Echterdingen;70771;Adlerstr.;BADEN_WUERTTEMBERG;Verkäufer/in;1;1;2026-09-20;2026-09-23;2026;ba-jobsuche;;
Stadt Leinfelden-Echterdingen;Leinfelden-Echterdingen;70771;;BADEN_WUERTTEMBERG;Dualer Student Bachelor of Arts - Public Management (m/w/d);1;1;2026-09-20;2026-09-23;2026;ba-jobsuche;;
Stadt Leinfelden-Echterdingen KdöR;Leinfelden-Echterdingen;70771;Marktplatz;BADEN_WUERTTEMBERG;Bachelor of Arts - Kindheitspädagogik 2027 | Bachelor of Arts - Public Management (m/w/d) 2027 | Erzieher/in;3;3;2026-09-20;2026-09-23;2026;ba-jobsuche;;
Stadt-Apotheke Markus Hobler e.K.;Leinfelden-Echterdingen;70771;Echterdinger Str.;BADEN_WUERTTEMBERG;Pharmazeutisch-kaufmännische/r Angestellte/r;1;1;2026-09-20;2026-09-23;2026;ba-jobsuche;;
Stephan Mache MACHE Online;Leinfelden-Echterdingen;70771;Bernhäuser Str.;BADEN_WUERTTEMBERG;Pharmazeutisch-kaufmännische/r Angestellte/r;1;1;2026-09-20;2026-09-23;2026;ba-jobsuche;;
Wiesbauer GmbH & Co. KG;Leinfelden-Echterdingen;70771;Sielminger Str.;BADEN_WUERTTEMBERG;Berufskraftfahrer/in;1;1;2026-09-20;2026-09-23;2026;ba-jobsuche;;
Wilhelm Cordier BHS Betriebshygiene-Systeme;Leinfelden-Echterdingen;70771;Steinbeisstr.;BADEN_WUERTTEMBERG;Kaufmann/-frau - Groß- und Außenhandelsmanagement (Großhandel);1;1;2026-09-20;2026-09-23;2026;ba-jobsuche;;
Zahnärztliche Gemeinschafts- praxis Dr. Erol Bilali & Dr. Alexander Kühn;Leinfelden-Echterdingen;70771;Hauptstr.;BADEN_WUERTTEMBERG;Zahnmedizinische/r Fachangestellte/r;1;1;2026-09-20;2026-09-23;2026;ba-jobsuche;;
ALDI SÜD Dienstleistungs- SE & Co. oHG;Leonberg, Württemberg;71229;;BADEN_WUERTTEMBERG;Verkäufer/in;1;2;2026-09-20;2026-09-23;2026;ba-jobsuche;;
Apotheke Warmbronn Inh. Dr. Martin Bacher;Leonberg, Württemberg;71229;Planstr.;BADEN_WUERTTEMBERG;Pharmazeutisch-kaufmännische/r Angestellte/r;1;1;2026-09-20;2026-09-23;2026;ba-jobsuche;;
Atrio Leonberg e.V.;Leonberg, Württemberg;71229;Böblinger Str.;BADEN_WUERTTEMBERG;DHBW-Studium Soziale Arbeit;1;1;2026-09-20;2026-09-23;2026;ba-jobsuche;;
big. bechtold-gruppe;Leonberg, Württemberg;71229;Neue Ramtelstraße 4/2;BADEN_WUERTTEMBERG;Technische/r Systemplaner/in - Versorgungs- und Ausrüstungstechnik;1;1;2026-09-20;2026-09-23;2026;ba-jobsuche;;
Bodystreet GmbH;Leonberg, Württemberg;71229;;BADEN_WUERTTEMBERG;Sport- und Fitnesskaufmann/-frau;1;1;2026-09-20;2026-09-23;2026;ba-jobsuche;;
Deutsche Post DHL;Leonberg, Württemberg;71229;;BADEN_WUERTTEMBERG;Fachkraft - Kurier-, Express- und Postdienstleistungen;1;1;2026-09-20;2026-09-23;2026;ba-jobsuche;;
Dietrich GmbH;Leonberg, Württemberg;71229;Am Längenbühl;BADEN_WUERTTEMBERG;Kaufmann/-frau - Büromanagement;1;1;2026-09-20;2026-09-23;2026;ba-jobsuche;;
dm-drogerie markt GmbH + Co.KG;Leonberg, Württemberg;71229;Leonberger Straße 98;BADEN_WUERTTEMBERG;Drogist/in;1;2;2026-09-20;2026-09-23;2026;ba-jobsuche;;
Dr. med. dent. Maren Ohnmeiß;Leonberg, Württemberg;71229;Grabenstr.;BADEN_WUERTTEMBERG;Zahnmedizinische/r Fachangestellte/r;1;1;2026-09-20;2026-09-23;2026;ba-jobsuche;;
Dr. med. Nicola Nienhues;Leonberg, Württemberg;71229;Eltinger Str.;BADEN_WUERTTEMBERG;Medizinische/r Fachangestellte/r;1;1;2026-09-20;2026-09-23;2026;ba-jobsuche;;
Dr. Scheltdorf Apotheken OHG Central-Apotheke International;Leonberg, Württemberg;71229;Leonberger Str.;BADEN_WUERTTEMBERG;Pharmazeutisch-kaufmännische/r Angestellte/r;1;1;2026-09-20;2026-09-23;2026;ba-jobsuche;;
Dres. Kolb-Ardjomand u. Markus-Kristoffer Kolb;Leonberg, Württemberg;71229;Graf-Ulrich-Str.;BADEN_WUERTTEMBERG;Medizinische/r Fachangestellte/r;1;1;2026-09-22;2026-09-23;2026;ba-jobsuche;;
EDEKA Südwest Stiftung & Co. KG;Leonberg, Württemberg;71229;Leonberger Straße 98;BADEN_WUERTTEMBERG;Fachverkäufer/in - Lebensmittelhandwerk (Bäckerei) | Fachverkäufer/in - Lebensmittelhandwerk (Fleischerei) | Fachwirt/in - Handel (doppelt qualifizierende Ausbildung) | Kaufmann/-frau - Einzelhandel | Verkäufer/in;5;8;2026-09-20;2026-09-23;2026;ba-jobsuche;;
Elektro-und Lichthaus Knapp GmbH;Leonberg, Württemberg;71229;Dieselstr.;BADEN_WUERTTEMBERG;Elektroniker/in - Energie- und Gebäudetechnik;1;1;2026-09-20;2026-09-23;2026;ba-jobsuche;;
Ernst Granzow GmbH & Co. KG Elektro-Fachgroßhandel;Leonberg, Württemberg;71229;Hertichstr. 27;BADEN_WUERTTEMBERG;Bachelor of Arts BWL-Handelsmanagement (m/w/d) | Fachkraft - Lagerlogistik | Kaufmann/-frau - Groß- und Außenhandelsmanagement (Großhandel);3;3;2026-09-20;2026-09-23;2026;ba-jobsuche;;
Fahrrad Imle Leonberg GmbH;Leonberg, Württemberg;71229;Schweizermühle;BADEN_WUERTTEMBERG;Fahrradmonteur/in | Kaufmann/-frau - Einzelhandel | Zweiradmechatroniker/in - Fahrradtechnik;3;3;2026-09-20;2026-09-23;2026;ba-jobsuche;;
Fielmann AG;Leonberg, Württemberg;71229;;BADEN_WUERTTEMBERG;Augenoptiker/in;1;1;2026-09-20;2026-09-23;2026;ba-jobsuche;;
Fitness für Leonberg GmbH;Leonberg, Württemberg;71229;Riedwiesenstr.;BADEN_WUERTTEMBERG;Bachelor of Arts - Fitnessökonomie (m/w/d);1;1;2026-09-20;2026-09-23;2026;ba-jobsuche;;
Frau Dr. med. dent. Danae Brender;Leonberg, Württemberg;71229;Römerstr.;BADEN_WUERTTEMBERG;Zahnmedizinische/r Fachangestellte/r;1;1;2026-09-20;2026-09-23;2026;ba-jobsuche;;
Friedewald Restaurant GmbH;Leonberg, Württemberg;71229;Neue Ramtelstr.;BADEN_WUERTTEMBERG;Fachmann/-frau - Systemgastronomie;1;1;2026-09-20;2026-09-23;2026;ba-jobsuche;;
GEZE GmbH;Leonberg, Württemberg;;;BADEN_WUERTTEMBERG;Duales Studium BWL-Industrial Business Management ab 2027 | Duales Studium BWL-International Business ab 2027 | Duales Studium Data Science & KI ab 2027 | Duales Studium Mechatronik (m|w|d) für 2027 | Duales Studium Wirtschafsingenieurwesen ab 2027 | Duales Studium Wirtschaftsinformatik - Application Management ab 2027 | Industriemechaniker/in | Maschinen- und Anlagenführer/in (ohne Angabe des Schwerpunkts) | Mechatroniker/in;9;9;2026-09-20;2026-09-23;2026;ba-jobsuche;;
Hans Frey Rolladen u. Sonnenschutz GmbH;Leonberg, Württemberg;71229;Hertichstr.;BADEN_WUERTTEMBERG;Rollladen- und Sonnenschutzmechatroniker/in;1;1;2026-09-20;2026-09-23;2026;ba-jobsuche;;
Heinrich Schmid GmbH & Co. KG;Leonberg, Württemberg;71229;Dieselstraße 7;BADEN_WUERTTEMBERG;Maler/in und Lackierer/in - Gestaltung und Instandhaltung;1;1;2026-09-20;2026-09-23;2026;ba-jobsuche;;
Henry Schweizer GmbH & Co. KG;Leonberg, Württemberg;71229;Mollenbachstraße 55;BADEN_WUERTTEMBERG;Duales Studium zum Bachelor of Arts - BWL Handwerk für 2026 (m/w/d) | Duales Studium zum Bachelor of Arts - BWL Handwerk für 2027 (m/w/d) | Duales Studium zum Bachelor of Engineering - Bauingenieurwesen für 2027 (m/w/d) | Duales Studium zum Bachelor of Engineering - Wirtschaftsingenieurwesen für 2027 (m/w/d) | Maler/in und Lackierer/in - Gestaltung und Instandhaltung | Stuckateur/in | Trockenbaumonteur/in;7;7;2026-09-20;2026-09-23;2026;ba-jobsuche;;
Hotel Hirsch - Heinrich Eiss GmbH & Co. KG;Leonberg, Württemberg;71229;Hindenburgstr.;BADEN_WUERTTEMBERG;Hotelfachmann/-frau;1;1;2026-09-20;2026-09-23;2026;ba-jobsuche;;
Jürgen Ziegler Zimmergeschäft GmbH & Co. KG;Leonberg, Württemberg;71229;Bruckenbachstr.;BADEN_WUERTTEMBERG;Zimmerer/Zimmerin;1;1;2026-09-20;2026-09-23;2026;ba-jobsuche;;
Kaufland;Leonberg, Württemberg;71229;;BADEN_WUERTTEMBERG;Bankkaufmann/-frau | Fachwirt/in - Handel (doppelt qualifizierende Ausbildung) | Verkäufer/in;3;3;2026-09-20;2026-09-23;2026;ba-jobsuche;;
Kaufland Dienstleistung GmbH & Co. KG;Leonberg, Württemberg;71229;Römerstraße;BADEN_WUERTTEMBERG;Duales Studium BWL Handel - Filiale (B.A.) 2027 | Verkäufer/in;2;2;2026-09-20;2026-09-23;2026;ba-jobsuche;;
KERTU Janni Ossas;Leonberg, Württemberg;71229;Bahnhofstr.;BADEN_WUERTTEMBERG;Friseur/in;1;1;2026-09-20;2026-09-23;2026;ba-jobsuche;;
Kiesel GmbH;Leonberg, Württemberg;;;BADEN_WUERTTEMBERG;Land- und Baumaschinenmechatroniker/in;1;1;2026-09-20;2026-09-23;2026;ba-jobsuche;;
KiK Textilien und Non-Food GmbH;Leonberg, Württemberg;71229;Eltinger Str. 56;BADEN_WUERTTEMBERG;Fachwirt/in - Handel (doppelt qualifizierende Ausbildung) | Fachwirt/in - Vertrieb im Einzelhandel (doppelt qualifizierende Ausbildung);2;2;2026-09-20;2026-09-23;2026;ba-jobsuche;;
Klinikverbund Südwest;Leonberg, Württemberg;71229;;BADEN_WUERTTEMBERG;Bachelor of Science Pflege ab 1.10.26 | Duales Studium Physician Assistant  (m/w/d) ab 01.10.2026 | Gesundheits- und Krankenpflegehelfer/in | Medizinische/r Technologe/Technologin - Radiologie | Pflegefachmann/-frau (Ausbildung);5;5;2026-09-20;2026-09-23;2026;ba-jobsuche;;
Kogel Heizung-Haustechnik GmbH;Leonberg, Württemberg;71229;Torfstr.;BADEN_WUERTTEMBERG;Anlagenmechaniker/in - Sanitär-, Heizungs- und Klimatechnik;1;1;2026-09-20;2026-09-23;2026;ba-jobsuche;;
LEWA GmbH;Leonberg, Württemberg;71229;Ulmer Str.;BADEN_WUERTTEMBERG;Duales Studium Bachelor of Engineering (m/w/d) - Studienbeginn 2027 | Fachkraft - Lagerlogistik | Industriekaufmann/-frau | Industriemechaniker/in | Mechatroniker/in;5;5;2026-09-20;2026-09-23;2026;ba-jobsuche;;
Lidl Dienstleistung GmbH & Co. KG;Leonberg, Württemberg;71229;Ditzinger Str.;BADEN_WUERTTEMBERG;Fachwirt/in - Handel (doppelt qualifizierende Ausbildung) | Verkäufer/in;2;4;2026-09-20;2026-09-23;2026;ba-jobsuche;;
MetPro Verpackungs-Service GmbH;Leonberg, Württemberg;71229;Neue Ramtelstr.;BADEN_WUERTTEMBERG;Kaufmann/-frau - Büromanagement;1;1;2026-09-20;2026-09-23;2026;ba-jobsuche;;
Müller Holding GmbH & Co. KG;Leonberg, Württemberg;71229;Leonbergerstrasse 98-108 (Leo-;BADEN_WUERTTEMBERG;Fachwirt/in - Handel (doppelt qualifizierende Ausbildung);1;1;2026-09-20;2026-09-23;2026;ba-jobsuche;;
Music & Light Design GmbH;Leonberg, Württemberg;71229;Bruckenbachstr.;BADEN_WUERTTEMBERG;Fachkraft - Veranstaltungstechnik;1;1;2026-09-20;2026-09-23;2026;ba-jobsuche;;
Netto Marken-Discount Stiftung & Co. KG;Leonberg, Württemberg;71229;Wilhelmstr. 15;BADEN_WUERTTEMBERG;Kaufmann/-frau - Einzelhandel | Verkäufer/in;2;2;2026-09-20;2026-09-23;2026;ba-jobsuche;;
Nick GmbH Wärmepumpen und Elektrotechnik;Leonberg, Württemberg;71229;Heidenheimer Str.;BADEN_WUERTTEMBERG;Anlagenmechaniker/in - Sanitär-, Heizungs- und Klimatechnik;1;1;2026-09-20;2026-09-23;2026;ba-jobsuche;;
Oberfinanzdirektion Baden-Württemberg Land BW;Leonberg, Württemberg;71229;;BADEN_WUERTTEMBERG;Beamter/Beamtin - Steuerverwaltung (mittlerer nichttechnischer Dienst) | DUALES STUDIUM zum 01.10.2027 - Bachelor of Laws (geh. Dienst);2;2;2026-09-20;2026-09-23;2026;ba-jobsuche;;
Optik Fassl Inh. Sabine Frederking;Leonberg, Württemberg;71229;Brennerstr.;BADEN_WUERTTEMBERG;Augenoptiker/in;1;1;2026-09-20;2026-09-23;2026;ba-jobsuche;;
Pflegeverbund Strohgäu-Glems gGmbH;Leonberg, Württemberg;71229;In der Au;BADEN_WUERTTEMBERG;Haus- und Familienpfleger/in (Ausbildung) | Pflegefachmann/-frau (Ausbildung);2;2;2026-09-20;2026-09-23;2026;ba-jobsuche;;
Praxis Dr. G. Lang & Kollegen;Leonberg, Württemberg;71229;Brennerstr.;BADEN_WUERTTEMBERG;Zahnmedizinische/r Fachangestellte/r;1;1;2026-09-20;2026-09-23;2026;ba-jobsuche;;
PRO VITESS GmbH;Leonberg, Württemberg;71229;Maybachstr.;BADEN_WUERTTEMBERG;Bachelor of Arts - Sport- und Bewegungstherapie (m/w/d) | Bacholor of Arts - Fitnesstraining;2;2;2026-09-20;2026-09-23;2026;ba-jobsuche;;
Rainer Zachert Bäckerei-Konditorei;Leonberg, Württemberg;71229;Breslauer Str.;BADEN_WUERTTEMBERG;Bäcker/in | Fachverkäufer/in - Lebensmittelhandwerk (Bäckerei);2;2;2026-09-20;2026-09-23;2026;ba-jobsuche;;
RAN Tankstelle Aylin Yildir;Leonberg, Württemberg;71229;Poststr.;BADEN_WUERTTEMBERG;Kaufmann/-frau - Einzelhandel;1;1;2026-09-20;2026-09-23;2026;ba-jobsuche;;
Restaurant Grüner Baum Inh. Martin Banzhaf;Leonberg, Württemberg;71229;Büsnauer Str.;BADEN_WUERTTEMBERG;Fachmann/-frau - Restaurants und Veranstaltungsgastronomie | Koch/Köchin | Restaurantfachmann/-frau;3;3;2026-09-20;2026-09-23;2026;ba-jobsuche;;
REWE Markt GmbH ZwNL Südwest;Leonberg, Württemberg;71229;;BADEN_WUERTTEMBERG;Fachverkäufer/in - Lebensmittelhandwerk (Fleischerei) | Kaufmann/-frau - Einzelhandel;2;2;2026-09-20;2026-09-23;2026;ba-jobsuche;;
ROEDIG GmbH;Leonberg, Württemberg;71229;Stuttgarter Str.;BADEN_WUERTTEMBERG;Fachkraft - Lagerlogistik | Kaufmann/-frau - Marketingkommunikation;2;2;2026-09-20;2026-09-23;2026;ba-jobsuche;;
SAAD Facility Management GmbH;Leonberg, Württemberg;71229;Hertichstr.;BADEN_WUERTTEMBERG;Gebäudereiniger/in;1;2;2026-09-20;2026-09-23;2026;ba-jobsuche;;
Samariterstiftung;Leonberg, Württemberg;71229;Eltinger Str.;BADEN_WUERTTEMBERG;Altenpflegehelfer/in | Pflegefachmann/-frau (Ausbildung);2;4;2026-09-20;2026-09-23;2026;ba-jobsuche;;
Scheyhing Holzbau GmbH;Leonberg, Württemberg;71229;Paul-Ehrlich-Str.;BADEN_WUERTTEMBERG;Zimmerer/Zimmerin;1;1;2026-09-20;2026-09-23;2026;ba-jobsuche;;
Schlotterbeck GmbH;Leonberg, Württemberg;71229;Magstadter Str.;BADEN_WUERTTEMBERG;Anlagenmechaniker/in - Sanitär-, Heizungs- und Klimatechnik;1;1;2026-09-20;2026-09-23;2026;ba-jobsuche;;
schwabe + braun netzwerke gmbh;Leonberg, Württemberg;71229;Mollenbachstr.;BADEN_WUERTTEMBERG;BWL-Dienstleistungsmanagement | Fachinformatiker/in - Systemintegration;2;2;2026-09-20;2026-09-23;2026;ba-jobsuche;;
Sehne Backwaren KG;Leonberg, Württemberg;71229;Gleiwitzer Straße;BADEN_WUERTTEMBERG;Fachverkäufer/in - Lebensmittelhandwerk (Bäckerei);1;1;2026-09-20;2026-09-23;2026;ba-jobsuche;;
Sparda-Bank Baden-Württemberg eG;Leonberg, Württemberg;71229;;BADEN_WUERTTEMBERG;Bankkaufmann/-frau | Finanzassistent/in (doppelt qualifizierende Ausbildung);2;2;2026-09-20;2026-09-23;2026;ba-jobsuche;;
Stuckateurmeister und Malerfachbetrieb Bohm GmbH;Leonberg, Württemberg;71229;Hertichstr.;BADEN_WUERTTEMBERG;Stuckateur/in;1;1;2026-09-20;2026-09-23;2026;ba-jobsuche;;
SÜDVERS GMBH Assekuranzmakler;Leonberg, Württemberg;71229;Glemseckstr.;BADEN_WUERTTEMBERG;Kaufmann/-frau - Versicherungen und Finanzen - Versicherung;1;1;2026-09-20;2026-09-23;2026;ba-jobsuche;;
SWVG GmbH;Leonberg, Württemberg;71229;Heidenheimer Str.;BADEN_WUERTTEMBERG;Immobilienkaufmann/-frau | Kaufmann/-frau - Büromanagement;2;4;2026-09-20;2026-09-23;2026;ba-jobsuche;;
Timo Höschele;Leonberg, Württemberg;71229;Friedenstr.;BADEN_WUERTTEMBERG;Maler/in und Lackierer/in - Gestaltung und Instandhaltung;1;1;2026-09-20;2026-09-23;2026;ba-jobsuche;;
Trölsch GmbH Leonberg;Leonberg, Württemberg;71229;Marktplatz;BADEN_WUERTTEMBERG;Bäcker/in | Fachverkäufer/in - Lebensmittelhandwerk (Bäckerei) | Konditor/in;3;4;2026-09-20;2026-09-23;2026;ba-jobsuche;;
Volksbank Leonberg-Strohgäu eG;Leonberg, Württemberg;71229;Römerstraße 109;BADEN_WUERTTEMBERG;Bankkaufmann/-frau | Duales Studium zum Bachelor of Arts (B.A.) BWL - Bank (m/w/d) | Finanzassistent/in (doppelt qualifizierende Ausbildung);3;3;2026-09-20;2026-09-23;2026;ba-jobsuche;;
VS Elektrotechnik GmbH & Co. KG;Leonberg, Württemberg;71229;Hindenburgstr.;BADEN_WUERTTEMBERG;Kaufmann/-frau - Büromanagement;1;1;2026-09-20;2026-09-23;2026;ba-jobsuche;;
Weimer GmbH Heizungsbau;Leonberg, Württemberg;71229;Hebelstr.;BADEN_WUERTTEMBERG;Anlagenmechaniker/in - Sanitär-, Heizungs- und Klimatechnik;1;1;2026-09-20;2026-09-23;2026;ba-jobsuche;;
Zahnärztlich-oralchirurgische Fachpraxis Dr. Hehn;Leonberg, Württemberg;71229;Leonberger Str.;BADEN_WUERTTEMBERG;Zahnmedizinische/r Fachangestellte/r;1;1;2026-09-20;2026-09-23;2026;ba-jobsuche;;
Zahnarztpraxis Imbram;Leonberg, Württemberg;71229;Ditzinger Str.;BADEN_WUERTTEMBERG;Zahnmedizinische/r Fachangestellte/r;1;1;2026-09-20;2026-09-23;2026;ba-jobsuche;;
ALDI SÜD Dienstleistungs- SE & Co. oHG;Leutenbach, Württemberg;71397;;BADEN_WUERTTEMBERG;Verkäufer/in;1;1;2026-09-20;2026-09-23;2026;ba-jobsuche;;
Dr. med. dent. Andre Müller;Leutenbach, Württemberg;71397;Leutenbacher Str.;BADEN_WUERTTEMBERG;Zahnmedizinische/r Fachangestellte/r;1;1;2026-09-20;2026-09-23;2026;ba-jobsuche;;
Landmetzgerei Setzer GmbH;Leutenbach, Württemberg;71397;;BADEN_WUERTTEMBERG;Fachverkäufer/in - Lebensmittelhandwerk (Fleischerei);1;1;2026-09-20;2026-09-23;2026;ba-jobsuche;;
Netto Marken-Discount Stiftung & Co. KG;Leutenbach, Württemberg;71397;Winnender Str. 37;BADEN_WUERTTEMBERG;Kaufmann/-frau - Einzelhandel | Verkäufer/in;2;6;2026-09-20;2026-09-23;2026;ba-jobsuche;;
Zahnarztpraxis Dr. Spranz & Dr. Schaefer GbR;Leutenbach, Württemberg;71397;Bachstr.;BADEN_WUERTTEMBERG;Zahnmedizinische/r Fachangestellte/r;1;1;2026-09-20;2026-09-23;2026;ba-jobsuche;;
Netto Marken-Discount Stiftung & Co. KG;Lichtenwald, Württemberg;73669;Am freien Feld 2;BADEN_WUERTTEMBERG;Kaufmann/-frau - Einzelhandel | Verkäufer/in;2;3;2026-09-20;2026-09-23;2026;ba-jobsuche;;
EDEKA Südwest Stiftung & Co. KG;Löchgau;74369;Lise-Meitner-Str. 1;BADEN_WUERTTEMBERG;Fachverkäufer/in - Lebensmittelhandwerk (Fleischerei) | Verkäufer/in;2;3;2026-09-20;2026-09-23;2026;ba-jobsuche;;
Konzelmann GmbH;Löchgau;74369;Lise-Meitner-Str.;BADEN_WUERTTEMBERG;Industriekaufmann/-frau | Kunststoff- und Kautschuktechnologe/-technologin - Formteile | Werkzeugmechaniker/in;3;3;2026-09-20;2026-09-23;2026;ba-jobsuche;;
NORMA Lebensmittelfilialbetrieb Stiftung & Co. KG;Löchgau;74369;;BADEN_WUERTTEMBERG;Kaufmann/-frau - Einzelhandel | Verkäufer/in;2;2;2026-09-20;2026-09-23;2026;ba-jobsuche;;
Stickel GmbH Blech- u. Umformtechnik;Löchgau;74369;Porschestr.;BADEN_WUERTTEMBERG;Duales Studium 2026 – Wirtschaftsingenieurwesen ++ Bachelor of Engineering (m/w/d) ++ | Kaufmann/-frau - Digitalisierungsmanagement;2;2;2026-09-20;2026-09-23;2026;ba-jobsuche;;
Trinkner Autohaus u. Zweirad- fachgeschäft GmbH;Löchgau;74369;Erligheimer Str.;BADEN_WUERTTEMBERG;Automobilkaufmann/-frau | Kraftfahrzeugmechatroniker/in - Motorradtechnik;2;2;2026-09-20;2026-09-23;2026;ba-jobsuche;;
ALDI SÜD Dienstleistungs- SE & Co. oHG;Lorch, Württemberg;73547;;BADEN_WUERTTEMBERG;Verkäufer/in;1;1;2026-09-20;2026-09-23;2026;ba-jobsuche;;
Bansbach easylift GmbH;Lorch, Württemberg;73547;Barbarossastr.;BADEN_WUERTTEMBERG;Fachkraft - Metalltechnik - Montagetechnik | Industriemechaniker/in;2;2;2026-09-20;2026-09-23;2026;ba-jobsuche;;
Bock Maschinenbau GmbH;Lorch, Württemberg;73547;Maierhofstr.;BADEN_WUERTTEMBERG;Konstruktionsmechaniker/in | Zerspanungsmechaniker/in;2;2;2026-09-20;2026-09-23;2026;ba-jobsuche;;
dm-drogerie markt GmbH + Co.KG;Lorch, Württemberg;73547;Maierhofstraße 22;BADEN_WUERTTEMBERG;Drogist/in;1;2;2026-09-20;2026-09-23;2026;ba-jobsuche;;
Hirsch Karosseriebau GmbH;Lorch, Württemberg;73547;Maierhofstr.;BADEN_WUERTTEMBERG;Fahrzeuglackierer/in | Karosserie- und Fahrzeugbaumechaniker/in - Karosserieinstandhaltungstechnik;2;2;2026-09-20;2026-09-23;2026;ba-jobsuche;;
hortus GmbH & Co.KG;Lorch, Württemberg;73547;Talstr.;BADEN_WUERTTEMBERG;Gärtner/in - Garten- und Landschaftsbau;1;1;2026-09-20;2026-09-23;2026;ba-jobsuche;;
Lidl Dienstleistung GmbH & Co. KG;Lorch, Württemberg;73547;Maierhofstrasse 26-28;BADEN_WUERTTEMBERG;Fachwirt/in - Handel (doppelt qualifizierende Ausbildung) | Verkäufer/in;2;2;2026-09-20;2026-09-23;2026;ba-jobsuche;;
LORCHER Klimatechnik GmbH & Co. KG (vorm.Paradair);Lorch, Württemberg;73547;Lorcher Str.;BADEN_WUERTTEMBERG;Anlagenmechaniker/in - Sanitär-, Heizungs- und Klimatechnik | Elektroniker/in - Betriebstechnik | Studium PLUS mit erweiterter Praxis - Bachelorstudiengang Gebäude-, Energie- und Umwelttechnik | Technische/r Systemplaner/in - Versorgungs- und Ausrüstungstechnik;4;4;2026-09-20;2026-09-23;2026;ba-jobsuche;;
MAHLE Blechtechnologie GmbH;Lorch, Württemberg;73547;Maierhofstr.;BADEN_WUERTTEMBERG;Werkzeugmechaniker/in;1;1;2026-09-20;2026-09-23;2026;ba-jobsuche;;
Oliver Vonderach Dachdeckerbetrieb;Lorch, Württemberg;73547;Maierhofstr.;BADEN_WUERTTEMBERG;Dachdecker/in;1;1;2026-09-20;2026-09-23;2026;ba-jobsuche;;
Wörner Metallbearbeitung GmbH;Lorch, Württemberg;73547;Hohenstaufenstr.;BADEN_WUERTTEMBERG;Feinwerkmechaniker/in;1;2;2026-09-20;2026-09-23;2026;ba-jobsuche;;
Ev. Tagungsstätte Löwenstein;Löwenstein, Württemberg;74245;Altenhau;BADEN_WUERTTEMBERG;Fachkraft - Küche | Koch/Köchin;2;2;2026-09-20;2026-09-23;2026;ba-jobsuche;;
Evangelische Stiftung Lichtenstern;Löwenstein, Württemberg;74245;;BADEN_WUERTTEMBERG;Heilerziehungspfleger/in;1;1;2026-09-20;2026-09-23;2026;ba-jobsuche;;
Frank Hohly Gaststätte Hohly;Löwenstein, Württemberg;74245;Friedhofweg;BADEN_WUERTTEMBERG;Fachkraft - Gastronomie | Fachmann/-frau - Restaurants und Veranstaltungsgastronomie | Koch/Köchin;3;3;2026-09-20;2026-09-23;2026;ba-jobsuche;;
Michael Roger Flair-Hotel;Löwenstein, Württemberg;74245;Heiligenfeld;BADEN_WUERTTEMBERG;Fachmann/-frau - Restaurants und Veranstaltungsgastronomie | Hotelfachmann/-frau | Koch/Köchin;3;3;2026-09-20;2026-09-23;2026;ba-jobsuche;;
SanTec GmbH;Löwenstein, Württemberg;74245;Weinstr.;BADEN_WUERTTEMBERG;Bauwerksabdichter/in;1;2;2026-09-20;2026-09-23;2026;ba-jobsuche;;
"""der obere beck"" Willy Holzwarth Bäcker und Konditorei";Ludwigsburg, Württemberg;71642;;BADEN_WUERTTEMBERG;Fachverkäufer/in - Lebensmittelhandwerk (Bäckerei);1;1;2026-09-20;2026-09-23;2026;ba-jobsuche;;
A.T.U Auto-Teile-Unger GmbH & Co. KG;Ludwigsburg, Württemberg;71636;Schwieberdinger Straße 87;BADEN_WUERTTEMBERG;Kraftfahrzeugmechatroniker/in - Personenkraftwagentechnik;1;2;2026-09-20;2026-09-23;2026;ba-jobsuche;;
ALDI SÜD Dienstleistungs- SE & Co. oHG;Ludwigsburg, Württemberg;71642;;BADEN_WUERTTEMBERG;Verkäufer/in;1;4;2026-09-20;2026-09-23;2026;ba-jobsuche;;
Amprion GmbH;Ludwigsburg, Württemberg;71642;;BADEN_WUERTTEMBERG;Industrieelektriker/in - Betriebstechnik;1;2;2026-09-20;2026-09-23;2026;ba-jobsuche;;
Amtsgericht Ludwigsburg;Ludwigsburg, Württemberg;71638;Schorndorfer Str.;BADEN_WUERTTEMBERG;Justizfachangestellte/r;1;1;2026-09-20;2026-09-23;2026;ba-jobsuche;;
AOK Baden-Württemberg Hauptverwaltung;Ludwigsburg, Württemberg;71636;Gottlob-Molt-Str.;BADEN_WUERTTEMBERG;Duales Studium - Soziale Arbeit im Gesundheitswesen (B.A.) (m/w/d) - Region Ludwigsburg-Rems-Murr | Sozialversicherungsfachangestellte/r - allgemeine Krankenversicherung;2;2;2026-09-20;2026-09-23;2026;ba-jobsuche;;
Arbeiter-Samariter-Bund Baden-Württemberg e.V.;Ludwigsburg, Württemberg;71636;;BADEN_WUERTTEMBERG;Pflegefachmann/-frau (Ausbildung);1;1;2026-09-20;2026-09-21;2026;ba-jobsuche;;
ASB Baden-Württemberg e.V.;Ludwigsburg, Württemberg;71636;;BADEN_WUERTTEMBERG;Kaufmann/-frau - Büromanagement;1;1;2026-09-20;2026-09-23;2026;ba-jobsuche;;
B.O.C. Bike & Outdoor Company GmbH & Co. KG;Ludwigsburg, Württemberg;;;BADEN_WUERTTEMBERG;Kaufmann/-frau - Einzelhandel;1;1;2026-09-20;2026-09-23;2026;ba-jobsuche;;
benz elektro- und kältetechnik GmbH;Ludwigsburg, Württemberg;71636;Friedenstr.;BADEN_WUERTTEMBERG;Elektroniker/in - Energie- und Gebäudetechnik | Elektroniker/in - Gebäudesystemintegration;2;2;2026-09-20;2026-09-23;2026;ba-jobsuche;;
Body Talk Fitness und Wellness Inh. Brigitte Bagosi;Ludwigsburg, Württemberg;71638;Uhlandstr.;BADEN_WUERTTEMBERG;Sport- und Fitnesskaufmann/-frau;1;1;2026-09-20;2026-09-23;2026;ba-jobsuche;;
Brillux GmbH & Co.KG;Ludwigsburg, Württemberg;71634;Hundshalde 6;BADEN_WUERTTEMBERG;Fachkraft - Lagerlogistik | Fachlagerist/in | Kaufmann/-frau - Groß- und Außenhandelsmanagement (Großhandel);3;6;2026-09-20;2026-09-23;2026;ba-jobsuche;;
Bundesagentur für Arbeit;Ludwigsburg, Württemberg;71638;Stuttgarter Straße;BADEN_WUERTTEMBERG;Duales Studium (B.A.) – | Fachangestellte/r - Arbeitsmarktdienstleistungen;2;2;2026-09-20;2026-09-23;2026;ba-jobsuche;;
Deutsche Bahn AG;Ludwigsburg, Württemberg;71634;;BADEN_WUERTTEMBERG;Eisenbahner/in - Zugverkehrssteuerung | Fachkraft - Fahrbetrieb;2;2;2026-09-20;2026-09-23;2026;ba-jobsuche;;
Deutsche Bank AG;Ludwigsburg, Württemberg;71638;;BADEN_WUERTTEMBERG;Bankkaufmann/-frau;1;1;2026-09-20;2026-09-23;2026;ba-jobsuche;;
Deutsche Telekom AG;Ludwigsburg, Württemberg;71634;;BADEN_WUERTTEMBERG;IT-System-Elektroniker/in | Kaufmann/-frau - Einzelhandel;2;2;2026-09-20;2026-09-23;2026;ba-jobsuche;;
Diamant-Gesellschaft Tesch GmbH;Ludwigsburg, Württemberg;71636;Carl-Goerdeler-Str.;BADEN_WUERTTEMBERG;Bachelor of Engineering - Maschinenbau (Schwerpunkt Produktionstechnik) - Ausbildung 2026 | Bachelor of Engineering - Maschinenbau (Schwerpunkt Produktionstechnik) - Ausbildung 2027;2;2;2026-09-20;2026-09-23;2026;ba-jobsuche;;
dm-drogerie markt GmbH + Co.KG;Ludwigsburg, Württemberg;71634;Marstall 000;BADEN_WUERTTEMBERG;Drogist/in;1;3;2026-09-20;2026-09-23;2026;ba-jobsuche;;
DPD Deutschland GmbH;Ludwigsburg, Württemberg;71634;;BADEN_WUERTTEMBERG;Bankkaufmann/-frau | Duales Studium Bachelor BWL - Schwerpunkt Vertrieb (m/w/d) | Duales Studium Bachelor Logistikmanagement (m/w/d) | Kaufmann/-frau - Spedition und Logistikdienstleistung;4;4;2026-09-20;2026-09-23;2026;ba-jobsuche;;
DPD Deutschland GmbH (Depot 171);Ludwigsburg, Württemberg;71634;Carl-Benz-Straße 17;BADEN_WUERTTEMBERG;Duales Studium Bachelor BWL - Schwerpunkt Vertrieb (m/w/d);1;1;2026-09-20;2026-09-23;2026;ba-jobsuche;;
Dr. Jens Faßnacht - Facharzt MKG-Chirurgie;Ludwigsburg, Württemberg;71636;Osterholzallee;BADEN_WUERTTEMBERG;Medizinische/r Fachangestellte/r;1;1;2026-09-20;2026-09-23;2026;ba-jobsuche;;
Dr. Thomas Wüst;Ludwigsburg, Württemberg;71638;Stuttgarter Str.;BADEN_WUERTTEMBERG;Medizinische/r Fachangestellte/r;1;1;2026-09-20;2026-09-23;2026;ba-jobsuche;;
Dr.med. Jörg Raiser Dr.med. Regina Schwetlick Facharzt f. Neurologie;Ludwigsburg, Württemberg;71638;Mathildenstr.;BADEN_WUERTTEMBERG;Medizinische/r Fachangestellte/r;1;1;2026-09-20;2026-09-23;2026;ba-jobsuche;;
Druckhaus Götz GmbH;Ludwigsburg, Württemberg;71636;Schwieberdinger Str.;BADEN_WUERTTEMBERG;Medientechnologe/-technologin Druck;1;1;2026-09-20;2026-09-23;2026;ba-jobsuche;;
Eschgfäller GmbH;Ludwigsburg, Württemberg;71634;Teinacher Str.;BADEN_WUERTTEMBERG;Tischler/in;1;1;2026-09-20;2026-09-23;2026;ba-jobsuche;;
Ev. Gesamtkirchengemeinde Ludwigsburg;Ludwigsburg, Württemberg;71634;Untere Marktstr.;BADEN_WUERTTEMBERG;Erzieher/in;1;1;2026-09-20;2026-09-23;2026;ba-jobsuche;;
Fielmann AG;Ludwigsburg, Württemberg;71634;;BADEN_WUERTTEMBERG;Augenoptiker/in | Hörakustiker/in;2;3;2026-09-20;2026-09-23;2026;ba-jobsuche;;
Finkbeiner Hotel Beteiligungs Gmbh & Co. KG Schloßhotel Monrepos;Ludwigsburg, Württemberg;71634;Monrepos;BADEN_WUERTTEMBERG;Koch/Köchin;1;1;2026-09-20;2026-09-23;2026;ba-jobsuche;;
Gebrüder Lotter KG;Ludwigsburg, Württemberg;71636;Waldäcker;BADEN_WUERTTEMBERG;Berufskraftfahrer/in | Fachkraft - Lagerlogistik;2;2;2026-09-20;2026-09-23;2026;ba-jobsuche;;
GEERS (Sonova Retail Deutschland GmbH);Ludwigsburg, Württemberg;71634;Asperger Straße 16;BADEN_WUERTTEMBERG;Hörakustiker/in;1;1;2026-09-20;2026-09-23;2026;ba-jobsuche;;
Gemeinschaftspraxis Dr. Beatrice und Christian Joos;Ludwigsburg, Württemberg;71642;Hermann-Hesse-Str.;BADEN_WUERTTEMBERG;Zahnmedizinische/r Fachangestellte/r;1;1;2026-09-20;2026-09-23;2026;ba-jobsuche;;
Gessmann Personal Service GmbH;Ludwigsburg, Württemberg;71638;Solitudestr.;BADEN_WUERTTEMBERG;Personaldienstleistungskaufmann/-frau;1;1;2026-09-20;2026-09-23;2026;ba-jobsuche;;
Gleason-Pfauter Maschinenfabrik GmbH;Ludwigsburg, Württemberg;71634;;BADEN_WUERTTEMBERG;Elektroniker/in - Betriebstechnik | Fachinformatiker/in - Systemintegration | Industriekaufmann/-frau | Industriemechaniker/in;4;4;2026-09-20;2026-09-23;2026;ba-jobsuche;;
Gleason-Pfauter Maschinenfabrik GmbH Personalabtlg;Ludwigsburg, Württemberg;71636;Daimlerstr.;BADEN_WUERTTEMBERG;Elektroniker/in - Betriebstechnik | Fachinformatiker/in - Systemintegration | Industriekaufmann/-frau | Industriemechaniker/in;4;4;2026-09-20;2026-09-23;2026;ba-jobsuche;;
Heidelberg Postpress Deutschland GmbH;Ludwigsburg, Württemberg;71642;Austr.;BADEN_WUERTTEMBERG;Industriemechaniker/in | Mechatroniker/in;2;2;2026-09-20;2026-09-23;2026;ba-jobsuche;;
Heidemeier Garten- und Landschaftsbau GmbH;Ludwigsburg, Württemberg;71640;Neckargröninger Str.;BADEN_WUERTTEMBERG;Gärtner/in - Garten- und Landschaftsbau;1;1;2026-09-20;2026-09-23;2026;ba-jobsuche;;
Heinrich Schmid GmbH & Co. KG;Ludwigsburg, Württemberg;71634;Carl-Benz-Straße 20;BADEN_WUERTTEMBERG;Bodenleger/in | Duales Studium zum Bachelor of Arts - BWL Handwerk für 2026 (m/w/d) | Duales Studium zum Bachelor of Engineering - Bauingenieurwesen für 2027 (m/w/d) | Maler/in und Lackierer/in - Gestaltung und Instandhaltung | Stuckateur/in | Trockenbaumonteur/in;6;8;2026-09-20;2026-09-23;2026;ba-jobsuche;;
HORNBACH Baumarkt AG Zentralverwaltung;Ludwigsburg, Württemberg;71636;Woehlerstrasse 7 + 9;BADEN_WUERTTEMBERG;Fachlagerist/in | Fachwirt/in - Handel (doppelt qualifizierende Ausbildung) | Kaufmann/-frau - Einzelhandel | Verkäufer/in;4;4;2026-09-20;2026-09-23;2026;ba-jobsuche;;
IFAA GmbH;Ludwigsburg, Württemberg;;;BADEN_WUERTTEMBERG;Sport- und Fitnesskaufmann/-frau;1;1;2026-09-20;2026-09-23;2026;ba-jobsuche;;
Ikea Deutschland GmbH & Co KG;Ludwigsburg, Württemberg;71634;;BADEN_WUERTTEMBERG;Fachmann/-frau - Systemgastronomie;1;1;2026-09-20;2026-09-23;2026;ba-jobsuche;;
IKK classic;Ludwigsburg, Württemberg;;;BADEN_WUERTTEMBERG;Sozialversicherungsfachangestellte/r - allgemeine Krankenversicherung;1;1;2026-09-20;2026-09-23;2026;ba-jobsuche;;
Johanniter-Unfall-Hilfe e.V. Landesverband Baden-Württemberg;Ludwigsburg, Württemberg;71642;Austraße 40;BADEN_WUERTTEMBERG;Notfallsanitäter/in;1;1;2026-09-20;2026-09-23;2026;ba-jobsuche;;
Kanzlei Markus Müller;Ludwigsburg, Württemberg;71638;Schorndorfer Str.;BADEN_WUERTTEMBERG;Rechtsanwaltsfachangestellte/r;1;1;2026-09-20;2026-09-23;2026;ba-jobsuche;;
Kaufland;Ludwigsburg, Württemberg;71638;;BADEN_WUERTTEMBERG;Bankkaufmann/-frau | Fachwirt/in - Handel (doppelt qualifizierende Ausbildung) | Verkäufer/in;3;5;2026-09-20;2026-09-23;2026;ba-jobsuche;;
Kaufland Dienstleistung GmbH & Co. KG;Ludwigsburg, Württemberg;71638;Friedrichstraße 124-126;BADEN_WUERTTEMBERG;Duales Studium BWL Handel - Filiale (B.A.) 2027 | Verkäufer/in;2;3;2026-09-20;2026-09-23;2026;ba-jobsuche;;
Kemker GmbH Bedachungen;Ludwigsburg, Württemberg;71638;Alter See;BADEN_WUERTTEMBERG;Dachdecker/in;1;1;2026-09-20;2026-09-23;2026;ba-jobsuche;;
Kienzle Elektrotechnik;Ludwigsburg, Württemberg;71642;Luginsland;BADEN_WUERTTEMBERG;Elektroniker/in - Energie- und Gebäudetechnik;1;1;2026-09-20;2026-09-23;2026;ba-jobsuche;;
KiK Textilien und Non-Food GmbH;Ludwigsburg, Württemberg;71638;Bahnhofstraße 31;BADEN_WUERTTEMBERG;Fachwirt/in - Handel (doppelt qualifizierende Ausbildung);1;1;2026-09-20;2026-09-23;2026;ba-jobsuche;;
KIND GmbH & Co. KG;Ludwigsburg, Württemberg;71638;Arsenalstraße 4;BADEN_WUERTTEMBERG;Hörakustiker/in;1;1;2026-09-23;2026-09-23;2026;ba-jobsuche;;
Kleeblatt Pflegeheime gGmbH;Ludwigsburg, Württemberg;71638;Alt-Württemberg-Allee;BADEN_WUERTTEMBERG;Altenpflegehelfer/in | Duales Studium Pflegewissenschaft (m/w/d) 2027 | Pflegefachmann/-frau (Ausbildung);3;4;2026-09-20;2026-09-23;2026;ba-jobsuche;;
Köhle-Hotel-Betriebs GmbH;Ludwigsburg, Württemberg;71636;Dorfstr.;BADEN_WUERTTEMBERG;Fachmann/-frau - Restaurants und Veranstaltungsgastronomie | Hotelfachmann/-frau | Kaufmann/-frau - Hotelmanagement | Koch/Köchin;4;4;2026-09-20;2026-09-23;2026;ba-jobsuche;;
Kone GmbH;Ludwigsburg, Württemberg;71636;Eglosheimer Str.;BADEN_WUERTTEMBERG;Elektroniker/in - Betriebstechnik;1;2;2026-09-20;2026-09-23;2026;ba-jobsuche;;
KSK Ludwigsburg;Ludwigsburg, Württemberg;71638;Schillerplatz;BADEN_WUERTTEMBERG;Bachelor of Arts - BWL (Bank) | Bankkaufmann/-frau | Finanzassistent/in (doppelt qualifizierende Ausbildung);3;3;2026-09-22;2026-09-23;2026;ba-jobsuche;;
Kunzendorf Spedition GmbH Ludwigsburg;Ludwigsburg, Württemberg;71634;Maybachstr.;BADEN_WUERTTEMBERG;Fachkraft - Lagerlogistik | Kaufmann/-frau - Spedition und Logistikdienstleistung;2;2;2026-09-20;2026-09-23;2026;ba-jobsuche;;
Lederkonzepte Kaai & Bosch GmbH;Ludwigsburg, Württemberg;71636;Saarstr.;BADEN_WUERTTEMBERG;Sattler/in - Fahrzeugsattlerei;1;1;2026-09-20;2026-09-23;2026;ba-jobsuche;;
Lidl Dienstleistung GmbH & Co. KG;Ludwigsburg, Württemberg;71638;Hindenburgstraße;BADEN_WUERTTEMBERG;Fachwirt/in - Handel (doppelt qualifizierende Ausbildung) | Verkäufer/in;2;5;2026-09-20;2026-09-23;2026;ba-jobsuche;;
Mark Anders;Ludwigsburg, Württemberg;71640;Friesenstr.;BADEN_WUERTTEMBERG;Fachverkäufer/in - Lebensmittelhandwerk (Bäckerei);1;2;2026-09-20;2026-09-23;2026;ba-jobsuche;;
McDonald's Deutschland LLC;Ludwigsburg, Württemberg;71638;Arsenalplatz 1;BADEN_WUERTTEMBERG;Fachmann/-frau - Systemgastronomie;1;3;2026-09-20;2026-09-23;2026;ba-jobsuche;;
mhplus Betriebskrankenkasse;Ludwigsburg, Württemberg;71636;Franckstraße;BADEN_WUERTTEMBERG;Sozialversicherungsfachangestellte/r - allgemeine Krankenversicherung;1;1;2026-09-20;2026-09-23;2026;ba-jobsuche;;
Müller Holding GmbH & Co. KG;Ludwigsburg, Württemberg;71638;Wilhelmstr. 26;BADEN_WUERTTEMBERG;Fachwirt/in - Handel (doppelt qualifizierende Ausbildung) | Kaufmann/-frau - Einzelhandel;2;6;2026-09-20;2026-09-23;2026;ba-jobsuche;;
Netto Marken-Discount Stiftung & Co. KG;Ludwigsburg, Württemberg;71638;Bahnhofstr. 12;BADEN_WUERTTEMBERG;Kaufmann/-frau - Einzelhandel | Verkäufer/in;2;4;2026-09-20;2026-09-23;2026;ba-jobsuche;;
NORMA Lebensmittelfilialbetrieb Stiftung & Co. KG;Ludwigsburg, Württemberg;71640;;BADEN_WUERTTEMBERG;Kaufmann/-frau - Einzelhandel | Verkäufer/in;2;2;2026-09-20;2026-09-23;2026;ba-jobsuche;;
Oberfinanzdirektion Baden-Württemberg Land BW;Ludwigsburg, Württemberg;71638;;BADEN_WUERTTEMBERG;Beamter/Beamtin - Steuerverwaltung (mittlerer nichttechnischer Dienst) | DUALES STUDIUM zum 01.03.2027 - Bachelor of Laws (geh. Dienst) | DUALES STUDIUM zum 01.10.2027 - Bachelor of Laws (geh. Dienst);3;3;2026-09-20;2026-09-23;2026;ba-jobsuche;;
Parfümerie Douglas Deutschland GmbH;Ludwigsburg, Württemberg;71634;;BADEN_WUERTTEMBERG;Kaufmann/-frau - Einzelhandel;1;1;2026-09-20;2026-09-23;2026;ba-jobsuche;;
Parfümerie Schuback GmbH;Ludwigsburg, Württemberg;71634;Kirchstraße 17-19;BADEN_WUERTTEMBERG;Kaufmann/-frau - Einzelhandel;1;2;2026-09-20;2026-09-23;2026;ba-jobsuche;;
Penny-Markt GmbH Verwaltung;Ludwigsburg, Württemberg;71640;;BADEN_WUERTTEMBERG;Kaufmann/-frau - Einzelhandel | Verkäufer/in;2;4;2026-09-20;2026-09-23;2026;ba-jobsuche;;
R+V Allgemeine Versicherung AG;Ludwigsburg, Württemberg;71636;;BADEN_WUERTTEMBERG;Duales Studium B.A. BWL– Risk and Insurance Management/Finanzdienstleistungen Versicherung (m/w/d);1;1;2026-09-20;2026-09-23;2026;ba-jobsuche;;
REWE Markt GmbH ZwNL Südwest;Ludwigsburg, Württemberg;71638;;BADEN_WUERTTEMBERG;Kaufmann/-frau - Einzelhandel;1;2;2026-09-20;2026-09-23;2026;ba-jobsuche;;
RKH Regionale Kliniken Holding und Services GmbH;Ludwigsburg, Württemberg;71640;Posilipostraße 4;BADEN_WUERTTEMBERG;Pflegefachmann/-frau (Ausbildung);1;1;2026-09-20;2026-09-23;2026;ba-jobsuche;;
Roche Diagnostics GmbH;Ludwigsburg, Württemberg;71636;;BADEN_WUERTTEMBERG;Mechatroniker/in;1;2;2026-09-20;2026-09-23;2026;ba-jobsuche;;
Rukiye Kaynar;Ludwigsburg, Württemberg;71636;Gottlob-Molt-Str.;BADEN_WUERTTEMBERG;Zahnmedizinische/r Fachangestellte/r;1;1;2026-09-20;2026-09-23;2026;ba-jobsuche;;
SCHWEIZER Metallbedachungen GmbH;Ludwigsburg, Württemberg;71634;Teinacher Str.;BADEN_WUERTTEMBERG;Klempner/in;1;1;2026-09-20;2026-09-23;2026;ba-jobsuche;;
Sebastian Beck Friseure;Ludwigsburg, Württemberg;71634;Hospitalstr.;BADEN_WUERTTEMBERG;Friseur/in;1;1;2026-09-20;2026-09-23;2026;ba-jobsuche;;
Sehne Backwaren KG;Ludwigsburg, Württemberg;71638;Bahnhofstraße;BADEN_WUERTTEMBERG;Fachverkäufer/in - Lebensmittelhandwerk (Bäckerei);1;1;2026-09-20;2026-09-23;2026;ba-jobsuche;;
SOVDWAER Gesellschaft für EDV-Lösungen mbH;Ludwigsburg, Württemberg;71636;Franckstr.;BADEN_WUERTTEMBERG;Fachinformatiker/in - Anwendungsentwicklung | Fachinformatiker/in - Systemintegration | Industriekaufmann/-frau | Kaufmann/-frau - Büromanagement | Kaufmann/-frau - IT-System-Management;5;5;2026-09-20;2026-09-23;2026;ba-jobsuche;;
Sparda-Bank Baden-Württemberg eG;Ludwigsburg, Württemberg;71638;;BADEN_WUERTTEMBERG;Bankkaufmann/-frau | Finanzassistent/in (doppelt qualifizierende Ausbildung);2;2;2026-09-20;2026-09-23;2026;ba-jobsuche;;
Sport-Räpple GmbH;Ludwigsburg, Württemberg;71638;Wilhelmstr.;BADEN_WUERTTEMBERG;Verkäufer/in;1;1;2026-09-20;2026-09-23;2026;ba-jobsuche;;
Stadtverwaltung Ludwigsburg;Ludwigsburg, Württemberg;71638;Wilhelmstr.;BADEN_WUERTTEMBERG;Bachelor of Engineering: Bauingenieurwesen - Öffentliches Bauen | Beamter/Beamtin - Allgemeine Innere Verwaltung (mittlerer nichttechnischer Dienst) | Fachangestellte/r - Medien- und Informationsdienste - Archiv | Umwelttechnologe/-technologin - Abwasserbewirtschaftung | Verwaltungsfachangestellte/r - Kommunalverwaltung;5;5;2026-09-20;2026-09-23;2026;ba-jobsuche;;
Stiftung Karlshöhe Ludwigsburg;Ludwigsburg, Württemberg;71638;Auf der Karlshöhe;BADEN_WUERTTEMBERG;Altenpflegehelfer/in | Erzieher/in - Jugend- und Heimerziehung | Hauswirtschafter/in | Heilerziehungspfleger/in | Pflegefachmann/-frau (Ausbildung);5;6;2026-09-20;2026-09-23;2026;ba-jobsuche;;
Strenger Holding GmbH;Ludwigsburg, Württemberg;71638;Myliusstr.;BADEN_WUERTTEMBERG;Duales Studium Immobilienwirtschaft (m/w/d) ab August 2027 | Immobilienkaufmann/-frau | Kaufmann/-frau - Büromanagement;3;3;2026-09-20;2026-09-23;2026;ba-jobsuche;;
temPERSO Rummel & Glass GmbH;Ludwigsburg, Württemberg;71638;Uhlandstr.;BADEN_WUERTTEMBERG;Kaufmann/-frau - Büromanagement | Personaldienstleistungskaufmann/-frau;2;4;2026-09-20;2026-09-23;2026;ba-jobsuche;;
TJX Deutschland Ltd. & Co. KG;Ludwigsburg, Württemberg;71634;Marstallstr.;BADEN_WUERTTEMBERG;Kaufmann/-frau - Einzelhandel | Verkäufer/in;2;2;2026-09-20;2026-09-23;2026;ba-jobsuche;;
Ulmer, Dr. med. Hans-Joachim;Ludwigsburg, Württemberg;71640;Friesenstr.;BADEN_WUERTTEMBERG;Medizinische/r Fachangestellte/r;1;1;2026-09-20;2026-09-23;2026;ba-jobsuche;;
Verwaltungs- Berufsgenossenschaft (VBG);Ludwigsburg, Württemberg;71636;Martin-Luther-Str.;BADEN_WUERTTEMBERG;Dualer Bachelor-Studiengang (B.A.) gesetzliche Unfallversicherung;1;1;2026-09-20;2026-09-23;2026;ba-jobsuche;;
VR-Bank Ludwigsburg eG;Ludwigsburg, Württemberg;71636;Schwieberdingerstraße 25;BADEN_WUERTTEMBERG;Bankkaufmann/-frau | Duales Studium - BWL Bank (m/w/d) | Duales Studium BWL – Digital Business Management (m/w/d) | Finanzassistent/in (doppelt qualifizierende Ausbildung);4;4;2026-09-20;2026-09-23;2026;ba-jobsuche;;
Walter Kirschler GmbH;Ludwigsburg, Württemberg;71638;Schorndorfer Str.;BADEN_WUERTTEMBERG;Steinmetz/in und Steinbildhauer/in - Steinbildhauerarbeiten;1;1;2026-09-20;2026-09-23;2026;ba-jobsuche;;
Weinmüller GmbH FORMEN- UND WERKZEUGBAU;Ludwigsburg, Württemberg;71634;Hundshalde;BADEN_WUERTTEMBERG;Feinwerkmechaniker/in | Technische/r Produktdesigner/in - Produktgestaltung und -konstruktion | Zerspanungsmechaniker/in;3;3;2026-09-20;2026-09-23;2026;ba-jobsuche;;
winkler Unternehmensgruppe;Ludwigsburg, Württemberg;71634;Carl-Benz-Straße;BADEN_WUERTTEMBERG;Kaufmann/-frau - Groß- und Außenhandelsmanagement (Außenhandel);1;1;2026-09-20;2026-09-23;2026;ba-jobsuche;;
Wolters Kluwer Tax & Accountin g Deutschland GmbH;Ludwigsburg, Württemberg;71636;Kammererstr.;BADEN_WUERTTEMBERG;Duales Studium Bachelor der Wirtschaftsinformatik - Data Science (m/w/d);1;1;2026-09-20;2026-09-23;2026;ba-jobsuche;;
Wüstenrot & Württembergische AG;Ludwigsburg, Württemberg;71638;Wüstenrotstr.;BADEN_WUERTTEMBERG;Bankkaufmann/-frau;1;1;2026-09-20;2026-09-23;2026;ba-jobsuche;;
XXXL-Zentralverwaltungs- GmbH & Co. KG;Ludwigsburg, Württemberg;71634;Monreposstraße;BADEN_WUERTTEMBERG;Fachkraft - Lagerlogistik | Fachmann/-frau - Systemgastronomie | Kaufmann/-frau - Einzelhandel;3;5;2026-09-20;2026-09-23;2026;ba-jobsuche;;
DRK Altenpflegeheim gGmbH;Magstadt;71106;;BADEN_WUERTTEMBERG;Altenpflegehelfer/in | Pflegefachmann/-frau (Ausbildung);2;2;2026-09-20;2026-09-23;2026;ba-jobsuche;;
Francesco Annunziata Haare und Cosmetik;Magstadt;71106;Alte Stuttgarter Str.;BADEN_WUERTTEMBERG;Friseur/in;1;1;2026-09-20;2026-09-23;2026;ba-jobsuche;;
Hagenlocher Raumausstattung GmbH & Co.KG;Magstadt;71106;Gottlieb-Daimler-Straße 14;BADEN_WUERTTEMBERG;Raumausstatter/in;1;1;2026-09-20;2026-09-23;2026;ba-jobsuche;;
Lidl Dienstleistung GmbH & Co. KG;Magstadt;71106;Nelkenstraße;BADEN_WUERTTEMBERG;Fachwirt/in - Handel (doppelt qualifizierende Ausbildung) | Verkäufer/in;2;2;2026-09-20;2026-09-23;2026;ba-jobsuche;;
PROCON Steuerberatungsgesellschaft mbH & Co. KG;Magstadt;71106;Blumenstr.;BADEN_WUERTTEMBERG;Bachelor of Arts RWS-Steuer und Prüfungswesen (m/w/d) | Kaufmann/-frau - Büromanagement | Steuerfachangestellte/r;3;3;2026-09-20;2026-09-23;2026;ba-jobsuche;;
Sixt GmbH;Magstadt;71106;Rudolf-Diesel-Str.;BADEN_WUERTTEMBERG;Feinwerkmechaniker/in | Industriekaufmann/-frau | Maschinen- und Anlagenführer/in - Metall-, Kunststofftechnik;3;3;2026-09-20;2026-09-23;2026;ba-jobsuche;;
Tricosal Heinrich Schmid GmbH & Co. KG;Magstadt;71106;Blumenstr.;BADEN_WUERTTEMBERG;Duales Studium zum Bachelor of Arts - BWL Handwerk (m/w/d) 2027 | Duales Studium zum Bachelor of Engineering - Bauingenieurwesen (m/w/d) für 2027 | Kaufmann/-frau - Büromanagement;3;3;2026-09-20;2026-09-23;2026;ba-jobsuche;;
Vereinigte Volksbanken eG;Magstadt;71106;Alte Stuttgarter Str.;BADEN_WUERTTEMBERG;Finanzassistent/in (doppelt qualifizierende Ausbildung);1;1;2026-09-20;2026-09-23;2026;ba-jobsuche;;
ADGA - Adolf Gampper GmbH;Mainhardt;74535;Heilbronner Str.;BADEN_WUERTTEMBERG;Feinwerkmechaniker/in | Holzbearbeitungsmechaniker/in | Industriekaufmann/-frau | Mechatroniker/in;4;8;2026-09-20;2026-09-23;2026;ba-jobsuche;;
aquaRömer GmbH & Co. KG;Mainhardt;74535;Bartensteinstr.;BADEN_WUERTTEMBERG;Fachkraft - Lagerlogistik | Fachkraft - Lebensmitteltechnik | Industriekaufmann/-frau | Maschinen- und Anlagenführer/in - Lebensmitteltechnik;4;4;2026-09-20;2026-09-23;2026;ba-jobsuche;;
Jaser + Grimmer GbR;Mainhardt;74535;Im Seetal;BADEN_WUERTTEMBERG;Zimmerer/Zimmerin;1;1;2026-09-20;2026-09-23;2026;ba-jobsuche;;
KSW GmbH Garten- und Landschaftsbau;Mainhardt;74535;Mainhardter Str.;BADEN_WUERTTEMBERG;Gärtner/in - Garten- und Landschaftsbau;1;1;2026-09-20;2026-09-23;2026;ba-jobsuche;;
LINDENHOF Alten- und Pflegeheim GmbH;Mainhardt;74535;Heilbronner Str.;BADEN_WUERTTEMBERG;Pflegefachmann/-frau (Ausbildung);1;1;2026-09-20;2026-09-23;2026;ba-jobsuche;;
Netto Marken-Discount Stiftung & Co. KG;Mainhardt;74535;Im Seetal 9;BADEN_WUERTTEMBERG;Kaufmann/-frau - Einzelhandel | Verkäufer/in;2;3;2026-09-20;2026-09-23;2026;ba-jobsuche;;
Penny-Markt GmbH Verwaltung;Mainhardt;74535;;BADEN_WUERTTEMBERG;Kaufmann/-frau - Einzelhandel | Verkäufer/in;2;3;2026-09-20;2026-09-23;2026;ba-jobsuche;;
REWE Markt GmbH ZwNL Südwest;Mainhardt;74535;;BADEN_WUERTTEMBERG;Kaufmann/-frau - Einzelhandel;1;1;2026-09-20;2026-09-23;2026;ba-jobsuche;;
Rüdiger Honold Stuckateuergeschäft;Mainhardt;74535;Im Seetal;BADEN_WUERTTEMBERG;Ausbaumanager/in (doppelt qualifizierende Ausbildung) | Maler/in und Lackierer/in - Gestaltung und Instandhaltung | Stuckateur/in;3;3;2026-09-20;2026-09-23;2026;ba-jobsuche;;
Schieber Holzbau GmbH & Co. KG;Mainhardt;74535;Pumphof;BADEN_WUERTTEMBERG;Zimmerer/Zimmerin;1;2;2026-09-20;2026-09-23;2026;ba-jobsuche;;
zmt GmbH;Mainhardt;74535;Im Seetal;BADEN_WUERTTEMBERG;Anlagenmechaniker/in - Sanitär-, Heizungs- und Klimatechnik | Elektroniker/in - Energie- und Gebäudetechnik | Kaufmann/-frau - Büromanagement;3;4;2026-09-20;2026-09-23;2026;ba-jobsuche;;
"""der obere beck"" Willy Holzwarth Bäcker und Konditorei";Marbach am Neckar;71672;;BADEN_WUERTTEMBERG;Fachverkäufer/in - Lebensmittelhandwerk (Bäckerei);1;1;2026-09-20;2026-09-23;2026;ba-jobsuche;;
AGROA Raiffeisen eG;Marbach am Neckar;71672;Rielingshäuser Straße;BADEN_WUERTTEMBERG;Kaufmann/-frau - Einzelhandel | Kaufmann/-frau - Groß- und Außenhandelsmanagement (Großhandel);2;2;2026-09-20;2026-09-23;2026;ba-jobsuche;;
BBP Kunststoffwerk Marbach Baier GmbH;Marbach am Neckar;71672;Erdmannhäuser Str.;BADEN_WUERTTEMBERG;Industriekaufmann/-frau | Kunststoff- und Kautschuktechnologe/-technologin - Formteile;2;2;2026-09-20;2026-09-23;2026;ba-jobsuche;;
EgeTrans Internationale Spedition GmbH;Marbach am Neckar;71672;Ludwigsburger Str.;BADEN_WUERTTEMBERG;Bachelor of Arts - BWL-Fachrichtung Spedition,Transport (m/w/d) 2026 | Bachelor of Arts: BWL (Dienstleistungsmanagement) Logistik- und Supply Chain Management (m/w/d) 2026 | Bachelor of Science: Informatik (m/w/d) 2026 | Kaufmann/-frau - Spedition und Logistikdienstleistung;4;4;2026-09-20;2026-09-23;2026;ba-jobsuche;;
HAINBUCH GMBH SPANNENDE TECHNIK;Marbach am Neckar;71672;Erdmannhäuser Str.;BADEN_WUERTTEMBERG;Bachelor of Engineering [m/w/d] - Maschinenbau - Konstruktion und Entwicklung [2027] | Bachelor of Engineering [m/w/d] - Wirtschaftsingenieurwesen - Internationaler technischer Vertrieb | Bachelor of Engineering [m/w/d] Mechatronik  [2027] | Industriemechaniker/in | Mechatroniker/in;5;5;2026-09-20;2026-09-23;2026;ba-jobsuche;;
Klöpfer GmbH & Co. KG;Marbach am Neckar;71672;;BADEN_WUERTTEMBERG;Aufbereitungsmechaniker/in - Sand und Kies;1;1;2026-09-20;2026-09-23;2026;ba-jobsuche;;
Lidl Dienstleistung GmbH & Co. KG;Marbach am Neckar;71672;Rielingshäuser Straße;BADEN_WUERTTEMBERG;Verkäufer/in;1;1;2026-09-20;2026-09-23;2026;ba-jobsuche;;
Müller Holding GmbH & Co. KG;Marbach am Neckar;71672;Wildermuthstr. 5;BADEN_WUERTTEMBERG;Kaufmann/-frau - Einzelhandel;1;1;2026-09-20;2026-09-23;2026;ba-jobsuche;;
Neuberth Gastro GmbH Restaurant Schillers Blick;Marbach am Neckar;71672;Schillerhöhe;BADEN_WUERTTEMBERG;Fachmann/-frau - Restaurants und Veranstaltungsgastronomie | Koch/Köchin;2;2;2026-09-20;2026-09-23;2026;ba-jobsuche;;
Stadt Marbach am Neckar;Marbach am Neckar;71672;Hauffstraße;BADEN_WUERTTEMBERG;Fachangestellte/r - Medien- und Informationsdienste - Bibliothek | Kaufmann/-frau - Tourismus und Freizeit;2;2;2026-09-20;2026-09-23;2026;ba-jobsuche;;
WIRTH elektrotechnik GmbH;Marbach am Neckar;71672;Heinrich-Hertz-Ring;BADEN_WUERTTEMBERG;Elektroniker/in - Energie- und Gebäudetechnik;1;1;2026-09-20;2026-09-23;2026;ba-jobsuche;;
ALDI SÜD Dienstleistungs- SE & Co. oHG;Markgröningen;71706;;BADEN_WUERTTEMBERG;Verkäufer/in;1;1;2026-09-20;2026-09-23;2026;ba-jobsuche;;
Arbeiter-Samariter-Bund BW e.V. Region Stuttgart;Markgröningen;71706;Asberger Str.;BADEN_WUERTTEMBERG;Pflegefachmann/-frau (Ausbildung);1;1;2026-09-20;2026-09-23;2026;ba-jobsuche;;
BENSELER Oberflächentechn. GmbH & Co.KG;Markgröningen;71706;Zeppelinstr.;BADEN_WUERTTEMBERG;Fachkraft - Lagerlogistik | Industriekaufmann/-frau | Industriemechaniker/in | Verfahrensmechaniker/in - Beschichtungstechnik | Wirtschafts­informatik – Application Management (DHBW), Bachelor of Science (m/w/d) - 2027 | Wirtschaftsingenieurwesen - Bachelor of Engineering (DHBW) (m/w/d) - 2027;6;6;2026-09-20;2026-09-23;2026;ba-jobsuche;;
Kälte Eckert GmbH;Markgröningen;71706;Maulbronner Weg;BADEN_WUERTTEMBERG;Mechatroniker/in - Kältetechnik;1;1;2026-09-20;2026-09-23;2026;ba-jobsuche;;
KiK Textilien und Non-Food GmbH;Markgröningen;71706;Bahnhofstraße 47;BADEN_WUERTTEMBERG;Fachwirt/in - Handel (doppelt qualifizierende Ausbildung);1;1;2026-09-20;2026-09-23;2026;ba-jobsuche;;
MAHLE Industriemotoren-Komponenten GmbH;Markgröningen;71706;Tammer Str.;BADEN_WUERTTEMBERG;Industriemechaniker/in;1;1;2026-09-20;2026-09-23;2026;ba-jobsuche;;
Ortema GmbH;Markgröningen;71706;Kurt-Lindemann-Weg;BADEN_WUERTTEMBERG;Dualer Student (w/m/d) Ernährungsberatung Bachelor of Arts an der DHfPG;1;1;2026-09-20;2026-09-23;2026;ba-jobsuche;;
REWE Markt GmbH ZwNL Südwest;Markgröningen;71706;;BADEN_WUERTTEMBERG;Kaufmann/-frau - Einzelhandel;1;1;2026-09-20;2026-09-23;2026;ba-jobsuche;;
RKH Regionale Kliniken Holding und Services GmbH;Markgröningen;71706;Kurt-Lindemann-Weg 10;BADEN_WUERTTEMBERG;Operationstechnische/r Assistent/in;1;1;2026-09-20;2026-09-23;2026;ba-jobsuche;;
Sto SE & Co. KGaA;Markgröningen;71706;;BADEN_WUERTTEMBERG;Fachkraft - Lagerlogistik | Kaufmann/-frau - Groß- und Außenhandelsmanagement (Großhandel);2;2;2026-09-20;2026-09-23;2026;ba-jobsuche;;
STRABAG GmbH;Markgröningen;71706;Maulbronner Weg;BADEN_WUERTTEMBERG;Asphaltbauer/in | Bauwerksabdichter/in;2;2;2026-09-20;2026-09-23;2026;ba-jobsuche;;
Tanja Focker;Markgröningen;71706;Graf-Hartmann-Str.;BADEN_WUERTTEMBERG;Fachkraft - Gastronomie | Fachkraft - Küche | Koch/Köchin;3;3;2026-09-20;2026-09-23;2026;ba-jobsuche;;
Volz Parkett;Markgröningen;71706;Tammer Str.;BADEN_WUERTTEMBERG;Parkettleger/in;1;1;2026-09-20;2026-09-23;2026;ba-jobsuche;;
Netto Marken-Discount Stiftung & Co. KG;Metzingen, Württemberg;72555;Wilhelmstraße 19;BADEN_WUERTTEMBERG;Kaufmann/-frau - Einzelhandel | Verkäufer/in;2;3;2026-09-20;2026-09-23;2026;ba-jobsuche;;
ALDI SÜD Dienstleistungs- SE & Co. oHG;Möglingen, Kreis Ludwigsburg, Württ.;71696;;BADEN_WUERTTEMBERG;Verkäufer/in;1;1;2026-09-20;2026-09-23;2026;ba-jobsuche;;
Lidl Dienstleistung GmbH & Co. KG;Möglingen, Kreis Ludwigsburg, Württ.;71696;Schwieberdinger Str.;BADEN_WUERTTEMBERG;Fachwirt/in - Handel (doppelt qualifizierende Ausbildung) | Verkäufer/in;2;2;2026-09-20;2026-09-23;2026;ba-jobsuche;;
Lutz Krieg Straßen- u. Tiefbau GmbH;Möglingen, Kreis Ludwigsburg, Württ.;71696;Kruppstr.;BADEN_WUERTTEMBERG;Baugeräteführer/in | Straßenbauer/in;2;2;2026-09-20;2026-09-23;2026;ba-jobsuche;;
Martin Häussermann Stauden + Gehölze;Möglingen, Kreis Ludwigsburg, Württ.;71696;Im Kornfeld;BADEN_WUERTTEMBERG;Kaufmann/-frau - Einzelhandel;1;1;2026-09-20;2026-09-23;2026;ba-jobsuche;;
Netto Marken-Discount Stiftung & Co. KG;Möglingen, Kreis Ludwigsburg, Württ.;71696;Ludwigsburger Str. 50;BADEN_WUERTTEMBERG;Kaufmann/-frau - Einzelhandel | Verkäufer/in;2;2;2026-09-20;2026-09-23;2026;ba-jobsuche;;
Paul Jaeger GmbH&Co.KG;Möglingen, Kreis Ludwigsburg, Württ.;71696;Siemensstr.;BADEN_WUERTTEMBERG;Lacklaborant/in;1;1;2026-09-20;2026-09-23;2026;ba-jobsuche;;
puntus GmbH;Möglingen, Kreis Ludwigsburg, Württ.;71696;Spitalhof;BADEN_WUERTTEMBERG;Assistent/in - Informatik (Wirtschaftsinformatik);1;1;2026-09-20;2026-09-23;2026;ba-jobsuche;;
EDAG Engineering GmbH;Mönsheim;71297;;BADEN_WUERTTEMBERG;Technische/r Produktdesigner/in - Produktgestaltung und -konstruktion;1;1;2026-09-20;2026-09-23;2026;ba-jobsuche;;
Emil Kraus GmbH;Mönsheim;71297;Rotweg;BADEN_WUERTTEMBERG;Industriekaufmann/-frau;1;1;2026-09-20;2026-09-23;2026;ba-jobsuche;;
Netto Marken-Discount Stiftung & Co. KG;Mundelsheim;74395;Pleidelsheimer Str. 10;BADEN_WUERTTEMBERG;Kaufmann/-frau - Einzelhandel | Verkäufer/in;2;2;2026-09-20;2026-09-23;2026;ba-jobsuche;;
ALDI SÜD Dienstleistungs- SE & Co. oHG;Murr, Württemberg;71711;;BADEN_WUERTTEMBERG;Verkäufer/in;1;1;2026-09-20;2026-09-23;2026;ba-jobsuche;;
Bäcker Eugen Hofmann GmbH & Co. KG;Murr, Württemberg;71711;Hindenburgstr.;BADEN_WUERTTEMBERG;Bäcker/in | Fachverkäufer/in - Lebensmittelhandwerk (Bäckerei) | Konditor/in;3;6;2026-09-20;2026-09-23;2026;ba-jobsuche;;
dm-drogerie markt GmbH + Co.KG;Murr, Württemberg;71711;Im Langen Feld 3;BADEN_WUERTTEMBERG;Drogist/in;1;2;2026-09-20;2026-09-23;2026;ba-jobsuche;;
Fermo-Bau GmbH;Murr, Württemberg;71711;Gottlieb-Daimler-Str.;BADEN_WUERTTEMBERG;Maurer/in;1;1;2026-09-20;2026-09-23;2026;ba-jobsuche;;
Fritz GmbH Fritz Technologie;Murr, Württemberg;71711;Gottlieb-Daimler-Str.;BADEN_WUERTTEMBERG;Bauwerksabdichter/in | Klempner/in;2;2;2026-09-20;2026-09-23;2026;ba-jobsuche;;
Lidl Dienstleistung GmbH & Co. KG;Murr, Württemberg;71711;Im Langen Feld;BADEN_WUERTTEMBERG;Fachwirt/in - Handel (doppelt qualifizierende Ausbildung) | Verkäufer/in;2;2;2026-09-20;2026-09-23;2026;ba-jobsuche;;
Nägele Mechanik GmbH;Murr, Württemberg;71711;Gottlieb-Daimler-Str.;BADEN_WUERTTEMBERG;Kaufmann/-frau - Büromanagement | Mechatroniker/in | Zerspanungsmechaniker/in;3;3;2026-09-20;2026-09-23;2026;ba-jobsuche;;
NORMA Lebensmittelfilialbetrieb Stiftung & Co. KG;Murr, Württemberg;71711;;BADEN_WUERTTEMBERG;Kaufmann/-frau - Einzelhandel | Verkäufer/in;2;2;2026-09-20;2026-09-23;2026;ba-jobsuche;;
ALDI SÜD Dienstleistungs- SE & Co. oHG;Murrhardt;71540;;BADEN_WUERTTEMBERG;Verkäufer/in;1;1;2026-09-20;2026-09-23;2026;ba-jobsuche;;
Diakonie ambulant Gesundheitsdienste Oberes Murrtal e.V.;Murrhardt;71540;Blumstr.;BADEN_WUERTTEMBERG;Pflegefachmann/-frau (Ausbildung);1;1;2026-09-20;2026-09-23;2026;ba-jobsuche;;
dm-drogerie markt GmbH + Co.KG;Murrhardt;71540;Fritz-Schweizer-Straße 6;BADEN_WUERTTEMBERG;Drogist/in;1;1;2026-09-20;2026-09-23;2026;ba-jobsuche;;
GEERS (Sonova Retail Deutschland GmbH);Murrhardt;71540;Theodor-Heuss-Str. 1;BADEN_WUERTTEMBERG;Hörakustiker/in;1;1;2026-09-20;2026-09-23;2026;ba-jobsuche;;
Holp GmbH;Murrhardt;71540;Im Beundle;BADEN_WUERTTEMBERG;Konstruktionsmechaniker/in;1;1;2026-09-20;2026-09-23;2026;ba-jobsuche;;
Lidl Dienstleistung GmbH & Co. KG;Murrhardt;71540;Fornsbacher Straße;BADEN_WUERTTEMBERG;Fachwirt/in - Handel (doppelt qualifizierende Ausbildung) | Verkäufer/in;2;3;2026-09-20;2026-09-23;2026;ba-jobsuche;;
NORMA Lebensmittelfilialbetrieb Stiftung & Co. KG;Murrhardt;71540;;BADEN_WUERTTEMBERG;Kaufmann/-frau - Einzelhandel | Verkäufer/in;2;2;2026-09-20;2026-09-23;2026;ba-jobsuche;;
Penny-Markt GmbH Verwaltung;Murrhardt;71540;;BADEN_WUERTTEMBERG;Verkäufer/in;1;1;2026-09-20;2026-09-23;2026;ba-jobsuche;;
Praxis Dr. Eva Töckelt;Murrhardt;71540;Hauptstr.;BADEN_WUERTTEMBERG;Zahnmedizinische/r Fachangestellte/r;1;1;2026-09-22;2026-09-23;2026;ba-jobsuche;;
Robert Bosch GmbH;Murrhardt;71540;;BADEN_WUERTTEMBERG;Industriemechaniker/in;1;1;2026-09-20;2026-09-23;2026;ba-jobsuche;;
Schumm Pflege gGmbH;Murrhardt;71540;Fornsbacher Str.;BADEN_WUERTTEMBERG;Altenpflegehelfer/in | Pflegefachmann/-frau (Ausbildung);2;2;2026-09-20;2026-09-23;2026;ba-jobsuche;;
SPM GmbH;Murrhardt;71540;Walterichsweg;BADEN_WUERTTEMBERG;Fachmann/-frau - Restaurants und Veranstaltungsgastronomie;1;1;2026-09-20;2026-09-23;2026;ba-jobsuche;;
Technoplast Engineering GmbH;Murrhardt;71540;Erich-Schumm-Str.;BADEN_WUERTTEMBERG;Verfahrensmechaniker/in - Beschichtungstechnik;1;1;2026-09-20;2026-09-23;2026;ba-jobsuche;;
Theodor Wölpert GmbH & Co.KG;Murrhardt;71540;Siegelsberger Str. 81;BADEN_WUERTTEMBERG;Fachlagerist/in | Kaufmann/-frau - Groß- und Außenhandelsmanagement (Großhandel);2;2;2026-09-20;2026-09-23;2026;ba-jobsuche;;
ALDI SÜD Dienstleistungs- SE & Co. oHG;Mutlangen;73557;;BADEN_WUERTTEMBERG;Verkäufer/in;1;1;2026-09-20;2026-09-23;2026;ba-jobsuche;;
Autohaus Baur GmbH;Mutlangen;73557;Spraitbacher Str.;BADEN_WUERTTEMBERG;Automobilkaufmann/-frau | Kraftfahrzeugmechatroniker/in - Karosserietechnik | Kraftfahrzeugmechatroniker/in - Personenkraftwagentechnik | Kraftfahrzeugmechatroniker/in - System- und Hochvolttechnik;4;4;2026-09-20;2026-09-23;2026;ba-jobsuche;;
dm-drogerie markt GmbH + Co.KG;Mutlangen;73557;In der Breite 7;BADEN_WUERTTEMBERG;Drogist/in;1;1;2026-09-20;2026-09-23;2026;ba-jobsuche;;
KiK Textilien und Non-Food GmbH;Mutlangen;73557;In der Breite 9;BADEN_WUERTTEMBERG;Fachwirt/in - Handel (doppelt qualifizierende Ausbildung) | Kaufmann/-frau - Einzelhandel | Verkäufer/in;3;3;2026-09-20;2026-09-23;2026;ba-jobsuche;;
Kliniken Ostalb;Mutlangen;73557;Wetzgauer Straße;BADEN_WUERTTEMBERG;Anästhesietechnische/r Assistent/in | Diätassistent/in | Duales Studium Angewandte Hebammenwissenschaften B. Sc. (m/w/d) 2027 | Duales Studium Case Management im Sozial- und Gesundheitswesen B. A. (m/w/d) 2027 | Fachinformatiker/in - Systemintegration | Medizinische/r Fachangestellte/r | Medizinische/r Technologe/Technologin - Laboratoriumsanalytik | Medizinische/r Technologe/Technologin - Radiologie | Operationstechnische/r Assistent/in | Pflegefachmann/-frau (Ausbildung) | Pharmazeutisch-kaufmännische/r Angestellte/r;11;12;2026-09-20;2026-09-23;2026;ba-jobsuche;;
Krazer Fensterbau GmbH & Co. KG;Mutlangen;73557;Spraitbacher Str.;BADEN_WUERTTEMBERG;Glaser/in - Fenster- und Glasfassadenbau;1;1;2026-09-20;2026-09-23;2026;ba-jobsuche;;
Lidl Dienstleistung GmbH & Co. KG;Mutlangen;73557;An der Stauferklinik;BADEN_WUERTTEMBERG;Fachwirt/in - Handel (doppelt qualifizierende Ausbildung) | Verkäufer/in;2;2;2026-09-20;2026-09-23;2026;ba-jobsuche;;
Zahnarztpraxis Dr. Kemmer Matthias Kemmer;Mutlangen;73557;Gmünder Str.;BADEN_WUERTTEMBERG;Zahnmedizinische/r Fachangestellte/r;1;1;2026-09-20;2026-09-23;2026;ba-jobsuche;;
BEA Antriebstechnik GmbH;Neckartailfingen;72666;Neckarstr.;BADEN_WUERTTEMBERG;Fachkraft - Lagerlogistik | Kaufmann/-frau - E-Commerce | Kaufmann/-frau - Groß- und Außenhandelsmanagement (Großhandel);3;3;2026-09-20;2026-09-23;2026;ba-jobsuche;;
Daldrop & Dr. Ing. Huber GmbH + Co. KG;Neckartailfingen;72666;Daldropstr.;BADEN_WUERTTEMBERG;Konstruktionsmechaniker/in | Studiengang Energie-Ingenieurwesen, Fachrichtung TGA (B. Eng) | Studiengang Maschinenbau-, Versorgungs- und Energiemanagement (B. Eng) | Studiengang Nachhaltige Gebäude- und Energietechnik (B. Eng) | Technische/r Systemplaner/in - Versorgungs- und Ausrüstungstechnik;5;5;2026-09-20;2026-09-23;2026;ba-jobsuche;;
Metzgerei Jaissle;Neckartailfingen;72666;Nürtinger Str.;BADEN_WUERTTEMBERG;Fleischer/in;1;1;2026-09-20;2026-09-23;2026;ba-jobsuche;;
Penny-Markt GmbH Verwaltung;Neckartailfingen;72666;;BADEN_WUERTTEMBERG;Kaufmann/-frau - Einzelhandel | Verkäufer/in;2;5;2026-09-20;2026-09-23;2026;ba-jobsuche;;
Deichmann SE;Neckartenzlingen;72654;;BADEN_WUERTTEMBERG;Kaufmann/-frau - Einzelhandel | Verkäufer/in;2;2;2026-09-20;2026-09-23;2026;ba-jobsuche;;
dm-drogerie markt GmbH + Co.KG;Neckartenzlingen;72654;Ulrich-Gminder-Straße 2/1;BADEN_WUERTTEMBERG;Drogist/in;1;1;2026-09-20;2026-09-23;2026;ba-jobsuche;;
Hirschmann Automation and Control GmbH;Neckartenzlingen;72654;Stuttgarter Str.;BADEN_WUERTTEMBERG;BWL-Industrie (m/w/d) | Elektroniker/in - Geräte und Systeme | Elektrotechnik (m/w/d) | Embedded Systems (m/w/d) | Industriekaufmann/-frau | Informatik (m/w/d) | IT-System-Elektroniker/in | Mechatroniker/in | Wirtschaftsingenieurswesen (m/w/d);9;9;2026-09-20;2026-09-23;2026;ba-jobsuche;;
Lidl Dienstleistung GmbH & Co. KG;Neckartenzlingen;72654;Karlstr.;BADEN_WUERTTEMBERG;Fachwirt/in - Handel (doppelt qualifizierende Ausbildung) | Verkäufer/in;2;2;2026-09-20;2026-09-23;2026;ba-jobsuche;;
Netto Marken-Discount Stiftung & Co. KG;Neckartenzlingen;72654;Karlstr. 8;BADEN_WUERTTEMBERG;Kaufmann/-frau - Einzelhandel | Verkäufer/in;2;3;2026-09-20;2026-09-23;2026;ba-jobsuche;;
Ramsperger Automobile GmbH & Co. KG;Neckartenzlingen;72654;Robert-Bosch-Straße;BADEN_WUERTTEMBERG;Kraftfahrzeugmechatroniker/in - Personenkraftwagentechnik | Kraftfahrzeugmechatroniker/in - System- und Hochvolttechnik;2;2;2026-09-20;2026-09-23;2026;ba-jobsuche;;
Schreinerei Spandau;Neckartenzlingen;72654;In der Boindte;BADEN_WUERTTEMBERG;Tischler/in;1;1;2026-09-20;2026-09-23;2026;ba-jobsuche;;
WORKS Kiefner GmbH & Co.KG Berufskleidung;Neckartenzlingen;72654;Ulrich-Gminder-Str.;BADEN_WUERTTEMBERG;Fachlagerist/in | Kaufmann/-frau - Büromanagement | Textil- und Modenäher/in;3;3;2026-09-20;2026-09-23;2026;ba-jobsuche;;
Zutrittswerk GmbH;Neckartenzlingen;72654;Robert-Bosch-Str.;BADEN_WUERTTEMBERG;Industriekaufmann/-frau;1;1;2026-09-20;2026-09-23;2026;ba-jobsuche;;
Fletterer-Bemme u. Zeh Tierarztpraxis;Neckarwestheim;74382;Marktplatz;BADEN_WUERTTEMBERG;Tiermedizinische/r Fachangestellte/r;1;1;2026-09-23;2026-09-23;2026;ba-jobsuche;;
Netto Marken-Discount Stiftung & Co. KG;Neckarwestheim;74382;Schillerstr. 1;BADEN_WUERTTEMBERG;Kaufmann/-frau - Einzelhandel | Verkäufer/in;2;2;2026-09-20;2026-09-23;2026;ba-jobsuche;;
TWIN SISTERS GmbH;Neckarwestheim;74382;Werner-Heisenberg-Str.;BADEN_WUERTTEMBERG;Fachkraft - Veranstaltungstechnik;1;1;2026-09-20;2026-09-23;2026;ba-jobsuche;;
Walter Stahl Inh. Manfred Stahl;Neckarwestheim;74382;Lise-Meitner-Weg;BADEN_WUERTTEMBERG;Maschinen- und Anlagenführer/in - Metall-, Kunststofftechnik;1;1;2026-09-20;2026-09-23;2026;ba-jobsuche;;
Balluff GmbH;Neuhausen auf den Fildern;73765;Zabergäustraße;BADEN_WUERTTEMBERG;Duales Studium BWL – Digital Business Management (B. A.) 2027 | Duales Studium Data Science und KI (B.Sc.) m/w/d 2027 | Duales Studium Wirtschaftsinformatik (B.Sc.) m/w/d 2027 | Elektroniker/in - Geräte und Systeme | Embedded Systems (B. Eng.) m/w/d 2027 | Embedded Systems (B.Eng.) | Kaufmann/-frau - Digitalisierungsmanagement | Mechatroniker/in | technisches Studium Plus Mechatronik (B. Eng.) m/w/d 2027;9;14;2026-09-20;2026-09-23;2026;ba-jobsuche;;
Christian Rosenfeld Verkaufsleiter der Wüstenrot Bausparkasse AG;Neuhausen auf den Fildern;73765;;BADEN_WUERTTEMBERG;Kaufmann/-frau - Büromanagement | Kaufmann/-frau - Versicherungen und Finanzen - Versicherung;2;2;2026-09-20;2026-09-23;2026;ba-jobsuche;;
Dr. med. vet. Klaus Elsässer;Neuhausen auf den Fildern;73765;Marktstr.;BADEN_WUERTTEMBERG;Tiermedizinische/r Fachangestellte/r;1;1;2026-09-20;2026-09-23;2026;ba-jobsuche;;
Dr. Sandra Mitrovic Zahnärztin;Neuhausen auf den Fildern;73765;Kirchstr.;BADEN_WUERTTEMBERG;Zahnmedizinische/r Fachangestellte/r;1;1;2026-09-20;2026-09-23;2026;ba-jobsuche;;
F. Zimmermann GmbH;Neuhausen auf den Fildern;73765;Bernhäuser Str.;BADEN_WUERTTEMBERG;Industriekaufmann/-frau | Industriemechaniker/in | Technische/r Produktdesigner/in - Maschinen- und Anlagenkonstruktion;3;3;2026-09-20;2026-09-23;2026;ba-jobsuche;;
GLAS-BACH GmbH;Neuhausen auf den Fildern;73765;Schönbuchstr.;BADEN_WUERTTEMBERG;Flachglastechnologe/-technologin | Kaufmann/-frau - E-Commerce | Kaufmann/-frau - Groß- und Außenhandelsmanagement (Großhandel);3;3;2026-09-20;2026-09-23;2026;ba-jobsuche;;
Neumann & Müller GmbH & Co.KG;Neuhausen auf den Fildern;73765;;BADEN_WUERTTEMBERG;Fachkraft - Veranstaltungstechnik;1;1;2026-09-20;2026-09-23;2026;ba-jobsuche;;
Nora Person Fachärztin für Kinder- und Jugendmedizin;Neuhausen auf den Fildern;73765;Marktstraße;BADEN_WUERTTEMBERG;Medizinische/r Fachangestellte/r;1;1;2026-09-20;2026-09-23;2026;ba-jobsuche;;
Ottenbruch GmbH & Co. KG;Neuhausen auf den Fildern;73765;Schurwaldstr.;BADEN_WUERTTEMBERG;Kaufmann/-frau - Groß- und Außenhandelsmanagement (Großhandel);1;1;2026-09-20;2026-09-23;2026;ba-jobsuche;;
Pascal Gässler Schornsteinfeger;Neuhausen auf den Fildern;73765;Martha-Arnold-Str.;BADEN_WUERTTEMBERG;Schornsteinfeger/in;1;1;2026-09-20;2026-09-23;2026;ba-jobsuche;;
Penny-Markt GmbH Verwaltung;Neuhausen auf den Fildern;73765;;BADEN_WUERTTEMBERG;Duales Studium Handel (B.A.) | Duales Studium Logistik (B.A.) | Fachkraft - Lagerlogistik | Kaufmann/-frau - Einzelhandel | Verkäufer/in;5;9;2026-09-20;2026-09-23;2026;ba-jobsuche;;
Volksbank Filder eG;Neuhausen auf den Fildern;73765;Schloßplatz;BADEN_WUERTTEMBERG;Bankkaufmann/-frau | Finanzassistent/in (doppelt qualifizierende Ausbildung);2;4;2026-09-20;2026-09-23;2026;ba-jobsuche;;
Lasercomb GmbH;Notzingen;73274;Siemensstr.;BADEN_WUERTTEMBERG;Mechatroniker/in;1;1;2026-09-20;2026-09-23;2026;ba-jobsuche;;
A.T.U Auto-Teile-Unger GmbH & Co. KG;Nürtingen;72622;Neuffener Straße 156;BADEN_WUERTTEMBERG;Kraftfahrzeugmechatroniker/in - Personenkraftwagentechnik;1;2;2026-09-20;2026-09-23;2026;ba-jobsuche;;
ads-tec Administration GmbH;Nürtingen;72622;Heinrich-Hertz-Str.;BADEN_WUERTTEMBERG;Fachinformatiker/in - Systemintegration;1;1;2026-09-20;2026-09-23;2026;ba-jobsuche;;
ALDI SÜD Dienstleistungs- SE & Co. oHG;Nürtingen;72622;;BADEN_WUERTTEMBERG;Verkäufer/in;1;2;2026-09-20;2026-09-23;2026;ba-jobsuche;;
B&W Personal GmbH;Nürtingen;72622;Hohes Gestade;BADEN_WUERTTEMBERG;Kaufmann/-frau - Büromanagement;1;1;2026-09-20;2026-09-23;2026;ba-jobsuche;;
BayWa AG HR Services;Nürtingen;72622;Max-Eyth-Straße;BADEN_WUERTTEMBERG;Land- und Baumaschinenmechatroniker/in;1;1;2026-09-20;2026-09-23;2026;ba-jobsuche;;
Best Western Plus Hotel Am Schlossberg GmbH & Co. KG;Nürtingen;72622;;BADEN_WUERTTEMBERG;Fachmann/-frau - Restaurants und Veranstaltungsgastronomie;1;1;2026-09-20;2026-09-21;2026;ba-jobsuche;;
BFP Metalltechnik GmbH & Co. KG;Nürtingen;72622;Lauterstr.;BADEN_WUERTTEMBERG;Konstruktionsmechaniker/in | Zerspanungsmechaniker/in;2;2;2026-09-20;2026-09-23;2026;ba-jobsuche;;
Bleher Raumdesign & Handwerk;Nürtingen;72622;Kirchheimerstraße 1;BADEN_WUERTTEMBERG;Raumausstatter/in;1;1;2026-09-22;2026-09-22;2026;ba-jobsuche;;
BW Papersystems;Nürtingen;72622;;BADEN_WUERTTEMBERG;Industriemechaniker/in | Mechatroniker/in;2;2;2026-09-20;2026-09-23;2026;ba-jobsuche;;
BW Papersystems Stuttgart GmbH;Nürtingen;72622;Schlosserstr.;BADEN_WUERTTEMBERG;Elektrotechnik und Informationstechnik mit Studienrichtung Automation (B.Eng.) | Maschinenbau mit Studienrichtung Konstruktion und Entwicklung (B.Eng.) | Mechatroniker/in;3;4;2026-09-20;2026-09-23;2026;ba-jobsuche;;
Christian Rosenfeld Verkaufsleiter der Wüstenrot Bausparkasse AG;Nürtingen;72622;Heiligkreuzstr.;BADEN_WUERTTEMBERG;Kaufmann/-frau - Büromanagement;1;1;2026-09-20;2026-09-23;2026;ba-jobsuche;;
Deichmann SE;Nürtingen;72622;;BADEN_WUERTTEMBERG;Kaufmann/-frau - Einzelhandel | Verkäufer/in;2;2;2026-09-20;2026-09-23;2026;ba-jobsuche;;
dm-drogerie markt GmbH + Co.KG;Nürtingen;72622;Eichendorffstraße 30;BADEN_WUERTTEMBERG;Drogist/in;1;1;2026-09-20;2026-09-23;2026;ba-jobsuche;;
Dr. Böhm & Kollegen - Das Hausarztzentrum MVZ GmbH;Nürtingen;72622;Uhlandstr.;BADEN_WUERTTEMBERG;Medizinische/r Fachangestellte/r;1;1;2026-09-20;2026-09-23;2026;ba-jobsuche;;
Dr. Dr. A. Henßler, Dr. J. Laval & Partner;Nürtingen;72622;Am Obertor;BADEN_WUERTTEMBERG;Zahnmedizinische/r Fachangestellte/r;1;1;2026-09-20;2026-09-23;2026;ba-jobsuche;;
Drs.med. KLaus u. Karin Ningel Fachärzte für Innere Medizin;Nürtingen;72622;Marktstr.;BADEN_WUERTTEMBERG;Medizinische/r Fachangestellte/r;1;1;2026-09-20;2026-09-23;2026;ba-jobsuche;;
Fielmann AG;Nürtingen;72622;;BADEN_WUERTTEMBERG;Augenoptiker/in;1;1;2026-09-20;2026-09-23;2026;ba-jobsuche;;
G. Mayer & Sohn GmbH Landmaschinen;Nürtingen;72622;Stuttgarter Str.;BADEN_WUERTTEMBERG;Land- und Baumaschinenmechatroniker/in;1;1;2026-09-20;2026-09-23;2026;ba-jobsuche;;
Geb Ott Betonwerke GmbH & Co.KG;Nürtingen;72622;Max-Eyth-Str.;BADEN_WUERTTEMBERG;Industriekaufmann/-frau;1;1;2026-09-20;2026-09-23;2026;ba-jobsuche;;
Gebr. Heller Maschinenfabrik GmbH;Nürtingen;72622;Gebrüder-Heller-Str.;BADEN_WUERTTEMBERG;Industriemechaniker/in | Technische/r Produktdesigner/in - Maschinen- und Anlagenkonstruktion;2;2;2026-09-20;2026-09-23;2026;ba-jobsuche;;
Gemeinschaftspraxis Zahnärzte Dr. Thomas Koch , Dr. Matthias Goth und C. Körn;Nürtingen;72622;;BADEN_WUERTTEMBERG;Zahnmedizinische/r Fachangestellte/r;1;1;2026-09-20;2026-09-23;2026;ba-jobsuche;;
hagebau Gebr. Ott Baustoffe GmbH;Nürtingen;72622;Max-Eyth-Straße;BADEN_WUERTTEMBERG;Kaufmann/-frau - Groß- und Außenhandelsmanagement (Großhandel);1;1;2026-09-22;2026-09-23;2026;ba-jobsuche;;
Hagebaumarkt Gebrüder Ott Baustoffe GmbH;Nürtingen;72622;Max-Eyth-Str.;BADEN_WUERTTEMBERG;Kaufmann/-frau - Einzelhandel;1;1;2026-09-20;2026-09-23;2026;ba-jobsuche;;
hofer powerTec GmbH;Nürtingen;72622;Ohmstr.;BADEN_WUERTTEMBERG;Elektroniker/in - Betriebstechnik | Mechatroniker/in;2;2;2026-09-20;2026-09-23;2026;ba-jobsuche;;
Hotel am Schlossberg GmbH & Co. KG;Nürtingen;72622;Europastr.;BADEN_WUERTTEMBERG;Fachmann/-frau - Restaurants und Veranstaltungsgastronomie | Hotelfachmann/-frau | Koch/Köchin;3;3;2026-09-20;2026-09-23;2026;ba-jobsuche;;
Ines und Felix Rutkowski GbR;Nürtingen;72622;Zementwerk;BADEN_WUERTTEMBERG;Medizinische/r Fachangestellte/r;1;1;2026-09-20;2026-09-23;2026;ba-jobsuche;;
IST METZ GmbH & Co.KG;Nürtingen;72622;Lauterstr.;BADEN_WUERTTEMBERG;DHBW-Student (m/w/d) Elektrotechnik | Elektroniker/in - Automatisierungstechnik | Fachkraft - Lagerlogistik | Industriekaufmann/-frau | Technische/r Produktdesigner/in - Produktgestaltung und -konstruktion;5;7;2026-09-20;2026-09-23;2026;ba-jobsuche;;
Kaufland;Nürtingen;72622;;BADEN_WUERTTEMBERG;Bankkaufmann/-frau | Fachwirt/in - Handel (doppelt qualifizierende Ausbildung) | Verkäufer/in;3;3;2026-09-20;2026-09-23;2026;ba-jobsuche;;
Kaufland Dienstleistung GmbH & Co. KG;Nürtingen;72622;Europastraße;BADEN_WUERTTEMBERG;Duales Studium BWL Handel - Filiale (B.A.) 2027 | Verkäufer/in;2;2;2026-09-20;2026-09-23;2026;ba-jobsuche;;
Kemmler Baustoffe Nürtingen GmbH;Nürtingen;72622;Lauterstr.;BADEN_WUERTTEMBERG;Fachkraft - Lagerlogistik | Kaufmann/-frau - Groß- und Außenhandelsmanagement (Großhandel);2;4;2026-09-20;2026-09-23;2026;ba-jobsuche;;
Landratsamt Esslingen;Nürtingen;72622;Europastraße;BADEN_WUERTTEMBERG;Kenn-Nr. 344-66/26 Bachelor of Arts – Soziale Arbeit;1;1;2026-09-20;2026-09-23;2026;ba-jobsuche;;
Lidl Dienstleistung GmbH & Co. KG;Nürtingen;72622;Oberensinger Str.;BADEN_WUERTTEMBERG;Fachwirt/in - Handel (doppelt qualifizierende Ausbildung) | Verkäufer/in;2;4;2026-09-20;2026-09-23;2026;ba-jobsuche;;
McDonald's Deutschland LLC;Nürtingen;72622;Weberstr. 2;BADEN_WUERTTEMBERG;Fachmann/-frau - Systemgastronomie;1;2;2026-09-20;2026-09-23;2026;ba-jobsuche;;
Metabowerke GmbH;Nürtingen;72622;Walter-Rauch-Straße 1;BADEN_WUERTTEMBERG;Betriebswirt/in (doppelt qualifizierende Ausbildung) - allgemeine Betriebswirtschaft | DHBW Studium: BWL- Digital Business Management (Bachelor, m/w/d) 2027 | Fachkraft - Lagerlogistik | Fachlagerist/in | Industriekaufmann/-frau | Industriemechaniker/in | Maschinen- und Anlagenführer/in - Metall-, Kunststofftechnik | Mechatroniker/in;8;12;2026-09-20;2026-09-23;2026;ba-jobsuche;;
Metzgerei Zänglein Bernd Zänglein;Nürtingen;72622;Im Wiesengrund;BADEN_WUERTTEMBERG;Fachverkäufer/in - Lebensmittelhandwerk (Fleischerei) | Fleischer/in;2;2;2026-09-20;2026-09-23;2026;ba-jobsuche;;
Netto Marken-Discount Stiftung & Co. KG;Nürtingen;72622;Robert-Bosch-Str. 3;BADEN_WUERTTEMBERG;Kaufmann/-frau - Einzelhandel | Verkäufer/in;2;3;2026-09-20;2026-09-23;2026;ba-jobsuche;;
NORMA Lebensmittelfilialbetrieb Stiftung & Co. KG;Nürtingen;72622;;BADEN_WUERTTEMBERG;Kaufmann/-frau - Einzelhandel | Verkäufer/in;2;4;2026-09-20;2026-09-23;2026;ba-jobsuche;;
Oberfinanzdirektion Baden-Württemberg Land BW;Nürtingen;72622;;BADEN_WUERTTEMBERG;Beamter/Beamtin - Steuerverwaltung (mittlerer nichttechnischer Dienst) | DUALES STUDIUM zum 01.10.2027 - Bachelor of Laws (geh. Dienst);2;2;2026-09-20;2026-09-23;2026;ba-jobsuche;;
Ramsperger Automobile GmbH & Co. KG;Nürtingen;72622;Robertr Bosch Str.;BADEN_WUERTTEMBERG;Automobilkaufmann/-frau | Fachkraft - Lagerlogistik | Kaufmann/-frau - Büromanagement | Kraftfahrzeugmechatroniker/in - Personenkraftwagentechnik | Kraftfahrzeugmechatroniker/in - System- und Hochvolttechnik;5;8;2026-09-20;2026-09-23;2026;ba-jobsuche;;
Russ Jesinger Automobile SE & Co. KG;Nürtingen;72622;Otto Hahn Str.;BADEN_WUERTTEMBERG;Automobilkaufmann/-frau | Kaufmann/-frau - Büromanagement | Kraftfahrzeugmechatroniker/in - Personenkraftwagentechnik | Kraftfahrzeugmechatroniker/in - System- und Hochvolttechnik;4;8;2026-09-20;2026-09-23;2026;ba-jobsuche;;
Samariterstiftung;Nürtingen;72622;Schloßweg;BADEN_WUERTTEMBERG;Altenpflegehelfer/in | Pflegefachmann/-frau (Ausbildung);2;2;2026-09-20;2026-09-23;2026;ba-jobsuche;;
Shilan Hassan;Nürtingen;72622;Nürtinger Str.;BADEN_WUERTTEMBERG;Friseur/in;1;1;2026-09-20;2026-09-23;2026;ba-jobsuche;;
Stadt Nürtingen;Nürtingen;72622;Marktstr.;BADEN_WUERTTEMBERG;2027 - Bachelor of Arts in Sozialer Arbeit (m/w/d) | Bachelor of Arts Digitales Verwaltungsmanagement (m/w/d) - 2027 | Erzieher/in | Fachinformatiker/in - Systemintegration | Sozialpädagogische/r Assistent/in / Kinderpfleger/in | Umwelttechnologe/-technologin - Abwasserbewirtschaftung | Veranstaltungskaufmann/-frau | Verwaltungsfachangestellte/r - Kommunalverwaltung;8;8;2026-09-20;2026-09-23;2026;ba-jobsuche;;
Stadtwerke Nürtingen GmbH;Nürtingen;72622;Porschestr.;BADEN_WUERTTEMBERG;Kaufmann/-frau - Büromanagement;1;1;2026-09-20;2026-09-23;2026;ba-jobsuche;;
Uhland-Praxisklinik GbR;Nürtingen;72622;Uhlandstr.;BADEN_WUERTTEMBERG;Medizinische/r Fachangestellte/r;1;1;2026-09-20;2026-09-23;2026;ba-jobsuche;;
Volksbank Mittlerer Neckar eG;Nürtingen;72622;;BADEN_WUERTTEMBERG;Bankkaufmann/-frau | Kaufmann/-frau - Digitalisierungsmanagement;2;3;2026-09-20;2026-09-23;2026;ba-jobsuche;;
Wellness & Fitness Inh. Andreas Klein e.Kfm.;Nürtingen;;;BADEN_WUERTTEMBERG;Sport- und Fitnesskaufmann/-frau;1;1;2026-09-20;2026-09-23;2026;ba-jobsuche;;
ZinCo GmbH;Nürtingen;72622;Lise-Meitner-Str.;BADEN_WUERTTEMBERG;Industriekaufmann/-frau;1;1;2026-09-20;2026-09-23;2026;ba-jobsuche;;
ALDI SÜD Dienstleistungs- SE & Co. oHG;Oberboihingen;72644;;BADEN_WUERTTEMBERG;Verkäufer/in;1;1;2026-09-20;2026-09-23;2026;ba-jobsuche;;
Fenster- u. Sonnenschutzanlagen Andreas Weiß;Oberboihingen;72644;Teichstr.;BADEN_WUERTTEMBERG;Rollladen- und Sonnenschutzmechatroniker/in;1;1;2026-09-20;2026-09-23;2026;ba-jobsuche;;
Jens-Philipp Käsmann;Oberboihingen;72644;Stattmannstr.;BADEN_WUERTTEMBERG;Maurer/in;1;1;2026-09-20;2026-09-23;2026;ba-jobsuche;;
Leben inklusiv e.V.;Oberboihingen;72644;Stattmannstr.;BADEN_WUERTTEMBERG;Heilerziehungspfleger/in;1;1;2026-09-22;2026-09-23;2026;ba-jobsuche;;
R.I.E.MPP Industrieservice Elektrotechnik GmbH;Oberboihingen;72644;Nürtinger Str.;BADEN_WUERTTEMBERG;Elektroniker/in - Energie- und Gebäudetechnik;1;1;2026-09-20;2026-09-23;2026;ba-jobsuche;;
Thermal Management Solutions DE Oberboihingen GmbH;Oberboihingen;72644;Gustav-Wahler-Str.;BADEN_WUERTTEMBERG;Industriekaufmann/-frau | Industriemechaniker/in;2;2;2026-09-20;2026-09-23;2026;ba-jobsuche;;
Markus Laier Bäckerei;Oberriexingen;71739;Hauptstr.;BADEN_WUERTTEMBERG;Bäcker/in;1;1;2026-09-20;2026-09-23;2026;ba-jobsuche;;
Binderholz Oberrot Baruth GmbH;Oberrot bei Gaildorf;74420;Eugen-Klenk-Str.;BADEN_WUERTTEMBERG;Elektroniker/in - Betriebstechnik | Fachkraft - Lagerlogistik | Holzbearbeitungsmechaniker/in | Industriekaufmann/-frau | Industriemechaniker/in;5;5;2026-09-20;2026-09-23;2026;ba-jobsuche;;
DOREA GmbH;Oberrot bei Gaildorf;74420;;BADEN_WUERTTEMBERG;Pflegeassistent/in;1;1;2026-09-20;2026-09-23;2026;ba-jobsuche;;
Golfclub Marhördt Betriebsgesellschaft mbH & Co.KG;Oberrot bei Gaildorf;74420;Marhördt;BADEN_WUERTTEMBERG;Restaurantfachmann/-frau;1;1;2026-09-20;2026-09-23;2026;ba-jobsuche;;
Netto Marken-Discount Stiftung & Co. KG;Oberrot bei Gaildorf;74420;Stiersbachstr. 2;BADEN_WUERTTEMBERG;Kaufmann/-frau - Einzelhandel | Verkäufer/in;2;3;2026-09-20;2026-09-23;2026;ba-jobsuche;;
AET Beck GmbH & Co. KG;Oberstenfeld;71720;Schulstr.;BADEN_WUERTTEMBERG;Elektroniker/in - Energie- und Gebäudetechnik;1;1;2026-09-20;2026-09-23;2026;ba-jobsuche;;
Bäckerei Konditorei Nestel GmbH;Oberstenfeld;71720;Großbottwarer Str.;BADEN_WUERTTEMBERG;Bäcker/in | Fachverkäufer/in - Lebensmittelhandwerk (Bäckerei) | Kaufmann/-frau - Büromanagement | Konditor/in;4;8;2026-09-20;2026-09-23;2026;ba-jobsuche;;
Brigitte Betz-Kori;Oberstenfeld;71720;Großbottwarer Str.;BADEN_WUERTTEMBERG;Fachverkäufer/in - Lebensmittelhandwerk (Fleischerei);1;2;2026-09-20;2026-09-23;2026;ba-jobsuche;;
dm-drogerie markt GmbH + Co.KG;Oberstenfeld;71720;Lichtenberger Straße 26;BADEN_WUERTTEMBERG;Drogist/in;1;1;2026-09-20;2026-09-23;2026;ba-jobsuche;;
EDEKA Südwest Stiftung & Co. KG;Oberstenfeld;71720;Lichtenberger Straße 22-24;BADEN_WUERTTEMBERG;Fachverkäufer/in - Lebensmittelhandwerk (Fleischerei) | Fachwirt/in - Handel (doppelt qualifizierende Ausbildung) | Kaufmann/-frau - Einzelhandel | Verkäufer/in;4;5;2026-09-20;2026-09-23;2026;ba-jobsuche;;
KW Tools GmbH;Oberstenfeld;71720;Lichtenberger Str.;BADEN_WUERTTEMBERG;Zerspanungsmechaniker/in;1;1;2026-09-20;2026-09-23;2026;ba-jobsuche;;
Lettfuss Inh. F. Schmiedt;Oberstenfeld;71720;In den Schafwiesen;BADEN_WUERTTEMBERG;Anlagenmechaniker/in - Sanitär-, Heizungs- und Klimatechnik;1;1;2026-09-20;2026-09-23;2026;ba-jobsuche;;
MVZ Bottwar GmbH;Oberstenfeld;71720;Großbottwarer Str.;BADEN_WUERTTEMBERG;Medizinische/r Fachangestellte/r;1;1;2026-09-20;2026-09-23;2026;ba-jobsuche;;
BWPARTS GmbH;Oppenweiler;71570;Kanalstr.;BADEN_WUERTTEMBERG;Mechatroniker/in;1;1;2026-09-20;2026-09-23;2026;ba-jobsuche;;
Landmetzgerei Setzer GmbH;Oppenweiler;71570;Hauptstraße;BADEN_WUERTTEMBERG;Fachverkäufer/in - Lebensmittelhandwerk (Fleischerei);1;1;2026-09-20;2026-09-23;2026;ba-jobsuche;;
MBO Postpress Solutions GmbH;Oppenweiler;71570;Grabenstr.;BADEN_WUERTTEMBERG;Fachkraft - Lagerlogistik | Industriekaufmann/-frau | Industriemechaniker/in | Technische/r Produktdesigner/in - Maschinen- und Anlagenkonstruktion;4;4;2026-09-20;2026-09-23;2026;ba-jobsuche;;
Murrplastik Systemtechnik GmbH;Oppenweiler;71570;Dieselstr.;BADEN_WUERTTEMBERG;Duales Studium Bachelor of Arts - BWL Industrial Business Management (m/w/d) 2027 | Duales Studium Bachelor of Engineering (m/w/d) – Wirtschaftsingenieurwesen 2027 | Fachkraft - Lagerlogistik | Industriekaufmann/-frau | Maschinen- und Anlagenführer/in (ohne Angabe des Schwerpunkts);5;7;2026-09-20;2026-09-23;2026;ba-jobsuche;;
Oppenweiler;Oppenweiler;71570;;BADEN_WUERTTEMBERG;Bachelor of Engineering (m/w/d) Wirtschaftsingenieurwesen Vertiefung Elektrotechnik 2027 | Elektroniker/in - Geräte und Systeme | Fachinformatiker/in - Systemintegration | Industrieelektriker/in - Betriebstechnik | Industriekaufmann/-frau | Mechatroniker/in;6;6;2026-09-20;2026-09-23;2026;ba-jobsuche;;
Aichele Bau GmbH;Ostfildern;73760;Rudolf-Diesel-Str.;BADEN_WUERTTEMBERG;Maurer/in;1;1;2026-09-20;2026-09-23;2026;ba-jobsuche;;
ALDI SÜD Dienstleistungs- SE & Co. oHG;Ostfildern;73760;;BADEN_WUERTTEMBERG;Verkäufer/in;1;2;2026-09-20;2026-09-23;2026;ba-jobsuche;;
Autohaus Wülbeck OHG;Ostfildern;73760;Robert-Bosch-Str.;BADEN_WUERTTEMBERG;Kaufmann/-frau - Büromanagement;1;1;2026-09-20;2026-09-23;2026;ba-jobsuche;;
Banholzer und Wenz GmbH Moderne Verpackungssysteme;Ostfildern;73760;Felix-Wankel-Str.;BADEN_WUERTTEMBERG;Kaufmann/-frau - Groß- und Außenhandelsmanagement (Großhandel);1;1;2026-09-20;2026-09-23;2026;ba-jobsuche;;
beejees.communication GmbH;Ostfildern;73760;Wangener Weg;BADEN_WUERTTEMBERG;Kaufmann/-frau - Marketingkommunikation;1;1;2026-09-20;2026-09-22;2026;ba-jobsuche;;
BOS GmbH & Co. KG International Headquarters Stuttgart;Ostfildern;73760;Ernst-Heinkel-Str.;BADEN_WUERTTEMBERG;Starte deine Zukunft: Duales Studium Data Science bei BOS – Werde IT & Datenprofi mit SAP-Power!;1;1;2026-09-20;2026-09-23;2026;ba-jobsuche;;
Brixle GmbH Schreinerei;Ostfildern;73760;Plieninger Str.;BADEN_WUERTTEMBERG;Tischler/in;1;1;2026-09-20;2026-09-23;2026;ba-jobsuche;;
Christof Starz;Ostfildern;73760;Vogelsangstr.;BADEN_WUERTTEMBERG;Zahnmedizinische/r Fachangestellte/r;1;1;2026-09-20;2026-09-23;2026;ba-jobsuche;;
Creativ-Schreinerei Wegmann GmbH & Co. KG;Ostfildern;73760;Zeppelinstr.;BADEN_WUERTTEMBERG;Tischler/in;1;1;2026-09-20;2026-09-23;2026;ba-jobsuche;;
Das Wohnhaus gGmbH;Ostfildern;73760;Bierawaweg;BADEN_WUERTTEMBERG;Heilerziehungspfleger/in;1;1;2026-09-20;2026-09-23;2026;ba-jobsuche;;
Dirk Rossmann GmbH;Ostfildern;73760;;BADEN_WUERTTEMBERG;Kaufmann/-frau - Einzelhandel;1;1;2026-09-20;2026-09-23;2026;ba-jobsuche;;
Dörre & Dörre OHG Allianz Generalvertretung;Ostfildern;73760;Hindenburgstr.;BADEN_WUERTTEMBERG;Kaufmann/-frau - Versicherungen und Finanzanlagen;1;1;2026-09-20;2026-09-23;2026;ba-jobsuche;;
Dr. Böhm & Kollegen - Das Hausarztzentrum MVZ GmbH;Ostfildern;73760;Niemöllerstraße;BADEN_WUERTTEMBERG;Medizinische/r Fachangestellte/r;1;1;2026-09-20;2026-09-23;2026;ba-jobsuche;;
Dr. Leonard-Dan Bocioc;Ostfildern;73760;Hindenburgstr.;BADEN_WUERTTEMBERG;Zahnmedizinische/r Fachangestellte/r;1;2;2026-09-20;2026-09-23;2026;ba-jobsuche;;
Dr. med. dent Harald Borkhart;Ostfildern;73760;Forststr.;BADEN_WUERTTEMBERG;Zahnmedizinische/r Fachangestellte/r;1;1;2026-09-20;2026-09-23;2026;ba-jobsuche;;
Dr. med. dent Kathrin Secker & Dr. med. dent. Stefanie Secker Zahnarztpraxis;Ostfildern;73760;Stuttgarter Str.;BADEN_WUERTTEMBERG;Zahnmedizinische/r Fachangestellte/r;1;1;2026-09-20;2026-09-23;2026;ba-jobsuche;;
Dr. med. dent. Katharina Ansel Zahnärztin;Ostfildern;73760;Herzog-Carl-Str.;BADEN_WUERTTEMBERG;Zahnmedizinische/r Fachangestellte/r;1;2;2026-09-20;2026-09-23;2026;ba-jobsuche;;
Dr. Teodora Lavu Zahnarztpraxis;Ostfildern;73760;Otto-Schuster-Str.;BADEN_WUERTTEMBERG;Zahnmedizinische/r Fachangestellte/r;1;1;2026-09-20;2026-09-23;2026;ba-jobsuche;;
DRK-Verbund Nürtingen-Kirchheim/Teck gGmbH;Ostfildern;73760;;BADEN_WUERTTEMBERG;Notfallsanitäter/in;1;1;2026-09-20;2026-09-23;2026;ba-jobsuche;;
EDEKA Südwest Stiftung & Co. KG;Ostfildern;73760;Liststr. 2;BADEN_WUERTTEMBERG;Fachverkäufer/in - Lebensmittelhandwerk (Fleischerei) | Fleischer/in | Kaufmann/-frau - Einzelhandel | Verkäufer/in;4;4;2026-09-20;2026-09-23;2026;ba-jobsuche;;
Eder GmbH;Ostfildern;73760;Liebigstr.;BADEN_WUERTTEMBERG;Duales Studium - BWL - Medien, Vertrieb & Kommunikation (B.A.) | Duales Studium Mediedesign (B.A.) | Fachinformatiker/in - Anwendungsentwicklung | Gestalter/in - immersive Medien | Mediengestalter/in Digital und Print - Digitalmedien | Mediengestalter/in Digital und Print - Printmedien;6;6;2026-09-20;2026-09-23;2026;ba-jobsuche;;
Elektror airsystems GmbH;Ostfildern;73760;Hellmuth-Hirth-Str.;BADEN_WUERTTEMBERG;Duales Studium B. Eng. Elektrotechnik und Informationstechnik - 2027 | Duales Studium B. Eng. Maschinenbau - 2027 | Duales Studium B. Eng. Mechatronik - 2027 | Duales Studium Bachelor of Science - Informatik (m/w/d) - 2027 | Fachinformatiker/in - Daten- und Prozessanalyse | Fachinformatiker/in - Systemintegration | Industriekaufmann/-frau;7;7;2026-09-20;2026-09-23;2026;ba-jobsuche;;
FBGM GmbH FBGM GmbH;Ostfildern;73760;Niemöllerstr.;BADEN_WUERTTEMBERG;Kaufmann/-frau - Einzelhandel;1;2;2026-09-23;2026-09-23;2026;ba-jobsuche;;
Fröschle + Mäntele GmbH;Ostfildern;73760;Kaiserstr.;BADEN_WUERTTEMBERG;Mechatroniker/in - Kältetechnik;1;1;2026-09-20;2026-09-23;2026;ba-jobsuche;;
Gehring Technologies GmbH & Co. KG;Ostfildern;73760;Gehringstr.;BADEN_WUERTTEMBERG;DUALES STUDIUM MASCHINENBAU FÜR 2026 | Mechatroniker/in;2;3;2026-09-20;2026-09-23;2026;ba-jobsuche;;
Hirsch Hotel Betriebs GmbH Hotel Lamm;Ostfildern;73760;Plieninger Str.;BADEN_WUERTTEMBERG;Fachmann/-frau - Restaurants und Veranstaltungsgastronomie | Hotelfachmann/-frau;2;2;2026-09-20;2026-09-23;2026;ba-jobsuche;;
Julmi GmbH;Ostfildern;73760;Ostpreußenstr.;BADEN_WUERTTEMBERG;Anlagenmechaniker/in - Sanitär-, Heizungs- und Klimatechnik;1;1;2026-09-20;2026-09-23;2026;ba-jobsuche;;
Kaufland;Ostfildern;73760;;BADEN_WUERTTEMBERG;Fachwirt/in - Handel (doppelt qualifizierende Ausbildung) | Verkäufer/in;2;3;2026-09-20;2026-09-23;2026;ba-jobsuche;;
Kaufland Dienstleistung GmbH & Co. KG;Ostfildern;73760;Bonhoefferstraße;BADEN_WUERTTEMBERG;Verkäufer/in;1;2;2026-09-20;2026-09-23;2026;ba-jobsuche;;
Knödler-Getriebe GmbH & Co. KG;Ostfildern;73760;Riedstr.;BADEN_WUERTTEMBERG;Industriemechaniker/in;1;1;2026-09-20;2026-09-23;2026;ba-jobsuche;;
Kurt Stamm GmbH;Ostfildern;73760;Elly-Beinhorn-Str.;BADEN_WUERTTEMBERG;Fachkraft - Möbel-, Küchen- und Umzugsservice;1;1;2026-09-20;2026-09-23;2026;ba-jobsuche;;
Lamm-Gehrung GmbH Hotel Lamm;Ostfildern;73760;Plieninger Str.;BADEN_WUERTTEMBERG;Fachmann/-frau - Restaurants und Veranstaltungsgastronomie | Hotelfachmann/-frau | Koch/Köchin;3;6;2026-09-20;2026-09-23;2026;ba-jobsuche;;
Lidl Dienstleistung GmbH & Co. KG;Ostfildern;73760;Edith-Stein-Str.;BADEN_WUERTTEMBERG;Fachwirt/in - Handel (doppelt qualifizierende Ausbildung) | Verkäufer/in;2;2;2026-09-20;2026-09-23;2026;ba-jobsuche;;
MC GmbH Maschinenbau und Chemievertrieb;Ostfildern;73760;Siemensstr.;BADEN_WUERTTEMBERG;Fachkraft - Metalltechnik - Zerspanungstechnik | Maschinen- und Anlagenführer/in (ohne Angabe des Schwerpunkts) | Zerspanungsmechaniker/in;3;3;2026-09-20;2026-09-23;2026;ba-jobsuche;;
medius KLINIKEN gGmbH medius KLINIK KIRCHHEIM;Ostfildern;73760;Hedelfingerstraße;BADEN_WUERTTEMBERG;Pflegefachmann/-frau (Ausbildung);1;2;2026-09-20;2026-09-23;2026;ba-jobsuche;;
Metzgerei Häfele GmbH;Ostfildern;73760;Niemöller Str.;BADEN_WUERTTEMBERG;Fachverkäufer/in - Lebensmittelhandwerk (Fleischerei);1;1;2026-09-20;2026-09-23;2026;ba-jobsuche;;
Pilz GmbH & Co. KG;Ostfildern;73760;Felix-Wankel-Str.;BADEN_WUERTTEMBERG;Duales Studium Elektrotechnik und Informationstechnik ab 2026 | Duales Studium Embedded Systems ab 2026 | Duales Studium Informatik (m/w/d) - Studienrichtung Informationstechnik ab 2026 | Duales Studium Wirtschaftsinformatik ab 2026 | Elektroniker/in - Informations- und Systemtechnik;5;5;2026-09-20;2026-09-23;2026;ba-jobsuche;;
Raumtechnik Messebau & Event Services GmbH;Ostfildern;73760;Plieninger Str.;BADEN_WUERTTEMBERG;Industriekaufmann/-frau | Tischler/in;2;2;2026-09-20;2026-09-23;2026;ba-jobsuche;;
REWE Markt GmbH ZwNL Südwest;Ostfildern;73760;;BADEN_WUERTTEMBERG;Fachverkäufer/in - Lebensmittelhandwerk (Fleischerei) | Kaufmann/-frau - Einzelhandel;2;2;2026-09-20;2026-09-23;2026;ba-jobsuche;;
Rohm & Partner Steuerberatungsgesellschaft;Ostfildern;73760;Talwiesenweg;BADEN_WUERTTEMBERG;Duales Studium 2026: Bachelor of Arts - RSW - Steuern und Prüfungswesen | Steuerfachangestellte/r;2;2;2026-09-20;2026-09-23;2026;ba-jobsuche;;
SBR gemeinnützige Gesellschaft für Schulung und berufliche Reintegration mbH;Ostfildern;73760;In den Anlagen;BADEN_WUERTTEMBERG;Fachmann/-frau - Restaurants und Veranstaltungsgastronomie | Koch/Köchin;2;2;2026-09-20;2026-09-23;2026;ba-jobsuche;;
Schöler Fördertechnik AG;Ostfildern;73760;Hanns-Klemm-Straße;BADEN_WUERTTEMBERG;Land- und Baumaschinenmechatroniker/in;1;1;2026-09-20;2026-09-23;2026;ba-jobsuche;;
Stadtverwaltung Ostfildern;Ostfildern;73760;Klosterhof;BADEN_WUERTTEMBERG;Erzieher/in | Verwaltungsfachangestellte/r - Kommunalverwaltung;2;3;2026-09-20;2026-09-23;2026;ba-jobsuche;;
EUROPART Holding GmbH;Pleidelsheim;74385;Gottlieb-Daimler-Straße;BADEN_WUERTTEMBERG;Fachlagerist/in;1;1;2026-09-20;2026-09-23;2026;ba-jobsuche;;
Hagelauer Dewald GmbH;Pleidelsheim;74385;Gottlieb-Daimler-Str.;BADEN_WUERTTEMBERG;Fachkraft - Lagerlogistik | Fachlagerist/in | Kaufmann/-frau - Groß- und Außenhandelsmanagement (Großhandel);3;3;2026-09-20;2026-09-23;2026;ba-jobsuche;;
InnoKran GmbH;Pleidelsheim;74385;Gottlieb-Daimler-Str.;BADEN_WUERTTEMBERG;Elektroniker/in - Betriebstechnik;1;1;2026-09-20;2026-09-23;2026;ba-jobsuche;;
Kleindienst Karosseriefachbetrieb GmbH;Pleidelsheim;74385;Zeppelinstr.;BADEN_WUERTTEMBERG;Karosserie- und Fahrzeugbaumechaniker/in - Caravan- und Reisemobiltechnik | Karosserie- und Fahrzeugbaumechaniker/in - Karosserie- und Fahrzeugbautechnik;2;2;2026-09-20;2026-09-23;2026;ba-jobsuche;;
Krähe + Wöhr GmbH;Pleidelsheim;74385;Gottlieb-Daimler-Str.;BADEN_WUERTTEMBERG;Technische/r Systemplaner/in - Stahl- und Metallbautechnik;1;1;2026-09-20;2026-09-23;2026;ba-jobsuche;;
Süwag Energie AG;Pleidelsheim;74385;;BADEN_WUERTTEMBERG;Industrieelektriker/in - Betriebstechnik;1;1;2026-09-20;2026-09-23;2026;ba-jobsuche;;
Werner Mitschele GmbH;Pleidelsheim;74385;Ringstr.;BADEN_WUERTTEMBERG;Feinwerkmechaniker/in;1;2;2026-09-20;2026-09-23;2026;ba-jobsuche;;
ALDI SÜD Dienstleistungs- SE & Co. oHG;Pliezhausen;72124;;BADEN_WUERTTEMBERG;Verkäufer/in;1;1;2026-09-20;2026-09-23;2026;ba-jobsuche;;
Münz Fahrzeugbau GmbH & Co. KG;Pliezhausen;72124;Robert-Bosch-Str.;BADEN_WUERTTEMBERG;Karosserie- und Fahrzeugbaumechaniker/in - Karosserie- und Fahrzeugbautechnik | Metallbauer/in - Konstruktionstechnik | Metallbauer/in - Nutzfahrzeugbau;3;3;2026-09-20;2026-09-23;2026;ba-jobsuche;;
ALDI SÜD Dienstleistungs- SE & Co. oHG;Plochingen;73207;;BADEN_WUERTTEMBERG;Verkäufer/in;1;1;2026-09-20;2026-09-23;2026;ba-jobsuche;;
AOK Neckar-Fils;Plochingen;73207;Fabrikstr.;BADEN_WUERTTEMBERG;Sozialversicherungsfachangestellte/r - allgemeine Krankenversicherung;1;1;2026-09-20;2026-09-23;2026;ba-jobsuche;;
Ärzte am Werk GmbH;Plochingen;73207;Esslinger Straße;BADEN_WUERTTEMBERG;Medizinische/r Fachangestellte/r;1;1;2026-09-20;2026-09-23;2026;ba-jobsuche;;
BTG Internationale Spedition GmbH;Plochingen;73207;;BADEN_WUERTTEMBERG;Fachkraft - Lagerlogistik;1;1;2026-09-20;2026-09-23;2026;ba-jobsuche;;
CeramTec GmbH Werk Plochingen;Plochingen;73207;CeramTec-Platz;BADEN_WUERTTEMBERG;Fachinformatiker/in - Systemintegration | Industriemechaniker/in | Maschinen- und Anlagenführer/in (ohne Angabe des Schwerpunkts);3;3;2026-09-20;2026-09-23;2026;ba-jobsuche;;
Christopher Link;Plochingen;73207;Neckarstr.;BADEN_WUERTTEMBERG;Medizinische/r Fachangestellte/r;1;1;2026-09-20;2026-09-23;2026;ba-jobsuche;;
Dehner Gartencenter GmbH & Co. KG;Plochingen;73207;Filsallee;BADEN_WUERTTEMBERG;Fachwirt/in - Handel (doppelt qualifizierende Ausbildung) | Kaufmann/-frau - Einzelhandel;2;2;2026-09-20;2026-09-23;2026;ba-jobsuche;;
deuka Tiernahrung Cremer GmbH & Co. KG;Plochingen;73207;Am Nordseekai;BADEN_WUERTTEMBERG;Maschinen- und Anlagenführer/in (ohne Angabe des Schwerpunkts) | Verfahrenstechnologe/-technologin - Mühlen- und Getreidewirtschaft - Müllerei;2;2;2026-09-20;2026-09-23;2026;ba-jobsuche;;
Deutsche Bahn AG;Plochingen;73207;;BADEN_WUERTTEMBERG;Eisenbahner/in - Betriebsdienst - Lokführer/in und Transport | Elektroniker/in - Betriebstechnik | Mechatroniker/in;3;3;2026-09-20;2026-09-23;2026;ba-jobsuche;;
Dr. Caspar Moser Facharzt für Urologie;Plochingen;73207;Zehntgasse;BADEN_WUERTTEMBERG;Medizinische/r Fachangestellte/r;1;1;2026-09-20;2026-09-23;2026;ba-jobsuche;;
Dr. Menges und Partner mbB Steuerberater;Plochingen;73207;Urbanstr.;BADEN_WUERTTEMBERG;Steuerfachangestellte/r;1;1;2026-09-20;2026-09-23;2026;ba-jobsuche;;
Hermann Metzger GmbH & Co. KG;Plochingen;73207;Fabrikstr.;BADEN_WUERTTEMBERG;Kaufmann/-frau - Groß- und Außenhandelsmanagement (Großhandel);1;1;2026-09-20;2026-09-23;2026;ba-jobsuche;;
Hörgeräte LANGER GmbH & Co. KG;Plochingen;73207;Urbanstraße;BADEN_WUERTTEMBERG;Hörakustiker/in;1;1;2026-09-20;2026-09-23;2026;ba-jobsuche;;
Jörg Wahl Friseur;Plochingen;73207;Urbanstr.;BADEN_WUERTTEMBERG;Friseur/in;1;2;2026-09-20;2026-09-23;2026;ba-jobsuche;;
Lidl Dienstleistung GmbH & Co. KG;Plochingen;73207;Kronenstr.;BADEN_WUERTTEMBERG;Fachwirt/in - Handel (doppelt qualifizierende Ausbildung) | Verkäufer/in;2;2;2026-09-20;2026-09-23;2026;ba-jobsuche;;
Maler Katzmaier Alwin Katzmaier;Plochingen;73207;Urbanstr.;BADEN_WUERTTEMBERG;Maler/in und Lackierer/in - Gestaltung und Instandhaltung;1;1;2026-09-20;2026-09-23;2026;ba-jobsuche;;
Müller Holding GmbH & Co. KG;Plochingen;73207;Am Fischbrunnen 2;BADEN_WUERTTEMBERG;Kaufmann/-frau - Einzelhandel | Verkäufer/in;2;2;2026-09-20;2026-09-23;2026;ba-jobsuche;;
Restaurant Stumpenhof GmbH;Plochingen;73207;Stumpenhof;BADEN_WUERTTEMBERG;Fachmann/-frau - Restaurants und Veranstaltungsgastronomie | Koch/Köchin;2;6;2026-09-20;2026-09-23;2026;ba-jobsuche;;
Staiger Gastronomie GmbH;Plochingen;73207;Neckarstr.;BADEN_WUERTTEMBERG;Fachmann/-frau - Restaurants und Veranstaltungsgastronomie | Koch/Köchin;2;2;2026-09-20;2026-09-23;2026;ba-jobsuche;;
Steimer Holz- und Treppenbau GbR;Plochingen;73207;Filsallee;BADEN_WUERTTEMBERG;Zimmerer/Zimmerin;1;1;2026-09-20;2026-09-23;2026;ba-jobsuche;;
Stiftung Tragwerk;Plochingen;73207;;BADEN_WUERTTEMBERG;Duale*r Student*in für den Studiengang Soziale Arbeit a. d. DHBW Stuttgart (m/w/d) Unteres Neckartal;1;1;2026-09-20;2026-09-23;2026;ba-jobsuche;;
Volksbank Plochingen eG;Plochingen;73207;Am Fischbrunnen;BADEN_WUERTTEMBERG;Bankkaufmann/-frau | Finanzassistent/in (doppelt qualifizierende Ausbildung);2;3;2026-09-20;2026-09-23;2026;ba-jobsuche;;
Zahnärzte im Hundertwasserhaus;Plochingen;73207;Neckarstr.;BADEN_WUERTTEMBERG;Zahnmedizinische/r Fachangestellte/r;1;1;2026-09-20;2026-09-23;2026;ba-jobsuche;;
Alexander Eckl;Plüderhausen;73655;Birkenallee;BADEN_WUERTTEMBERG;Klempner/in;1;1;2026-09-20;2026-09-23;2026;ba-jobsuche;;
B29 Restaurant im Schützenhaus;Plüderhausen;73655;Kellerwiesen;BADEN_WUERTTEMBERG;Fachmann/-frau - Restaurants und Veranstaltungsgastronomie;1;1;2026-09-20;2026-09-23;2026;ba-jobsuche;;
Brecht Stuckateur Maler;Plüderhausen;73655;;BADEN_WUERTTEMBERG;Stuckateur/in;1;1;2026-09-20;2026-09-23;2026;ba-jobsuche;;
Deutsche Bahn AG;Plüderhausen;73655;;BADEN_WUERTTEMBERG;Eisenbahner/in - Zugverkehrssteuerung;1;1;2026-09-20;2026-09-23;2026;ba-jobsuche;;
Elektror metalsystems GmbH;Plüderhausen;73655;Birkenallee;BADEN_WUERTTEMBERG;Fachkraft - Metalltechnik - Montagetechnik;1;1;2026-09-20;2026-09-23;2026;ba-jobsuche;;
Günther Kältetechnik GmbH;Plüderhausen;73655;Boschstr.;BADEN_WUERTTEMBERG;Mechatroniker/in - Kältetechnik;1;1;2026-09-20;2026-09-23;2026;ba-jobsuche;;
Heimsch Design GmbH;Plüderhausen;73655;Gmünder Str.;BADEN_WUERTTEMBERG;Industriekaufmann/-frau | Textil- und Modenäher/in;2;2;2026-09-20;2026-09-23;2026;ba-jobsuche;;
Herrmann GmbH;Plüderhausen;73655;Daimlerstr.;BADEN_WUERTTEMBERG;Duales Studium 2027: Bachelor of Engineering Elektrotechnik / Automation | Elektroniker/in - Automatisierungs- und Systemtechnik | Elektroniker/in - Gebäudesystemintegration | Technische/r Systemplaner/in - Elektrotechnische Systeme;4;4;2026-09-20;2026-09-23;2026;ba-jobsuche;;
Lidl Dienstleistung GmbH & Co. KG;Plüderhausen;73655;Bahnhofstraße;BADEN_WUERTTEMBERG;Fachwirt/in - Handel (doppelt qualifizierende Ausbildung) | Verkäufer/in;2;2;2026-09-20;2026-09-23;2026;ba-jobsuche;;
MAYRHÖNES Metallumformung GmbH;Plüderhausen;73655;Boschstr.;BADEN_WUERTTEMBERG;Werkzeugmechaniker/in;1;1;2026-09-20;2026-09-23;2026;ba-jobsuche;;
Paul H. Kübler Bekleidungswerk GmbH & Co. KG;Plüderhausen;73655;Jakob-Schüle-Str.;BADEN_WUERTTEMBERG;Duales Studium (B.A.) in BWL-Industrial Business Management (m/w/d) | Duales Studium 2027 BWL - Industrial Business Management | Fachlagerist/in | Industriekaufmann/-frau | Textil- und Modenäher/in;5;8;2026-09-20;2026-09-23;2026;ba-jobsuche;;
W. Bahmüller Maschinenbau Präzisionswerkzeuge GmbH;Plüderhausen;73655;Wilhelm-Bahmüller-Str;BADEN_WUERTTEMBERG;Elektroniker/in - Automatisierungs- und Systemtechnik | Industriemechaniker/in;2;2;2026-09-20;2026-09-23;2026;ba-jobsuche;;
ALDI SÜD Dienstleistungs- SE & Co. oHG;Rechberghausen;73098;;BADEN_WUERTTEMBERG;Verkäufer/in;1;1;2026-09-20;2026-09-23;2026;ba-jobsuche;;
Alexander-Stift DfS gGmbH Rechberghausen;Rechberghausen;73098;Am Aalbach;BADEN_WUERTTEMBERG;Pflegefachmann/-frau (Ausbildung);1;2;2026-09-20;2026-09-23;2026;ba-jobsuche;;
Autohaus Staudenmayer GmbH;Rechberghausen;73098;Lindachstr.;BADEN_WUERTTEMBERG;Kraftfahrzeugmechatroniker/in - Personenkraftwagentechnik;1;1;2026-09-20;2026-09-23;2026;ba-jobsuche;;
Dirk Rossmann GmbH;Rechberghausen;73098;;BADEN_WUERTTEMBERG;Kaufmann/-frau - Einzelhandel;1;1;2026-09-20;2026-09-23;2026;ba-jobsuche;;
Dr. Erich Tretter GmbH & Co.;Rechberghausen;73098;Am Desenbach;BADEN_WUERTTEMBERG;Fachkraft - Lagerlogistik | Kaufmann/-frau - Groß- und Außenhandelsmanagement (Großhandel);2;2;2026-09-20;2026-09-23;2026;ba-jobsuche;;
EDEKA Südwest Stiftung & Co. KG;Rechberghausen;73098;Bahnhofstraße 16-20;BADEN_WUERTTEMBERG;Fachverkäufer/in - Lebensmittelhandwerk (Fleischerei) | Fachwirt/in - Handel (doppelt qualifizierende Ausbildung) | Kaufmann/-frau - Einzelhandel;3;4;2026-09-20;2026-09-23;2026;ba-jobsuche;;
G.RAU Rechberghausen GmbH;Rechberghausen;73098;Lindachstr.;BADEN_WUERTTEMBERG;Werkzeugmechaniker/in;1;1;2026-09-20;2026-09-23;2026;ba-jobsuche;;
Gerhard Mayer Garten- und Landschaftsbau Inh. Benjamin G. Mayer e.K.;Rechberghausen;73098;Bühlstr.;BADEN_WUERTTEMBERG;Gärtner/in - Garten- und Landschaftsbau;1;1;2026-09-20;2026-09-23;2026;ba-jobsuche;;
Lidl Dienstleistung GmbH & Co. KG;Rechberghausen;73098;Hauptstrasse;BADEN_WUERTTEMBERG;Fachwirt/in - Handel (doppelt qualifizierende Ausbildung) | Verkäufer/in;2;2;2026-09-20;2026-09-23;2026;ba-jobsuche;;
Maler Giese Yasin Akman e.K.;Rechberghausen;73098;Faurndauer Str. 76;BADEN_WUERTTEMBERG;Maler/in und Lackierer/in - Gestaltung und Instandhaltung;1;2;2026-09-20;2026-09-23;2026;ba-jobsuche;;
Steeb Hoch- und Tiefbau GmbH Steeb GmbH;Rechberghausen;73098;Steebstr.;BADEN_WUERTTEMBERG;Maurer/in;1;1;2026-09-20;2026-09-23;2026;ba-jobsuche;;
BAG Dres Slama und Merten Zahnarztpraxis am Reichenbach PartG;Reichenbach an der Fils;73262;Schulstr.;BADEN_WUERTTEMBERG;Zahnmedizinische/r Fachangestellte/r;1;1;2026-09-20;2026-09-23;2026;ba-jobsuche;;
EDEKA Südwest Stiftung & Co. KG;Reichenbach an der Fils;73262;Olgastraße 14;BADEN_WUERTTEMBERG;Kaufmann/-frau - Einzelhandel | Verkäufer/in;2;3;2026-09-20;2026-09-23;2026;ba-jobsuche;;
Fahrzeugbau Wörner Nutzfahrzeugtechnik GmbH;Reichenbach an der Fils;73262;Ulmer Str.;BADEN_WUERTTEMBERG;Karosserie- und Fahrzeugbaumechaniker/in - Karosserie- und Fahrzeugbautechnik | Kraftfahrzeugmechatroniker/in - Nutzfahrzeugtechnik;2;2;2026-09-20;2026-09-23;2026;ba-jobsuche;;
Gebr. Lutz Bauunternehmung GmbH + Co. KG;Reichenbach an der Fils;73262;;BADEN_WUERTTEMBERG;Bauingenieur (m/w/d) Plus | Duales Studium Bauingenieurwesen (m/w/d) | Straßenbauer/in;3;4;2026-09-20;2026-09-23;2026;ba-jobsuche;;
GEERS (Sonova Retail Deutschland GmbH);Reichenbach an der Fils;73262;Hauptstraße 24;BADEN_WUERTTEMBERG;Hörakustiker/in;1;1;2026-09-20;2026-09-23;2026;ba-jobsuche;;
Lidl Dienstleistung GmbH & Co. KG;Reichenbach an der Fils;73262;Ulmer Str.;BADEN_WUERTTEMBERG;Fachwirt/in - Handel (doppelt qualifizierende Ausbildung) | Verkäufer/in;2;2;2026-09-20;2026-09-23;2026;ba-jobsuche;;
Marcel Heybach;Reichenbach an der Fils;73262;Katharinenstr.;BADEN_WUERTTEMBERG;Schornsteinfeger/in;1;1;2026-09-20;2026-09-23;2026;ba-jobsuche;;
MayerS Bäckerei-Konditorei GmbH & Co. KG;Reichenbach an der Fils;73262;Hauptstr. 2;BADEN_WUERTTEMBERG;Fachverkäufer/in - Lebensmittelhandwerk (Bäckerei);1;1;2026-09-20;2026-09-23;2026;ba-jobsuche;;
Nagel-Group Logistics SE;Reichenbach an der Fils;73262;Heinrich-Otto-Str.;BADEN_WUERTTEMBERG;Fachkraft - Lagerlogistik | Fachlagerist/in | Kaufmann/-frau - Spedition und Logistikdienstleistung;3;4;2026-09-20;2026-09-23;2026;ba-jobsuche;;
Penny-Markt GmbH Verwaltung;Reichenbach an der Fils;73262;;BADEN_WUERTTEMBERG;Kaufmann/-frau - Einzelhandel | Verkäufer/in;2;3;2026-09-20;2026-09-23;2026;ba-jobsuche;;
REMONDIS GmbH & Co.  KG (Süd) NL Reichenbach;Reichenbach an der Fils;73262;Leintelstr.;BADEN_WUERTTEMBERG;Kaufmann/-frau - Büromanagement;1;2;2026-09-20;2026-09-23;2026;ba-jobsuche;;
Seyfert GmbH;Reichenbach an der Fils;73262;Ulmer Str.;BADEN_WUERTTEMBERG;Elektroniker/in - Betriebstechnik | Fachkraft - Lagerlogistik | Fachlagerist/in | Industriekaufmann/-frau | Industriemechaniker/in | Maschinen- und Anlagenführer/in - Druckweiter- und Papierverarbeitung | Packmitteltechnologe/-technologin;7;9;2026-09-20;2026-09-23;2026;ba-jobsuche;;
Staib Friseure GmbH;Reichenbach an der Fils;73262;Stuttgarter Str.;BADEN_WUERTTEMBERG;Friseur/in;1;1;2026-09-20;2026-09-23;2026;ba-jobsuche;;
Willi Kopp e.K. Verpackungssysteme Inh. Florian Goller;Reichenbach an der Fils;73262;Ulmer Str.;BADEN_WUERTTEMBERG;Industriekaufmann/-frau | Industriemechaniker/in;2;2;2026-09-20;2026-09-23;2026;ba-jobsuche;;
ALDI SÜD Dienstleistungs- SE & Co. oHG;Remseck am Neckar;71686;;BADEN_WUERTTEMBERG;Verkäufer/in;1;2;2026-09-20;2026-09-23;2026;ba-jobsuche;;
BayWa AG HR Services;Remseck am Neckar;71686;Maybachstraße;BADEN_WUERTTEMBERG;Land- und Baumaschinenmechatroniker/in;1;1;2026-09-20;2026-09-23;2026;ba-jobsuche;;
BeneVit Holding GmbH;Remseck am Neckar;71686;Küferstraße;BADEN_WUERTTEMBERG;Hauswirtschafter/in;1;1;2026-09-20;2026-09-23;2026;ba-jobsuche;;
BeneVit Pflege in Baden-Württe mberg GmbH Haus Kastanienblüte;Remseck am Neckar;71686;Küferstraße;BADEN_WUERTTEMBERG;Hauswirtschafter/in;1;1;2026-09-20;2026-09-23;2026;ba-jobsuche;;
Der Bäcker Strohmaier GmbH;Remseck am Neckar;71686;Cannstatter Str.;BADEN_WUERTTEMBERG;Bäcker/in | Fachverkäufer/in - Lebensmittelhandwerk (Bäckerei);2;4;2026-09-20;2026-09-23;2026;ba-jobsuche;;
Dirk Rossmann GmbH;Remseck am Neckar;71686;;BADEN_WUERTTEMBERG;Kaufmann/-frau - Einzelhandel;1;1;2026-09-20;2026-09-23;2026;ba-jobsuche;;
EDEKA Südwest Stiftung & Co. KG;Remseck am Neckar;71686;Neckaraue 2;BADEN_WUERTTEMBERG;Fachverkäufer/in - Lebensmittelhandwerk (Fleischerei) | Kaufmann/-frau - Einzelhandel | Verkäufer/in;3;3;2026-09-20;2026-09-23;2026;ba-jobsuche;;
Holl Flachdachbau GmbH & Co KG;Remseck am Neckar;71686;Neckaraue;BADEN_WUERTTEMBERG;Bauwerksabdichter/in;1;1;2026-09-20;2026-09-23;2026;ba-jobsuche;;
HORNBACH Baumarkt AG Zentralverwaltung;Remseck am Neckar;71686;Am Holzbach 2 + 4;BADEN_WUERTTEMBERG;Fachlagerist/in | Kaufmann/-frau - Büromanagement | Kaufmann/-frau - Einzelhandel | Verkäufer/in;4;4;2026-09-20;2026-09-23;2026;ba-jobsuche;;
KiK Textilien und Non-Food GmbH;Remseck am Neckar;71686;Neckaraue 2;BADEN_WUERTTEMBERG;Fachwirt/in - Handel (doppelt qualifizierende Ausbildung);1;1;2026-09-20;2026-09-23;2026;ba-jobsuche;;
Lidl Dienstleistung GmbH & Co. KG;Remseck am Neckar;71686;Neckarstr.;BADEN_WUERTTEMBERG;Fachwirt/in - Handel (doppelt qualifizierende Ausbildung) | Verkäufer/in;2;4;2026-09-20;2026-09-23;2026;ba-jobsuche;;
Metzgerei Theurer GmbH & Co. KG;Remseck am Neckar;71686;Neckarstr.;BADEN_WUERTTEMBERG;Fachverkäufer/in - Lebensmittelhandwerk (Fleischerei) | Fleischer/in;2;4;2026-09-20;2026-09-23;2026;ba-jobsuche;;
Nothacker GmbH Metallbau-Edelstahl;Remseck am Neckar;71686;Maybachstr.;BADEN_WUERTTEMBERG;Metallbauer/in - Konstruktionstechnik;1;1;2026-09-20;2026-09-23;2026;ba-jobsuche;;
Penny-Markt GmbH Verwaltung;Remseck am Neckar;71686;;BADEN_WUERTTEMBERG;Kaufmann/-frau - Einzelhandel;1;1;2026-09-20;2026-09-23;2026;ba-jobsuche;;
PZ Metallbau GmbH & Co. KG;Remseck am Neckar;71686;Maybachstr.;BADEN_WUERTTEMBERG;Metallbauer/in - Konstruktionstechnik;1;2;2026-09-20;2026-09-23;2026;ba-jobsuche;;
RETERRA Erden Süd GmbH Verwaltung;Remseck am Neckar;71686;;BADEN_WUERTTEMBERG;Kaufmann/-frau - Groß- und Außenhandelsmanagement (Großhandel);1;1;2026-09-23;2026-09-23;2026;ba-jobsuche;;
Seitel Malerwerkstätte GmbH;Remseck am Neckar;71686;Schloßgartenstr.;BADEN_WUERTTEMBERG;Maler/in und Lackierer/in - Gestaltung und Instandhaltung;1;1;2026-09-20;2026-09-23;2026;ba-jobsuche;;
STARK Deutschland GmbH;Remseck am Neckar;71686;;BADEN_WUERTTEMBERG;Kaufmann/-frau - Groß- und Außenhandelsmanagement (Großhandel);1;1;2026-09-20;2026-09-23;2026;ba-jobsuche;;
Therapy Stream GmbH;Remseck am Neckar;71686;Rotweg;BADEN_WUERTTEMBERG;Heilerziehungspfleger/in;1;2;2026-09-20;2026-09-23;2026;ba-jobsuche;;
Vereine im Remseck e.V.;Remseck am Neckar;71686;Meslay-du-Maine-Str.;BADEN_WUERTTEMBERG;"Duales Studium ""Sportökonomie""";1;1;2026-09-20;2026-09-23;2026;ba-jobsuche;;
Wolfgang Berger;Remseck am Neckar;71686;Cannstatter Str.;BADEN_WUERTTEMBERG;Fachverkäufer/in - Lebensmittelhandwerk (Fleischerei);1;1;2026-09-20;2026-09-23;2026;ba-jobsuche;;
Dr.Münker+Dr.Lenhart;Remshalden;73630;Obere Hauptstr.;BADEN_WUERTTEMBERG;Tiermedizinische/r Fachangestellte/r;1;1;2026-09-20;2026-09-23;2026;ba-jobsuche;;
equal personal GmbH & Co.KG;Remshalden;73630;;BADEN_WUERTTEMBERG;Fachkraft - Lagerlogistik;1;1;2026-09-20;2026-09-23;2026;ba-jobsuche;;
Jürgen Wochinger Metallbau;Remshalden;73630;Oberer Wasen;BADEN_WUERTTEMBERG;Metallbauer/in - Metallgestaltung;1;1;2026-09-20;2026-09-23;2026;ba-jobsuche;;
Katjes Fassin GmbH & Co. KG;Remshalden;73630;Alfred-Klingele-Str.;BADEN_WUERTTEMBERG;Maschinen- und Anlagenführer/in - Metall-, Kunststofftechnik;1;1;2026-09-20;2026-09-23;2026;ba-jobsuche;;
Klingele Paper & Packaging SE & Co. KG;Remshalden;73630;;BADEN_WUERTTEMBERG;Elektroniker/in - Betriebstechnik | Kaufmann/-frau - Spedition und Logistikdienstleistung | Maschinen- und Anlagenführer/in (ohne Angabe des Schwerpunkts) | Packmitteltechnologe/-technologin;4;4;2026-09-20;2026-09-23;2026;ba-jobsuche;;
Klingele Paper & Packaging SE & Co. KG Wellpappenwerk Grunbach;Remshalden;73630;Alfred-Klingele-Str.;BADEN_WUERTTEMBERG;Kaufmann/-frau - Spedition und Logistikdienstleistung | Packmitteltechnologe/-technologin;2;2;2026-09-20;2026-09-23;2026;ba-jobsuche;;
Lidl Dienstleistung GmbH & Co. KG;Remshalden;73630;Alfred-Klingele-Straße;BADEN_WUERTTEMBERG;Fachwirt/in - Handel (doppelt qualifizierende Ausbildung) | Verkäufer/in;2;2;2026-09-20;2026-09-23;2026;ba-jobsuche;;
Maler u.Stuckateur Lehmann;Remshalden;73630;Zeisigweg;BADEN_WUERTTEMBERG;Maler/in und Lackierer/in - Gestaltung und Instandhaltung;1;1;2026-09-20;2026-09-23;2026;ba-jobsuche;;
Penny-Markt GmbH Verwaltung;Remshalden;73630;;BADEN_WUERTTEMBERG;Kaufmann/-frau - Einzelhandel | Verkäufer/in;2;4;2026-09-20;2026-09-23;2026;ba-jobsuche;;
schmid alutec gmbh & co. kg;Remshalden;73630;Föhrenbachstr.;BADEN_WUERTTEMBERG;Industriemechaniker/in;1;1;2026-09-20;2026-09-23;2026;ba-jobsuche;;
Schnaithmann Maschinenbau GmbH;Remshalden;73630;Fellbacher Str.;BADEN_WUERTTEMBERG;Fachkraft - Lagerlogistik | Industriemechaniker/in | Mechatroniker/in;3;3;2026-09-20;2026-09-23;2026;ba-jobsuche;;
Streicher Gartengestaltung;Remshalden;73630;Föhrenbacher Rain;BADEN_WUERTTEMBERG;Gärtner/in - Garten- und Landschaftsbau;1;1;2026-09-20;2026-09-23;2026;ba-jobsuche;;
ALDI SÜD Dienstleistungs- SE & Co. oHG;Renningen;71272;;BADEN_WUERTTEMBERG;Verkäufer/in;1;1;2026-09-20;2026-09-23;2026;ba-jobsuche;;
dm-drogerie markt GmbH + Co.KG;Renningen;71272;Benzstraße 7;BADEN_WUERTTEMBERG;Drogist/in;1;1;2026-09-20;2026-09-23;2026;ba-jobsuche;;
Dr.Andrè Jamal und Dr. Lisa Jamal-Cassel GbR;Renningen;71272;Calwer Str.;BADEN_WUERTTEMBERG;Zahnmedizinische/r Fachangestellte/r;1;1;2026-09-20;2026-09-23;2026;ba-jobsuche;;
DRK Altenpflegeheim gGmbH;Renningen;71272;;BADEN_WUERTTEMBERG;Altenpflegehelfer/in | Pflegefachmann/-frau (Ausbildung);2;2;2026-09-20;2026-09-22;2026;ba-jobsuche;;
e-flox GmbH;Renningen;71272;Rosine-Starz-Str.;BADEN_WUERTTEMBERG;Mechatroniker/in;1;1;2026-09-20;2026-09-23;2026;ba-jobsuche;;
Femos gemeinnützige GmbH;Renningen;71272;;BADEN_WUERTTEMBERG;Verkäufer/in;1;1;2026-09-20;2026-09-23;2026;ba-jobsuche;;
Gustav Barth GmbH;Renningen;71272;Dornierstr.;BADEN_WUERTTEMBERG;Fachkraft - Lagerlogistik | Kaufmann/-frau - Groß- und Außenhandelsmanagement (Außenhandel);2;2;2026-09-20;2026-09-23;2026;ba-jobsuche;;
Hutchinson Stop-Choc GmbH;Renningen;71272;Benzstr.;BADEN_WUERTTEMBERG;Industriemechaniker/in;1;1;2026-09-20;2026-09-23;2026;ba-jobsuche;;
K2 Systems GmbH;Renningen;71272;Haldenstr.;BADEN_WUERTTEMBERG;Duales Studium Wirtschaftsingenieurwesen (B.Eng.) (m/w/d) | Industriekaufmann/-frau;2;3;2026-09-20;2026-09-23;2026;ba-jobsuche;;
Lidl Dienstleistung GmbH & Co. KG;Renningen;71272;Industriestr.;BADEN_WUERTTEMBERG;Fachwirt/in - Handel (doppelt qualifizierende Ausbildung) | Verkäufer/in;2;2;2026-09-20;2026-09-23;2026;ba-jobsuche;;
Logwin Air+Ocean Deutschland G mbH NL Renningen;Renningen;71272;Benzstr.;BADEN_WUERTTEMBERG;Kaufmann/-frau - Spedition und Logistikdienstleistung;1;1;2026-09-20;2026-09-23;2026;ba-jobsuche;;
M + B Marohn + Binder Gartengestaltung GmbH;Renningen;71272;Steinbeisstr.;BADEN_WUERTTEMBERG;Gärtner/in - Garten- und Landschaftsbau;1;1;2026-09-20;2026-09-22;2026;ba-jobsuche;;
Netto Marken-Discount Stiftung & Co. KG;Renningen;71272;Bahnhof 14;BADEN_WUERTTEMBERG;Kaufmann/-frau - Einzelhandel | Verkäufer/in;2;2;2026-09-20;2026-09-23;2026;ba-jobsuche;;
Patzig GmbH & Co. KG;Renningen;71272;Benzstr.;BADEN_WUERTTEMBERG;Dachdecker/in | Klempner/in | Zimmerer/Zimmerin;3;6;2026-09-20;2026-09-23;2026;ba-jobsuche;;
Robert Bosch GmbH;Renningen;71272;;BADEN_WUERTTEMBERG;Automobilkaufmann/-frau;1;4;2026-09-20;2026-09-23;2026;ba-jobsuche;;
rst IT-Unternehmensberatung GmbH;Renningen;71272;Jahnstr.;BADEN_WUERTTEMBERG;Fachinformatiker/in - Systemintegration | Kaufmann/-frau - IT-System-Management;2;3;2026-09-20;2026-09-23;2026;ba-jobsuche;;
Schmidt-Falbe Gabelstapler GmbH;Renningen;71272;Wankelstr.;BADEN_WUERTTEMBERG;Land- und Baumaschinenmechatroniker/in;1;1;2026-09-20;2026-09-23;2026;ba-jobsuche;;
Schneider Fensterbau GmbH;Renningen;71272;Perouser Str.;BADEN_WUERTTEMBERG;Glaser/in - Fenster- und Glasfassadenbau;1;1;2026-09-20;2026-09-23;2026;ba-jobsuche;;
Schwaben-Apotheke Inh. Annette Kauffmann;Renningen;71272;Lange Str.;BADEN_WUERTTEMBERG;Pharmazeutisch-kaufmännische/r Angestellte/r;1;1;2026-09-20;2026-09-23;2026;ba-jobsuche;;
Schweizer GmbH Druck und Werbetechnik;Renningen;71272;Ulmenstr.;BADEN_WUERTTEMBERG;Schilder- und Lichtreklamehersteller/in;1;1;2026-09-20;2026-09-23;2026;ba-jobsuche;;
SPS Dienstleistungs GmbH;Renningen;71272;Güthlerstr.;BADEN_WUERTTEMBERG;Schornsteinfeger/in;1;1;2026-09-20;2026-09-23;2026;ba-jobsuche;;
Steffen Lauffer Holzbau-Zimmerei;Renningen;71272;Industriestr.;BADEN_WUERTTEMBERG;Zimmerer/Zimmerin;1;1;2026-09-20;2026-09-23;2026;ba-jobsuche;;
Ulrich Wagner;Renningen;71272;Unterwörthstr.;BADEN_WUERTTEMBERG;Fachverkäufer/in - Lebensmittelhandwerk (Bäckerei);1;1;2026-09-20;2026-09-23;2026;ba-jobsuche;;
Uwe Knepper;Renningen;71272;Goethestr.;BADEN_WUERTTEMBERG;Friseur/in;1;1;2026-09-20;2026-09-23;2026;ba-jobsuche;;
Vergoelst GmbH;Renningen;71272;;BADEN_WUERTTEMBERG;Kaufmann/-frau - Groß- und Außenhandelsmanagement (Großhandel) | Kraftfahrzeugmechatroniker/in - Personenkraftwagentechnik;2;2;2026-09-20;2026-09-23;2026;ba-jobsuche;;
Zeeb  GmbH;Reutlingen;72768;Steigäckerstr.;BADEN_WUERTTEMBERG;Land- und Baumaschinenmechatroniker/in;1;1;2026-09-20;2026-09-23;2026;ba-jobsuche;;
Albhotel Fortuna GmbH;Riederich;72585;Hegwiesenstr.;BADEN_WUERTTEMBERG;Fachkraft - Gastronomie | Fachmann/-frau - Restaurants und Veranstaltungsgastronomie | Hotelfachmann/-frau;3;3;2026-09-20;2026-09-23;2026;ba-jobsuche;;
botek Präzisionsbohrtechnik GmbH;Riederich;72585;Längenfeldstr.;BADEN_WUERTTEMBERG;Kaufmann/-frau - Digitalisierungsmanagement;1;1;2026-09-20;2026-09-23;2026;ba-jobsuche;;
Heinrich Schmid GmbH & Co. KG;Riederich;72585;Industriestraße 16;BADEN_WUERTTEMBERG;Bodenleger/in | Duales Studium zum Bachelor of Arts - BWL Handwerk (m/w/d) | Duales Studium zum Bachelor of Engineering - Bauingenieurwesen (m/w/d) | Duales Studium zum Bachelor of Engineering - Wirtschaftsingenieurwesen (m/w/d) | Maler/in und Lackierer/in - Gestaltung und Instandhaltung;5;5;2026-09-20;2026-09-23;2026;ba-jobsuche;;
Kleinhuis GmbH & Co. KG;Riederich;72585;Maybachstr.;BADEN_WUERTTEMBERG;Maschinen- und Anlagenführer/in - Metall-, Kunststofftechnik;1;1;2026-09-20;2026-09-23;2026;ba-jobsuche;;
Adolf Föhl GmbH & Co. KG;Rudersberg, Württemberg;73635;Schönblick;BADEN_WUERTTEMBERG;"Duales Studium 2026: ""BWL-Industrie"" (B. A.) | Fachkraft - Lagerlogistik | Gießereimechaniker/in | Maschinen- und Anlagenführer/in - Metall-, Kunststofftechnik | Werkzeugmechaniker/in";5;5;2026-09-20;2026-09-23;2026;ba-jobsuche;;
Aspacher & Klotzbücher GmbH & Co. KG;Rudersberg, Württemberg;73635;Brühlstr.;BADEN_WUERTTEMBERG;Orthopädieschuhmacher/in | Orthopädietechnik-Mechaniker/in;2;2;2026-09-20;2026-09-23;2026;ba-jobsuche;;
BAIER GmbH + Co. KG Maschinenfabrik;Rudersberg, Württemberg;73635;Lindentaler Str.;BADEN_WUERTTEMBERG;Elektroniker/in - Automatisierungstechnik | Industriekaufmann/-frau | Industriemechaniker/in | Mechatroniker/in;4;4;2026-09-20;2026-09-23;2026;ba-jobsuche;;
Lidl Dienstleistung GmbH & Co. KG;Rudersberg, Württemberg;73635;Im Fuchshau;BADEN_WUERTTEMBERG;Fachwirt/in - Handel (doppelt qualifizierende Ausbildung) | Verkäufer/in;2;2;2026-09-20;2026-09-23;2026;ba-jobsuche;;
LKK Luft- u. Klimatechnik Knödler GmbH;Rudersberg, Württemberg;73635;Hofweg;BADEN_WUERTTEMBERG;Anlagenmechaniker/in - Sanitär-, Heizungs- und Klimatechnik;1;1;2026-09-20;2026-09-23;2026;ba-jobsuche;;
Spedition Knecht GmbH;Rudersberg, Württemberg;73635;Siemensstr. 4;BADEN_WUERTTEMBERG;Berufskraftfahrer/in | Fachkraft - Lagerlogistik | Kaufmann/-frau - Spedition und Logistikdienstleistung;3;4;2026-09-20;2026-09-23;2026;ba-jobsuche;;
ALDI SÜD Dienstleistungs- SE & Co. oHG;Rutesheim;71277;;BADEN_WUERTTEMBERG;Verkäufer/in;1;1;2026-09-20;2026-09-23;2026;ba-jobsuche;;
dm-drogerie markt GmbH + Co.KG;Rutesheim;71277;Dieselstraße 7;BADEN_WUERTTEMBERG;Drogist/in | Duales Studium BWL-Handel (B. A.) 2027 in 71277 Rutesheim;2;2;2026-09-20;2026-09-23;2026;ba-jobsuche;;
Dr. Angelika Forstner;Rutesheim;71277;Seestr.;BADEN_WUERTTEMBERG;Medizinische/r Fachangestellte/r;1;1;2026-09-20;2026-09-23;2026;ba-jobsuche;;
DRK Altenpflegeheim gGmbH;Rutesheim;71277;;BADEN_WUERTTEMBERG;Altenpflegehelfer/in;1;2;2026-09-22;2026-09-22;2026;ba-jobsuche;;
E. Krieg GmbH;Rutesheim;71277;Margarete-Steiff-Str.;BADEN_WUERTTEMBERG;Verfahrensmechaniker/in - Beschichtungstechnik;1;1;2026-09-20;2026-09-23;2026;ba-jobsuche;;
EDEKA Südwest Stiftung & Co. KG;Rutesheim;71277;Gutenbergstraße 33;BADEN_WUERTTEMBERG;Fachverkäufer/in - Lebensmittelhandwerk (Fleischerei) | Kaufmann/-frau - Einzelhandel | Verkäufer/in;3;5;2026-09-20;2026-09-23;2026;ba-jobsuche;;
ElectronicPartner Handel SE;Rutesheim;71277;Flachterstr.;BADEN_WUERTTEMBERG;Informationselektroniker/in;1;2;2026-09-20;2026-09-23;2026;ba-jobsuche;;
EP Stollstein e.K. Wilhelm Kasel;Rutesheim;71277;Flachter Str.;BADEN_WUERTTEMBERG;Informationselektroniker/in;1;1;2026-09-20;2026-09-23;2026;ba-jobsuche;;
GEERS (Sonova Retail Deutschland GmbH);Rutesheim;71277;Rathausplatz 9;BADEN_WUERTTEMBERG;Hörakustiker/in;1;1;2026-09-20;2026-09-23;2026;ba-jobsuche;;
hagebaucentrum Bolay GmbH & Co.KG;Rutesheim;71277;Dieselstr. 11;BADEN_WUERTTEMBERG;Duales Studium - BWL Handel (m/w/d) | Fachkraft - Lagerlogistik | Kaufmann/-frau - Büromanagement | Kaufmann/-frau - Einzelhandel | Kaufmann/-frau - Groß- und Außenhandelsmanagement (Großhandel);5;8;2026-09-20;2026-09-23;2026;ba-jobsuche;;
JOYSONQUIN A. S. GmbH;Rutesheim;71277;Gutenbergstr.;BADEN_WUERTTEMBERG;Duales Hochschulstudium BWL-Industrial Business Management (m/w/d) | Duales Hochschulstudium Maschinenbau - Konstruktion und Entwicklung (m/w/d) | Industriekaufmann/-frau;3;3;2026-09-20;2026-09-23;2026;ba-jobsuche;;
KiK Textilien und Non-Food GmbH;Rutesheim;71277;Dieselstraße 5;BADEN_WUERTTEMBERG;Fachwirt/in - Handel (doppelt qualifizierende Ausbildung);1;1;2026-09-20;2026-09-23;2026;ba-jobsuche;;
Netto Marken-Discount Stiftung & Co. KG;Rutesheim;71277;Perouse-Perosa-Argentina-Platz;BADEN_WUERTTEMBERG;Kaufmann/-frau - Einzelhandel | Verkäufer/in;2;2;2026-09-20;2026-09-23;2026;ba-jobsuche;;
ALDI SÜD Dienstleistungs- SE & Co. oHG;Sachsenheim, Württemberg;74343;;BADEN_WUERTTEMBERG;Verkäufer/in;1;2;2026-09-20;2026-09-23;2026;ba-jobsuche;;
Bäckerei Clement GmbH Bäckerei;Sachsenheim, Württemberg;74343;Ludwigsburgerstr.;BADEN_WUERTTEMBERG;Fachverkäufer/in - Lebensmittelhandwerk (Bäckerei) | Konditor/in;2;2;2026-09-20;2026-09-23;2026;ba-jobsuche;;
Bäckerei Matthias Kutterer e.K.;Sachsenheim, Württemberg;74343;Konrad-Zuse-Str.;BADEN_WUERTTEMBERG;Fachverkäufer/in - Lebensmittelhandwerk (Bäckerei);1;1;2026-09-20;2026-09-23;2026;ba-jobsuche;;
Dr. Edith Nadj-Papp;Sachsenheim, Württemberg;74343;Hauptstraße;BADEN_WUERTTEMBERG;Zahnmedizinische/r Fachangestellte/r;1;1;2026-09-20;2026-09-23;2026;ba-jobsuche;;
EDEKA Südwest Stiftung & Co. KG;Sachsenheim, Württemberg;74343;Sersheimer Str. 44;BADEN_WUERTTEMBERG;Verkäufer/in;1;1;2026-09-20;2026-09-23;2026;ba-jobsuche;;
Gemeinschaftspraxis Dres. Velcota GbR;Sachsenheim, Württemberg;74343;Bahnhofstr.;BADEN_WUERTTEMBERG;Zahnmedizinische/r Fachangestellte/r;1;1;2026-09-20;2026-09-23;2026;ba-jobsuche;;
Holzwerke Tenta GmbH;Sachsenheim, Württemberg;74343;Hanfgraben;BADEN_WUERTTEMBERG;Holzbearbeitungsmechaniker/in;1;2;2026-09-20;2026-09-23;2026;ba-jobsuche;;
KiK Textilien und Non-Food GmbH;Sachsenheim, Württemberg;74343;Max-Eyth-Straße 5;BADEN_WUERTTEMBERG;Fachwirt/in - Handel (doppelt qualifizierende Ausbildung);1;1;2026-09-20;2026-09-23;2026;ba-jobsuche;;
Netto Marken-Discount Stiftung & Co. KG;Sachsenheim, Württemberg;74343;Karl-Drais-Str. 1;BADEN_WUERTTEMBERG;Kaufmann/-frau - Einzelhandel | Verkäufer/in;2;2;2026-09-20;2026-09-23;2026;ba-jobsuche;;
Penny-Markt GmbH Verwaltung;Sachsenheim, Württemberg;74343;;BADEN_WUERTTEMBERG;Kaufmann/-frau - Einzelhandel | Verkäufer/in;2;2;2026-09-20;2026-09-23;2026;ba-jobsuche;;
Schümann GmbH Kunststofftechnik;Sachsenheim, Württemberg;74343;Roßäcker;BADEN_WUERTTEMBERG;Kunststoff- und Kautschuktechnologe/-technologin - Bauteile;1;2;2026-09-20;2026-09-23;2026;ba-jobsuche;;
Zahnmedizin. Versorgungsz. Dr. Marcus Beck und Dr. Kristina Beck;Sachsenheim, Württemberg;74343;Lammstr.;BADEN_WUERTTEMBERG;Zahnmedizinische/r Fachangestellte/r;1;1;2026-09-23;2026-09-23;2026;ba-jobsuche;;
Aprile Kraftverkehr GmbH;Salach, Württemberg;73084;Steiniger Rain;BADEN_WUERTTEMBERG;Kaufmann/-frau - Spedition und Logistikdienstleistung;1;1;2026-09-20;2026-09-23;2026;ba-jobsuche;;
dm-drogerie markt GmbH + Co.KG;Salach, Württemberg;73084;Eislinger Straße 60;BADEN_WUERTTEMBERG;Drogist/in;1;1;2026-09-20;2026-09-23;2026;ba-jobsuche;;
EMAG Salach GmbH;Salach, Württemberg;73084;Austr.;BADEN_WUERTTEMBERG;Elektroniker/in - Automatisierungstechnik | Industriekaufmann/-frau | Industriemechaniker/in | Mechatroniker/in;4;7;2026-09-20;2026-09-23;2026;ba-jobsuche;;
Friseur Haare's Hatice Özcelik;Salach, Württemberg;73084;Wilhelmstr.;BADEN_WUERTTEMBERG;Friseur/in;1;2;2026-09-20;2026-09-23;2026;ba-jobsuche;;
Gemeindeverwaltung Salach;Salach, Württemberg;73084;Rathausplatz;BADEN_WUERTTEMBERG;Erzieher/in;1;2;2026-09-20;2026-09-23;2026;ba-jobsuche;;
Hausverwaltung Engelmayr GmbH;Salach, Württemberg;73084;Hauptstr.;BADEN_WUERTTEMBERG;Kaufmann/-frau - Büromanagement;1;1;2026-09-20;2026-09-23;2026;ba-jobsuche;;
Heldele GmbH;Salach, Württemberg;73084;Uferstr.;BADEN_WUERTTEMBERG;Elektroniker/in - Betriebstechnik | Elektroniker/in - Energie- und Gebäudetechnik | Elektroniker/in - Gebäudesystemintegration | Fachinformatiker/in - Systemintegration | Industrieelektriker/in - Betriebstechnik | Industriekaufmann/-frau | Informationselektroniker/in | Kaufmann/-frau - Büromanagement | Kaufmann/-frau - IT-System-Management;9;9;2026-09-20;2026-09-23;2026;ba-jobsuche;;
HOFELE Mobile Mobile Umweltservice GmbH;Salach, Württemberg;73084;Im Alber;BADEN_WUERTTEMBERG;Umwelttechnologe/-technologin - Rohrleitungsnetze und Industrieanlagen;1;2;2026-09-20;2026-09-23;2026;ba-jobsuche;;
Lidl Dienstleistung GmbH & Co. KG;Salach, Württemberg;73084;Austraße;BADEN_WUERTTEMBERG;Fachwirt/in - Handel (doppelt qualifizierende Ausbildung) | Verkäufer/in;2;2;2026-09-20;2026-09-23;2026;ba-jobsuche;;
MayerS Bäckerei-Konditorei GmbH & Co. KG;Salach, Württemberg;73084;Wilhelmstr. 7;BADEN_WUERTTEMBERG;Fachverkäufer/in - Lebensmittelhandwerk (Bäckerei);1;1;2026-09-20;2026-09-23;2026;ba-jobsuche;;
Netto Marken-Discount Stiftung & Co. KG;Salach, Württemberg;73084;Weberstr. 12;BADEN_WUERTTEMBERG;Kaufmann/-frau - Einzelhandel | Verkäufer/in;2;3;2026-09-20;2026-09-23;2026;ba-jobsuche;;
satek gmbh;Salach, Württemberg;73084;Brühlstr.;BADEN_WUERTTEMBERG;Fachkraft - Lagerlogistik;1;2;2026-09-20;2026-09-23;2026;ba-jobsuche;;
Stiftung Haus Lindenhof St. Josef;Salach, Württemberg;73084;Schulstr.;BADEN_WUERTTEMBERG;Altenpflegehelfer/in | Pflegefachmann/-frau (Ausbildung);2;3;2026-09-20;2026-09-23;2026;ba-jobsuche;;
Autohaus Fahlbusch GmbH;Schlierbach, Württemberg;73278;Kirchheimer Str.;BADEN_WUERTTEMBERG;Kraftfahrzeugmechatroniker/in - Personenkraftwagentechnik;1;2;2026-09-20;2026-09-23;2026;ba-jobsuche;;
BM Autoservice Bakir;Schlierbach, Württemberg;73278;Auchtertstr.;BADEN_WUERTTEMBERG;Kraftfahrzeugmechatroniker/in - Personenkraftwagentechnik;1;1;2026-09-20;2026-09-23;2026;ba-jobsuche;;
Dr. Britta Dietz;Schlierbach, Württemberg;73278;Gaiserstr.;BADEN_WUERTTEMBERG;Zahnmedizinische/r Fachangestellte/r;1;1;2026-09-20;2026-09-23;2026;ba-jobsuche;;
Ernst Friedrich Heuer GmbH;Schlierbach, Württemberg;73278;Auchtertstr.;BADEN_WUERTTEMBERG;Fachkraft - Metalltechnik - Montagetechnik | Fertigungsmechaniker/in;2;2;2026-09-20;2026-09-23;2026;ba-jobsuche;;
Hans Klein Heizung - Sanitär - GmbH;Schlierbach, Württemberg;73278;Auchtertstr.;BADEN_WUERTTEMBERG;Metallbauer/in - Konstruktionstechnik;1;2;2026-09-20;2026-09-23;2026;ba-jobsuche;;
M & Z Sandau GmbH;Schlierbach, Württemberg;73278;Am Haslenbach;BADEN_WUERTTEMBERG;Metallbauer/in - Konstruktionstechnik;1;2;2026-09-20;2026-09-23;2026;ba-jobsuche;;
MBI Metallfassaden Bauflaschnerei Ivsic GmbH;Schlierbach, Württemberg;73278;Maybachstr.;BADEN_WUERTTEMBERG;Klempner/in;1;2;2026-09-20;2026-09-23;2026;ba-jobsuche;;
Scaffidi Markisen Rolladensysteme GmbH;Schlierbach, Württemberg;73278;Am Haslenbach;BADEN_WUERTTEMBERG;Rollladen- und Sonnenschutzmechatroniker/in;1;1;2026-09-20;2026-09-23;2026;ba-jobsuche;;
AiCentive GmbH;Schönaich, Württemberg;71101;Berliner Straße;BADEN_WUERTTEMBERG;Fachinformatiker/in - Anwendungsentwicklung | Fachinformatiker/in - Daten- und Prozessanalyse | Fachinformatiker/in - Digitale Vernetzung | Fachinformatiker/in - Systemintegration | Kaufmann/-frau - Digitalisierungsmanagement;5;5;2026-09-20;2026-09-23;2026;ba-jobsuche;;
Apo.Dr.Beranek Dr. Golo Beranek;Schönaich, Württemberg;71101;Bahnhofstr.;BADEN_WUERTTEMBERG;Pharmazeutisch-kaufmännische/r Angestellte/r;1;1;2026-09-20;2026-09-23;2026;ba-jobsuche;;
Bezirksschornsteinfegermeister Wolfgang Mayer;Schönaich, Württemberg;71101;Brahmsweg;BADEN_WUERTTEMBERG;Schornsteinfeger/in;1;2;2026-09-20;2026-09-23;2026;ba-jobsuche;;
Deutsche Bahn AG;Schönaich, Württemberg;71101;;BADEN_WUERTTEMBERG;Beton- und Stahlbetonbauer/in;1;1;2026-09-20;2026-09-23;2026;ba-jobsuche;;
Dirk Rossmann GmbH;Schönaich, Württemberg;71101;;BADEN_WUERTTEMBERG;Kaufmann/-frau - Einzelhandel;1;1;2026-09-20;2026-09-23;2026;ba-jobsuche;;
Gentile Lebensmittel GmbH;Schönaich, Württemberg;71101;Carl-Zeiss-Str.;BADEN_WUERTTEMBERG;Kaufmann/-frau - Groß- und Außenhandelsmanagement (Großhandel);1;1;2026-09-20;2026-09-23;2026;ba-jobsuche;;
Geopunkt Spezialtiefbau GmbH;Schönaich, Württemberg;71101;Carl-Zeiss-Str.;BADEN_WUERTTEMBERG;Brunnenbauer/in;1;1;2026-09-20;2026-09-23;2026;ba-jobsuche;;
Metallbau Stahl Inh. U. Kirmse e.K.;Schönaich, Württemberg;71101;Im Vogelsang;BADEN_WUERTTEMBERG;Metallbauer/in - Konstruktionstechnik;1;1;2026-09-20;2026-09-23;2026;ba-jobsuche;;
Nagel Gesellschaft mit beschränkter Haftung;Schönaich, Württemberg;71101;Steinbeisstr.;BADEN_WUERTTEMBERG;BA Studium Bachelor of Arts - BWL (Handwerk)  (Bachelor of Arts) 2027 | Kaufmann/-frau - Büromanagement | Rollladen- und Sonnenschutzmechatroniker/in;3;3;2026-09-20;2026-09-23;2026;ba-jobsuche;;
Norma Lebensmittelfilial- betrieb Stiftung & Co. KG;Schönaich, Württemberg;71101;Wilhelmstr.;BADEN_WUERTTEMBERG;Verkäufer/in;1;1;2026-09-20;2026-09-23;2026;ba-jobsuche;;
NORMA Lebensmittelfilialbetrieb Stiftung & Co. KG;Schönaich, Württemberg;71101;;BADEN_WUERTTEMBERG;Kaufmann/-frau - Einzelhandel | Verkäufer/in;2;2;2026-09-20;2026-09-23;2026;ba-jobsuche;;
Penny-Markt GmbH Verwaltung;Schönaich, Württemberg;71101;;BADEN_WUERTTEMBERG;Kaufmann/-frau - Einzelhandel | Verkäufer/in;2;4;2026-09-20;2026-09-23;2026;ba-jobsuche;;
Thomas Lorenz Kachelofen- und Kaminbau GmbH;Schönaich, Württemberg;71101;Mercedesstr.;BADEN_WUERTTEMBERG;Ofen- und Luftheizungsbauer/in;1;1;2026-09-20;2026-09-23;2026;ba-jobsuche;;
Walter Knittel GmbH;Schönaich, Württemberg;71101;Jägerstr.;BADEN_WUERTTEMBERG;Kaufmann/-frau - Einzelhandel;1;1;2026-09-20;2026-09-23;2026;ba-jobsuche;;
A.T.U Auto-Teile-Unger GmbH & Co. KG;Schorndorf, Württemberg;73614;Stuttgarter Straße 11;BADEN_WUERTTEMBERG;Kraftfahrzeugmechatroniker/in - Personenkraftwagentechnik;1;2;2026-09-20;2026-09-23;2026;ba-jobsuche;;
ALDI SÜD Dienstleistungs- SE & Co. oHG;Schorndorf, Württemberg;73614;;BADEN_WUERTTEMBERG;Verkäufer/in;1;1;2026-09-20;2026-09-23;2026;ba-jobsuche;;
AOK Baden-Württemberg Hauptverwaltung;Schorndorf, Württemberg;73614;Heinkelstr.;BADEN_WUERTTEMBERG;Duales Studium - Soziale Arbeit im Gesundheitswesen (B.A.) (m/w/d) - Region Ludwigsburg-Rems-Murr;1;1;2026-09-20;2026-09-23;2026;ba-jobsuche;;
Autohaus Parente GmbH;Schorndorf, Württemberg;73614;Grafenbergweg;BADEN_WUERTTEMBERG;Kraftfahrzeugmechatroniker/in - Personenkraftwagentechnik;1;1;2026-09-20;2026-09-23;2026;ba-jobsuche;;
BANTEL GmbH;Schorndorf, Württemberg;73614;Joh.-Phil.-Palm-Str. 23 - 25;BADEN_WUERTTEMBERG;Betriebswirt/in (doppelt qualifizierende Ausbildung) - Textil | Duales Studium – Fashion Management 2027 | Kaufmann/-frau - Einzelhandel | Managementassistent/in (doppelt qualifizierende Ausbildung) | Verkäufer/in;5;7;2026-09-20;2026-09-23;2026;ba-jobsuche;;
Burger Schloz Automobile GmbH & Co KG Uhingen;Schorndorf, Württemberg;73614;Stuttgarter Str.;BADEN_WUERTTEMBERG;Automobilkaufmann/-frau | Fachkraft - Lagerlogistik | Kraftfahrzeugmechatroniker/in - Nutzfahrzeugtechnik | Kraftfahrzeugmechatroniker/in - Personenkraftwagentechnik;4;4;2026-09-20;2026-09-23;2026;ba-jobsuche;;
Capurso Rocco KG;Schorndorf, Württemberg;73614;Mittlere Uferstr.;BADEN_WUERTTEMBERG;Fachverkäufer/in - Lebensmittelhandwerk (Bäckerei) | Fachverkäufer/in - Lebensmittelhandwerk (Fleischerei) | Kaufmann/-frau - Einzelhandel | Verkäufer/in;4;4;2026-09-20;2026-09-23;2026;ba-jobsuche;;
Catalent Germany Schorndorf GmbH;Schorndorf, Württemberg;73614;Steinbeisstr.;BADEN_WUERTTEMBERG;Chemielaborant/in | Industriekaufmann/-frau;2;2;2026-09-23;2026-09-23;2026;ba-jobsuche;;
Dätsch GmbH;Schorndorf, Württemberg;73614;Remsstr.;BADEN_WUERTTEMBERG;Parkettleger/in;1;1;2026-09-20;2026-09-23;2026;ba-jobsuche;;
Deichmann SE;Schorndorf, Württemberg;73614;Karlstraße 15;BADEN_WUERTTEMBERG;Verkäufer/in;1;1;2026-09-20;2026-09-23;2026;ba-jobsuche;;
Die Zieglerschen - Süd - gemeinnützige GmbH;Schorndorf, Württemberg;73614;;BADEN_WUERTTEMBERG;Duales Studium Pflege B.Sc. (m/w/d);1;1;2026-09-20;2026-09-23;2026;ba-jobsuche;;
dm-drogerie markt GmbH + Co.KG;Schorndorf, Württemberg;73614;Karlstraße 15;BADEN_WUERTTEMBERG;Drogist/in | Duales Studium BWL-Handel (B. A.) 2027 in 73614 Schorndorf;2;2;2026-09-20;2026-09-23;2026;ba-jobsuche;;
Dr. Hurlebaus & Göckmann GbR;Schorndorf, Württemberg;73614;Oberer Marktplatz;BADEN_WUERTTEMBERG;Rechtsanwaltsfachangestellte/r;1;1;2026-09-20;2026-09-23;2026;ba-jobsuche;;
Dr. Roman Beniashvili Fachzahnarzt für Oralchirurgie;Schorndorf, Württemberg;73614;Wallstr.;BADEN_WUERTTEMBERG;Zahnmedizinische/r Fachangestellte/r;1;1;2026-09-20;2026-09-23;2026;ba-jobsuche;;
Dr. Schmid Treuhand GmbH;Schorndorf, Württemberg;73614;Heinkelstr.;BADEN_WUERTTEMBERG;Kaufmann/-frau - Büromanagement;1;1;2026-09-20;2026-09-23;2026;ba-jobsuche;;
Dr.med.dent. Peter Stieven Kieferorthopädie;Schorndorf, Württemberg;73614;Archivstr.;BADEN_WUERTTEMBERG;Zahnmedizinische/r Fachangestellte/r;1;1;2026-09-20;2026-09-23;2026;ba-jobsuche;;
EDEKA Südwest Stiftung & Co. KG;Schorndorf, Württemberg;73614;Mittlere Uferstraße 5;BADEN_WUERTTEMBERG;Fachverkäufer/in - Lebensmittelhandwerk (Bäckerei) | Fachverkäufer/in - Lebensmittelhandwerk (Fleischerei) | Fleischer/in | Kaufmann/-frau - Einzelhandel | Verkäufer/in;5;10;2026-09-20;2026-09-23;2026;ba-jobsuche;;
Emil Löffelhardt GmbH & Co. KG;Schorndorf, Württemberg;73614;Gottlob-Bauknecht-Str.;BADEN_WUERTTEMBERG;Fachinformatiker/in - Systemintegration | Fachlagerist/in | Kaufmann/-frau - Groß- und Außenhandelsmanagement (Großhandel);3;3;2026-09-20;2026-09-23;2026;ba-jobsuche;;
Evangelische Heimstiftung GmbH Spittler-Stift;Schorndorf, Württemberg;73614;Ebersbacher Weg;BADEN_WUERTTEMBERG;Pflegefachmann/-frau (Ausbildung);1;2;2026-09-20;2026-09-23;2026;ba-jobsuche;;
FBS Office Systeme GmbH;Schorndorf, Württemberg;73614;Hegelstr.;BADEN_WUERTTEMBERG;Informationselektroniker/in | Kaufmann/-frau - Büromanagement;2;2;2026-09-20;2026-09-23;2026;ba-jobsuche;;
Fielmann AG;Schorndorf, Württemberg;73614;;BADEN_WUERTTEMBERG;Augenoptiker/in;1;1;2026-09-20;2026-09-23;2026;ba-jobsuche;;
GEERS (Sonova Retail Deutschland GmbH);Schorndorf, Württemberg;73614;Johann-Philipp-Palm-Straße 13;BADEN_WUERTTEMBERG;Hörakustiker/in;1;1;2026-09-20;2026-09-23;2026;ba-jobsuche;;
Hägele GmbH;Schorndorf, Württemberg;73614;Am Niederfeld;BADEN_WUERTTEMBERG;Industriekaufmann/-frau | Industriemechaniker/in | Maschinen- und Anlagenführer/in (ohne Angabe des Schwerpunkts);3;3;2026-09-20;2026-09-23;2026;ba-jobsuche;;
Hörhäusle Kohl GmbH;Schorndorf, Württemberg;73614;Gottlieb-Daimler-Str.;BADEN_WUERTTEMBERG;Hörakustiker/in;1;1;2026-09-20;2026-09-23;2026;ba-jobsuche;;
Irina Kuhnert;Schorndorf, Württemberg;73614;Schillerstr.;BADEN_WUERTTEMBERG;Zahnmedizinische/r Fachangestellte/r;1;1;2026-09-20;2026-09-23;2026;ba-jobsuche;;
Joachim Kneipel;Schorndorf, Württemberg;73614;Urbacher Str.;BADEN_WUERTTEMBERG;Mechatroniker/in - Kältetechnik;1;1;2026-09-20;2026-09-23;2026;ba-jobsuche;;
Johanniter-Unfall-Hilfe e.V. Landesverband Baden-Württemberg;Schorndorf, Württemberg;73614;Baumwasenstraße 5;BADEN_WUERTTEMBERG;Notfallsanitäter/in;1;1;2026-09-20;2026-09-23;2026;ba-jobsuche;;
Kaufland;Schorndorf, Württemberg;73614;;BADEN_WUERTTEMBERG;Verkäufer/in;1;1;2026-09-20;2026-09-23;2026;ba-jobsuche;;
Kaufland Dienstleistung GmbH & Co. KG;Schorndorf, Württemberg;73614;Lutherstraße;BADEN_WUERTTEMBERG;Verkäufer/in;1;1;2026-09-20;2026-09-23;2026;ba-jobsuche;;
Kemmler Baustoffe Schorndorf GmbH;Schorndorf, Württemberg;73614;Lange Str.;BADEN_WUERTTEMBERG;Fachkraft - Lagerlogistik | Kaufmann/-frau - Groß- und Außenhandelsmanagement (Großhandel);2;2;2026-09-20;2026-09-23;2026;ba-jobsuche;;
Kesselhaus GmbH;Schorndorf, Württemberg;73614;Arnoldstr.;BADEN_WUERTTEMBERG;Fachmann/-frau - Restaurants und Veranstaltungsgastronomie | Koch/Köchin;2;2;2026-09-20;2026-09-23;2026;ba-jobsuche;;
KIND GmbH & Co. KG;Schorndorf, Württemberg;73614;Johann-Philipp-Palm-Straße 33;BADEN_WUERTTEMBERG;Hörakustiker/in;1;1;2026-09-23;2026-09-23;2026;ba-jobsuche;;
Klein Consulting Inh. Andreas Klein e.Kfm.;Schorndorf, Württemberg;;;BADEN_WUERTTEMBERG;Sport- und Fitnesskaufmann/-frau;1;1;2026-09-20;2026-09-23;2026;ba-jobsuche;;
Knödler electronic solution GmbH;Schorndorf, Württemberg;73614;Erlenwiesen;BADEN_WUERTTEMBERG;Elektroniker/in - Energie- und Gebäudetechnik | Elektroniker/in - Gebäudesystemintegration | Technische/r Systemplaner/in - Elektrotechnische Systeme;3;3;2026-09-20;2026-09-23;2026;ba-jobsuche;;
Lack Elektromotoren Inh. Dipl.-Ing. Peter Lack;Schorndorf, Württemberg;73614;Paul-Strähle-Str.;BADEN_WUERTTEMBERG;Elektroniker/in - Maschinen und Antriebstechnik (HwO);1;1;2026-09-20;2026-09-23;2026;ba-jobsuche;;
Lidl Dienstleistung GmbH & Co. KG;Schorndorf, Württemberg;73614;Heinkelstraße;BADEN_WUERTTEMBERG;Fachwirt/in - Handel (doppelt qualifizierende Ausbildung) | Verkäufer/in;2;2;2026-09-20;2026-09-23;2026;ba-jobsuche;;
MayerS Bäckerei-Konditorei GmbH & Co. KG;Schorndorf, Württemberg;73614;Moserstr. 7;BADEN_WUERTTEMBERG;Fachverkäufer/in - Lebensmittelhandwerk (Bäckerei);1;1;2026-09-20;2026-09-23;2026;ba-jobsuche;;
Media Markt Fellbach TV-HiFi-Elektro GmbH;Schorndorf, Württemberg;73614;Heinkelstr.;BADEN_WUERTTEMBERG;Kaufmann/-frau - Einzelhandel;1;2;2026-09-20;2026-09-23;2026;ba-jobsuche;;
Metzgerei Frank Winter;Schorndorf, Württemberg;73614;Welzheimer Str.;BADEN_WUERTTEMBERG;Fachverkäufer/in - Lebensmittelhandwerk (Fleischerei) | Fleischer/in;2;2;2026-09-20;2026-09-23;2026;ba-jobsuche;;
Metzgerei Fritz Inhaber Karsten Fritz;Schorndorf, Württemberg;73614;Winterbacher Str.;BADEN_WUERTTEMBERG;Fachverkäufer/in - Lebensmittelhandwerk (Fleischerei) | Fleischer/in;2;2;2026-09-20;2026-09-23;2026;ba-jobsuche;;
Metzgerei Wolz GmbH;Schorndorf, Württemberg;73614;Rehhaldenweg;BADEN_WUERTTEMBERG;Fachverkäufer/in - Lebensmittelhandwerk (Fleischerei) | Fleischer/in;2;2;2026-09-20;2026-09-23;2026;ba-jobsuche;;
MS-Haustechnik Markus Schmeißer;Schorndorf, Württemberg;73614;Falkengasse;BADEN_WUERTTEMBERG;Anlagenmechaniker/in - Sanitär-, Heizungs- und Klimatechnik;1;1;2026-09-20;2026-09-23;2026;ba-jobsuche;;
Netto Marken-Discount Stiftung & Co. KG;Schorndorf, Württemberg;73614;Rudersberger Str. 60;BADEN_WUERTTEMBERG;Kaufmann/-frau - Einzelhandel | Verkäufer/in;2;6;2026-09-20;2026-09-23;2026;ba-jobsuche;;
Norma Lebensmittelfilial- betrieb Stiftung & Co. KG;Schorndorf, Württemberg;73614;Bismarckstraße;BADEN_WUERTTEMBERG;Verkäufer/in;1;2;2026-09-20;2026-09-23;2026;ba-jobsuche;;
NORMA Lebensmittelfilialbetrieb Stiftung & Co. KG;Schorndorf, Württemberg;73614;;BADEN_WUERTTEMBERG;Kaufmann/-frau - Einzelhandel | Verkäufer/in;2;2;2026-09-20;2026-09-23;2026;ba-jobsuche;;
Oberfinanzdirektion Baden-Württemberg Land BW;Schorndorf, Württemberg;73614;;BADEN_WUERTTEMBERG;Beamter/Beamtin - Steuerverwaltung (mittlerer nichttechnischer Dienst) | DUALES STUDIUM zum 01.03.2027 - Bachelor of Laws (geh. Dienst) | DUALES STUDIUM zum 01.10.2027 - Bachelor of Laws (geh. Dienst);3;3;2026-09-20;2026-09-23;2026;ba-jobsuche;;
Paul Wilhelm von Keppler-Stiftung;Schorndorf, Württemberg;73614;Künkelinstraße 36;BADEN_WUERTTEMBERG;Pflegefachmann/-frau (Ausbildung);1;1;2026-09-20;2026-09-23;2026;ba-jobsuche;;
Peter Brede Hals-Nasen-Ohrenheilkunde;Schorndorf, Württemberg;73614;Oberer Marktplatz;BADEN_WUERTTEMBERG;Medizinische/r Fachangestellte/r;1;1;2026-09-20;2026-09-23;2026;ba-jobsuche;;
PL Fahrzeugbau GmbH;Schorndorf, Württemberg;73614;Kellerwiesen;BADEN_WUERTTEMBERG;Karosserie- und Fahrzeugbaumechaniker/in - Karosserie- und Fahrzeugbautechnik;1;1;2026-09-20;2026-09-23;2026;ba-jobsuche;;
pro optik Augenoptik Fachgesch äft GmbH;Schorndorf, Württemberg;73614;Gottlieb-Daimler-Str.;BADEN_WUERTTEMBERG;Augenoptiker/in;1;2;2026-09-20;2026-09-23;2026;ba-jobsuche;;
Radiologie Schorndorf Dr. Kalka Dr. Epple Dr. Erdinger Dr. Tavakoli GbR;Schorndorf, Württemberg;73614;Schlichtener Str.;BADEN_WUERTTEMBERG;Medizinische/r Fachangestellte/r;1;1;2026-09-20;2026-09-23;2026;ba-jobsuche;;
Remstalwerbung Bäz GmbH & Co. KG;Schorndorf, Württemberg;73614;Lutherstr.;BADEN_WUERTTEMBERG;Schilder- und Lichtreklamehersteller/in;1;1;2026-09-20;2026-09-23;2026;ba-jobsuche;;
Riani GmbH;Schorndorf, Württemberg;73614;Riani Platz;BADEN_WUERTTEMBERG;Duales Studium 2027 Wirtschaftsinformatik-Application Management | RIANI M/W/D | Fachinformatiker/in - Systemintegration | Fachkraft - Lagerlogistik;3;3;2026-09-20;2026-09-23;2026;ba-jobsuche;;
S. Bleyer GmbH;Schorndorf, Württemberg;73614;Steinbeisstr.;BADEN_WUERTTEMBERG;Metallbauer/in - Konstruktionstechnik;1;1;2026-09-20;2026-09-23;2026;ba-jobsuche;;
Secos Sicherheitssysteme GmbH;Schorndorf, Württemberg;73614;Kirchhofstr.;BADEN_WUERTTEMBERG;Informationselektroniker/in | Technische/r Systemplaner/in - Elektrotechnische Systeme;2;2;2026-09-20;2026-09-23;2026;ba-jobsuche;;
Stadt Schorndorf;Schorndorf, Württemberg;73614;Marktplatz 1;BADEN_WUERTTEMBERG;Erzieher/in - Jugend- und Heimerziehung;1;1;2026-09-20;2026-09-23;2026;ba-jobsuche;;
Stadtverwaltung Schorndorf KdöR;Schorndorf, Württemberg;73614;Marktplatz;BADEN_WUERTTEMBERG;Erzieher/in | Verwaltungsfachangestellte/r - Kommunalverwaltung;2;2;2026-09-20;2026-09-23;2026;ba-jobsuche;;
toom Baumarkt GmbH;Schorndorf, Württemberg;73614;;BADEN_WUERTTEMBERG;Kaufmann/-frau - Einzelhandel;1;1;2026-09-20;2026-09-23;2026;ba-jobsuche;;
U. Leibbrand GmbH;Schorndorf, Württemberg;73614;Lutherstraße 65;BADEN_WUERTTEMBERG;Ausbaumanager/in (doppelt qualifizierende Ausbildung) | BWL-Handwerk m/w/d 2026 | Maler/in und Lackierer/in - Gestaltung und Instandhaltung | Raumausstatter/in | Stuckateur/in;5;6;2026-09-20;2026-09-23;2026;ba-jobsuche;;
Vodafone Shop Schorndorf BIG RED GmbH;Schorndorf, Württemberg;73614;Marktplatz;BADEN_WUERTTEMBERG;Kaufmann/-frau - Einzelhandel;1;1;2026-09-20;2026-09-23;2026;ba-jobsuche;;
Weidler Innenausbau e.Kfm.;Schorndorf, Württemberg;73614;Dürrwiesen;BADEN_WUERTTEMBERG;Tischler/in;1;1;2026-09-20;2026-09-23;2026;ba-jobsuche;;
WITTLINGER MÖBELWERKSTÄTTE Matthias Wittlinger;Schorndorf, Württemberg;73614;Urbanstr.;BADEN_WUERTTEMBERG;Tischler/in;1;1;2026-09-20;2026-09-23;2026;ba-jobsuche;;
WPM Werkzeug-Produkt-Maschinen GmbH;Schorndorf, Württemberg;73614;Wehrwiesenstr.;BADEN_WUERTTEMBERG;Zerspanungsmechaniker/in;1;1;2026-09-20;2026-09-23;2026;ba-jobsuche;;
Stefan Bühler Landhaus Am Rehwald;Schurrenhof;73072;Schurrenhof;BADEN_WUERTTEMBERG;Koch/Köchin;1;1;2026-09-20;2026-09-23;2026;ba-jobsuche;;
A.T.U Auto-Teile-Unger GmbH & Co. KG;Schwäbisch Gmünd;73529;Lorcher Straße 149;BADEN_WUERTTEMBERG;Kaufmann/-frau - Einzelhandel;1;1;2026-09-20;2026-09-23;2026;ba-jobsuche;;
AH Elektro & Metall GmbH;Schwäbisch Gmünd;73529;Auf der Höhe;BADEN_WUERTTEMBERG;Elektroniker/in - Energie- und Gebäudetechnik | Metallbauer/in - Konstruktionstechnik;2;2;2026-09-20;2026-09-23;2026;ba-jobsuche;;
AKS Hartmetalltechnik GmbH;Schwäbisch Gmünd;73527;Im Spagen;BADEN_WUERTTEMBERG;Zerspanungsmechaniker/in;1;2;2026-09-20;2026-09-23;2026;ba-jobsuche;;
AOK Baden-Württemberg Hauptverwaltung;Schwäbisch Gmünd;73525;Pfeifergäßle;BADEN_WUERTTEMBERG;"Bachelor ""Soziale Arbeit im Gesundheitswesen (DH)"" (m/w/d) ab 01.09.2027 | Sozialversicherungsfachangestellte/r - allgemeine Krankenversicherung";2;4;2026-09-20;2026-09-23;2026;ba-jobsuche;;
BAG Karinos/Kontogeorgou;Schwäbisch Gmünd;73525;Bocksgasse;BADEN_WUERTTEMBERG;Zahnmedizinische/r Fachangestellte/r;1;1;2026-09-20;2026-09-23;2026;ba-jobsuche;;
BARMER;Schwäbisch Gmünd;73525;;BADEN_WUERTTEMBERG;Kaufmann/-frau - Gesundheitswesen;1;1;2026-09-20;2026-09-23;2026;ba-jobsuche;;
Bausparkasse Schwäbisch Hall AG;Schwäbisch Gmünd;73525;;BADEN_WUERTTEMBERG;Bankkaufmann/-frau;1;1;2026-09-20;2026-09-23;2026;ba-jobsuche;;
Berufsausübungsgemeinschaft - Dr. Jürgen Wacker & Dr. Stefan Vogt GbR;Schwäbisch Gmünd;73525;Bocksgasse;BADEN_WUERTTEMBERG;Medizinische/r Fachangestellte/r;1;2;2026-09-20;2026-09-23;2026;ba-jobsuche;;
Dehner Gartencenter GmbH & Co. KG;Schwäbisch Gmünd;73529;Krähe;BADEN_WUERTTEMBERG;Fachwirt/in - Handel (doppelt qualifizierende Ausbildung);1;1;2026-09-20;2026-09-23;2026;ba-jobsuche;;
Deutsche Bank AG;Schwäbisch Gmünd;73525;;BADEN_WUERTTEMBERG;Bankkaufmann/-frau;1;1;2026-09-20;2026-09-23;2026;ba-jobsuche;;
Deutsche Post DHL;Schwäbisch Gmünd;73525;;BADEN_WUERTTEMBERG;Fachkraft - Kurier-, Express- und Postdienstleistungen;1;1;2026-09-20;2026-09-23;2026;ba-jobsuche;;
dm-drogerie markt GmbH + Co.KG;Schwäbisch Gmünd;73529;Lorcher Straße 165;BADEN_WUERTTEMBERG;Drogist/in;1;2;2026-09-20;2026-09-23;2026;ba-jobsuche;;
Dr. Gerd Hokenmaier Zahnarzt;Schwäbisch Gmünd;73525;Kalter Markt;BADEN_WUERTTEMBERG;Zahnmedizinische/r Fachangestellte/r;1;1;2026-09-20;2026-09-23;2026;ba-jobsuche;;
Dr. med. Hans Pasler Augenarzt;Schwäbisch Gmünd;73525;Ledergasse;BADEN_WUERTTEMBERG;Medizinische/r Fachangestellte/r;1;1;2026-09-20;2026-09-23;2026;ba-jobsuche;;
Dr. Steffen Dosch Zahnarzt und Facharzt für Oralchirurgie;Schwäbisch Gmünd;73525;Ledergasse;BADEN_WUERTTEMBERG;Zahnmedizinische/r Fachangestellte/r;1;1;2026-09-20;2026-09-23;2026;ba-jobsuche;;
Dres. Manfred und Luitgard Dolderer;Schwäbisch Gmünd;73525;Hofstatt;BADEN_WUERTTEMBERG;Medizinische/r Fachangestellte/r;1;1;2026-09-20;2026-09-23;2026;ba-jobsuche;;
Fielmann AG;Schwäbisch Gmünd;73525;;BADEN_WUERTTEMBERG;Augenoptiker/in;1;1;2026-09-20;2026-09-23;2026;ba-jobsuche;;
Gemeinschaftspraxis Gutowski GbR;Schwäbisch Gmünd;73525;Königsturmstr.;BADEN_WUERTTEMBERG;Zahnmedizinische/r Fachangestellte/r;1;1;2026-09-20;2026-09-23;2026;ba-jobsuche;;
Heinrich Schmid GmbH & Co. KG;Schwäbisch Gmünd;73525;Bänglesäcker 1;BADEN_WUERTTEMBERG;Bodenleger/in | Duales Studium zum Bachelor of Arts - BWL Handwerk (m/w/d) für 2027 | Duales Studium zum Bachelor of Arts - BWL Industrie (m/w/d) für 2027 | Duales Studium zum Bachelor of Engineering - Bauingenieurwesen (m/w/d) für 2027 | Duales Studium zum Bachelor of Engineering - Wirtschaftsingenieurwesen (m/w/d) für 2027 | Maler/in und Lackierer/in - Gestaltung und Instandhaltung;6;6;2026-09-20;2026-09-23;2026;ba-jobsuche;;
Holzofen-Bäckerei Ecker Inhaber Alexander Jaekel e.Kfm.;Schwäbisch Gmünd;73527;Holderfeldstr.;BADEN_WUERTTEMBERG;Fachverkäufer/in - Lebensmittelhandwerk (Bäckerei);1;2;2026-09-20;2026-09-20;2026;ba-jobsuche;;
Hotel Fortuna Betriebs-GmbH;Schwäbisch Gmünd;73525;Hauberweg;BADEN_WUERTTEMBERG;Hotelfachmann/-frau;1;2;2026-09-20;2026-09-23;2026;ba-jobsuche;;
IFO GmbH Institut f Oberflächentechnik;Schwäbisch Gmünd;73529;Alex-v-Humboldt-Str;BADEN_WUERTTEMBERG;Chemielaborant/in;1;1;2026-09-20;2026-09-23;2026;ba-jobsuche;;
Irdenkauf Bau GmbH & Co. KG;Schwäbisch Gmünd;73529;Auf der Höhe;BADEN_WUERTTEMBERG;Maurer/in;1;2;2026-09-20;2026-09-23;2026;ba-jobsuche;;
Kreissparkasse Ostalb Hauptniederlassung;Schwäbisch Gmünd;73525;Sparkassenplatz;BADEN_WUERTTEMBERG;Bachelor of Arts (B.A.) - Studiengang BWL - Digital Business Management (m/w/d) - Beginn: 01.09.2027 | Bachelor of Arts (B.A.) - Studiengang BWL-Bank (m/w/d) - Beginn: 01.09.2027 | Bankkaufmann/-frau | Kaufmann/-frau - Büromanagement | Kaufmann/-frau - Digitalisierungsmanagement;5;5;2026-09-20;2026-09-23;2026;ba-jobsuche;;
Landratsamt Ostalbkreis;Schwäbisch Gmünd;73525;;BADEN_WUERTTEMBERG;Bachelor of Arts (B. A.) - Soziale Arbeit - Studienbereich Soziale Dienste der Jugend-, (m/w/d) | Bachelor of Arts (B.A.) - Public Management (m/w/d) | Straßenwärter/in;3;3;2026-09-20;2026-09-23;2026;ba-jobsuche;;
Lidl Dienstleistung GmbH & Co. KG;Schwäbisch Gmünd;73525;Schwerzerallee;BADEN_WUERTTEMBERG;Fachwirt/in - Handel (doppelt qualifizierende Ausbildung) | Verkäufer/in;2;2;2026-09-20;2026-09-23;2026;ba-jobsuche;;
LIMES- Steuerberatungsgesellschaft mbH;Schwäbisch Gmünd;73529;Einhornstr.;BADEN_WUERTTEMBERG;Bachelor of Arts - RSW - Steuern und Prüfungswesen (m/w/d) 2027 | Steuerfachangestellte/r;2;2;2026-09-20;2026-09-23;2026;ba-jobsuche;;
Lutz - Irmler & Partner GmbH WPG StBG;Schwäbisch Gmünd;73525;Eutighofer Straße;BADEN_WUERTTEMBERG;Steuerfachangestellte/r;1;1;2026-09-20;2026-09-23;2026;ba-jobsuche;;
Martin Brendle Sanitätshaus;Schwäbisch Gmünd;73525;Höferlesbach;BADEN_WUERTTEMBERG;Orthopädietechnik-Mechaniker/in;1;1;2026-09-20;2026-09-23;2026;ba-jobsuche;;
Michael Leicht;Schwäbisch Gmünd;73525;Bocksgasse;BADEN_WUERTTEMBERG;Orthopädietechnik-Mechaniker/in;1;1;2026-09-20;2026-09-23;2026;ba-jobsuche;;
Mömax Deutschland GmbH & Co. KG;Schwäbisch Gmünd;73525;;BADEN_WUERTTEMBERG;Verkäufer/in;1;1;2026-09-20;2026-09-23;2026;ba-jobsuche;;
Müller Holding GmbH & Co. KG;Schwäbisch Gmünd;73525;Kalter Markt 18;BADEN_WUERTTEMBERG;Duales Studium BWL Handelsmanagement - Schwerpunkt Filiale (m/w/d) | Fachwirt/in - Handel (doppelt qualifizierende Ausbildung) | Kaufmann/-frau - Einzelhandel;3;3;2026-09-20;2026-09-23;2026;ba-jobsuche;;
Netto Marken-Discount Stiftung & Co. KG;Schwäbisch Gmünd;73525;Weißensteiner Str. 44;BADEN_WUERTTEMBERG;Kaufmann/-frau - Einzelhandel | Verkäufer/in;2;3;2026-09-20;2026-09-23;2026;ba-jobsuche;;
Norma Lebensmittelfilial- betrieb Stiftung & Co. KG;Schwäbisch Gmünd;73525;Eutighofer Straße;BADEN_WUERTTEMBERG;Verkäufer/in;1;2;2026-09-20;2026-09-23;2026;ba-jobsuche;;
NORMA Lebensmittelfilialbetrieb Stiftung & Co. KG;Schwäbisch Gmünd;73525;;BADEN_WUERTTEMBERG;Kaufmann/-frau - Einzelhandel | Verkäufer/in;2;2;2026-09-20;2026-09-23;2026;ba-jobsuche;;
Notare Claus Denk & Dr. Peter Becker;Schwäbisch Gmünd;73525;Ledergasse;BADEN_WUERTTEMBERG;Notarfachangestellte/r;1;1;2026-09-20;2026-09-23;2026;ba-jobsuche;;
Oberfinanzdirektion Baden-Württemberg Land BW;Schwäbisch Gmünd;73525;;BADEN_WUERTTEMBERG;Beamter/Beamtin - Steuerverwaltung (mittlerer nichttechnischer Dienst) | DUALES STUDIUM zum 01.03.2027 - Bachelor of Laws (geh. Dienst) | DUALES STUDIUM zum 01.10.2027 - Bachelor of Laws (geh. Dienst);3;3;2026-09-20;2026-09-23;2026;ba-jobsuche;;
Parfümerie Schuback GmbH;Schwäbisch Gmünd;73525;Marktplatz;BADEN_WUERTTEMBERG;Kaufmann/-frau - Einzelhandel;1;1;2026-09-20;2026-09-23;2026;ba-jobsuche;;
pro optik Augenoptik Fachgesch äft GmbH;Schwäbisch Gmünd;73525;Marktplatz;BADEN_WUERTTEMBERG;Augenoptiker/in;1;1;2026-09-20;2026-09-23;2026;ba-jobsuche;;
Ramadani, Muhamet;Schwäbisch Gmünd;73525;Bocksgasse;BADEN_WUERTTEMBERG;Zahntechniker/in;1;1;2026-09-20;2026-09-23;2026;ba-jobsuche;;
Röther Beteiligungs GmbH;Schwäbisch Gmünd;73525;;BADEN_WUERTTEMBERG;Verkäufer/in;1;1;2026-09-20;2026-09-23;2026;ba-jobsuche;;
Rüdiger Stertz Optik - Hörgeräte;Schwäbisch Gmünd;73525;Bocksgasse;BADEN_WUERTTEMBERG;Augenoptiker/in | Hörakustiker/in;2;2;2026-09-20;2026-09-23;2026;ba-jobsuche;;
Schuk Consulting GmbH;Schwäbisch Gmünd;73525;Badmauer;BADEN_WUERTTEMBERG;Personaldienstleistungskaufmann/-frau;1;1;2026-09-20;2026-09-23;2026;ba-jobsuche;;
Sparda-Bank Baden-Württemberg eG;Schwäbisch Gmünd;73525;;BADEN_WUERTTEMBERG;Bankkaufmann/-frau | Finanzassistent/in (doppelt qualifizierende Ausbildung);2;2;2026-09-20;2026-09-23;2026;ba-jobsuche;;
Stadtverwaltung Schwäbisch Gmünd;Schwäbisch Gmünd;73525;Rektor-Klaus-Straße;BADEN_WUERTTEMBERG;Erzieher/in | Fachinformatiker/in - Systemintegration | Fachkraft - Veranstaltungstechnik | Veranstaltungskaufmann/-frau | Verwaltungsfachangestellte/r - Kommunalverwaltung;5;5;2026-09-20;2026-09-23;2026;ba-jobsuche;;
Stadtwerke Schw. Gmünd GmbH;Schwäbisch Gmünd;73525;Bürgerstr.;BADEN_WUERTTEMBERG;Anlagenmechaniker/in | Elektroniker/in - Betriebstechnik | Fachinformatiker/in - Systemintegration | Industriekaufmann/-frau;4;4;2026-09-20;2026-09-23;2026;ba-jobsuche;;
Stephan Holzrichter;Schwäbisch Gmünd;73525;Kalter Markt;BADEN_WUERTTEMBERG;Medizinische/r Fachangestellte/r;1;1;2026-09-20;2026-09-23;2026;ba-jobsuche;;
tele-electric GmbH;Schwäbisch Gmünd;73525;Bocksgasse;BADEN_WUERTTEMBERG;Kaufmann/-frau - Einzelhandel;1;1;2026-09-20;2026-09-21;2026;ba-jobsuche;;
VR-Bank Ostalb eG;Schwäbisch Gmünd;73525;Ledergasse;BADEN_WUERTTEMBERG;Bankkaufmann/-frau | DHBW-Studiengang 2027: BWL-Bank;2;2;2026-09-20;2026-09-23;2026;ba-jobsuche;;
Zolynski Bauflaschnerei GmbH;Schwäbisch Gmünd;73529;Auf der Höhe;BADEN_WUERTTEMBERG;Klempner/in;1;1;2026-09-20;2026-09-23;2026;ba-jobsuche;;
GTP GUMMI-TECHNIK-PLASTIK GmbH;Schwaikheim;71409;Robert-Bosch-Str.;BADEN_WUERTTEMBERG;Kunststoff- und Kautschuktechnologe/-technologin - Formteile;1;1;2026-09-20;2026-09-23;2026;ba-jobsuche;;
Jörg Börner Steuerberater;Schwaikheim;71409;Bachstr. 21;BADEN_WUERTTEMBERG;Steuerfachangestellte/r;1;1;2026-09-20;2026-09-23;2026;ba-jobsuche;;
Messmer GmbH;Schwaikheim;71409;Klingwiesen;BADEN_WUERTTEMBERG;Stuckateur/in;1;2;2026-09-20;2026-09-23;2026;ba-jobsuche;;
Netto Marken-Discount Stiftung & Co. KG;Schwaikheim;71409;Bahnhofstr. 44;BADEN_WUERTTEMBERG;Kaufmann/-frau - Einzelhandel | Verkäufer/in;2;3;2026-09-20;2026-09-23;2026;ba-jobsuche;;
Patrick Traub Flaschnerei Traub;Schwaikheim;71409;Benzstr.;BADEN_WUERTTEMBERG;Klempner/in;1;2;2026-09-20;2026-09-23;2026;ba-jobsuche;;
proNetworks GmbH;Schwaikheim;71409;Klingwiesen;BADEN_WUERTTEMBERG;Fachinformatiker/in - Systemintegration;1;1;2026-09-20;2026-09-23;2026;ba-jobsuche;;
DSV Contract Logistics Krefeld GmbH;Schwieberdingen;71701;;BADEN_WUERTTEMBERG;Fachkraft - Lagerlogistik;1;1;2026-09-20;2026-09-23;2026;ba-jobsuche;;
DSV Stuttgart GmbH & Co.KG;Schwieberdingen;71701;;BADEN_WUERTTEMBERG;Fachkraft - Lagerlogistik | Fachlagerist/in | Kaufmann/-frau - Spedition und Logistikdienstleistung;3;3;2026-09-20;2026-09-23;2026;ba-jobsuche;;
Gemeinde Schwieberdingen Gebietskörperschaft;Schwieberdingen;71701;Schloßhof;BADEN_WUERTTEMBERG;Fachkraft - Kindertageseinrichtungen | Verwaltungsfachangestellte/r - Kommunalverwaltung;2;2;2026-09-20;2026-09-23;2026;ba-jobsuche;;
KiK Textilien und Non-Food GmbH;Schwieberdingen;71701;Stuttgarter Straße 50;BADEN_WUERTTEMBERG;Fachwirt/in - Handel (doppelt qualifizierende Ausbildung);1;1;2026-09-20;2026-09-23;2026;ba-jobsuche;;
Lidl Dienstleistung GmbH & Co. KG;Schwieberdingen;71701;Im Seelach;BADEN_WUERTTEMBERG;Fachwirt/in - Handel (doppelt qualifizierende Ausbildung) | Verkäufer/in;2;2;2026-09-20;2026-09-23;2026;ba-jobsuche;;
REWE Markt GmbH ZwNL Südwest;Schwieberdingen;71701;;BADEN_WUERTTEMBERG;Kaufmann/-frau - Einzelhandel;1;1;2026-09-20;2026-09-23;2026;ba-jobsuche;;
Robert Bosch GmbH;Schwieberdingen;71701;;BADEN_WUERTTEMBERG;Bachelor of Engineering (B.Eng.) Duales Studium Plus - Studiengang Elektrotechnik pl... / 2027_3400 | Bachelor of Engineering (B.Eng.) Duales Studium Plus - Studiengang Fahrzeugsysteme p... / 2027_3401 | Bachelor of Engineering (B.Eng.) Duales Studium Plus - Studiengang Fahrzeugtechnik pl... / 2027_337 | Bachelor of Engineering (B.Eng.) Duales Studium Plus - Studiengang Maschinenbau plus ... / 2027_345;4;4;2026-09-20;2026-09-23;2026;ba-jobsuche;;
Starkbau Stuckateurmeister- betrieb GmbH;Schwieberdingen;71701;Im Wolfsgalgen;BADEN_WUERTTEMBERG;Stuckateur/in;1;1;2026-09-20;2026-09-23;2026;ba-jobsuche;;
Aperam Stainless Services&Solutions Germany GmbH;Sersheim;74372;Dieselstraße;BADEN_WUERTTEMBERG;Maschinen- und Anlagenführer/in (ohne Angabe des Schwerpunkts);1;1;2026-09-23;2026-09-23;2026;ba-jobsuche;;
Erich Grau GmbH;Sersheim;74372;Uhlandstr.;BADEN_WUERTTEMBERG;Feinwerkmechaniker/in;1;1;2026-09-20;2026-09-23;2026;ba-jobsuche;;
Metallgiesserei Schüle GmbH;Sersheim;74372;Einsteinstr.;BADEN_WUERTTEMBERG;Gießereimechaniker/in | Industriemechaniker/in | Technische/r Modellbauer/in - Gießerei;3;3;2026-09-20;2026-09-23;2026;ba-jobsuche;;
01 Zweigart & Sawitzki GmbH & Co.KG;Sindelfingen;71063;Fronäckerstr.;BADEN_WUERTTEMBERG;Maschinen- und Anlagenführer/in - Textilveredelung | Produktionsmechaniker/in - Textil | Produktveredler/in - Textil;3;3;2026-09-20;2026-09-23;2026;ba-jobsuche;;
A.T.U Auto-Teile-Unger GmbH & Co. KG;Sindelfingen;71065;Mahdentalstraße 88;BADEN_WUERTTEMBERG;Kaufmann/-frau - Einzelhandel;1;2;2026-09-20;2026-09-23;2026;ba-jobsuche;;
Ak Schadenmanagement Lohn Aydemir;Sindelfingen;71067;Nikolaus-Lenau-Platz;BADEN_WUERTTEMBERG;Kaufmann/-frau - Büromanagement;1;1;2026-09-20;2026-09-23;2026;ba-jobsuche;;
Akkodis Germany Consulting GmbH;Sindelfingen;;;BADEN_WUERTTEMBERG;Technische/r Produktdesigner/in - Maschinen- und Anlagenkonstruktion;1;1;2026-09-20;2026-09-23;2026;ba-jobsuche;;
ALDI SÜD Dienstleistungs- SE & Co. oHG;Sindelfingen;71063;;BADEN_WUERTTEMBERG;Verkäufer/in;1;2;2026-09-20;2026-09-23;2026;ba-jobsuche;;
Auto-Dienst Pflieger GmbH & Co. KG;Sindelfingen;71065;;BADEN_WUERTTEMBERG;Kraftfahrzeugmechatroniker/in - Personenkraftwagentechnik;1;1;2026-09-20;2026-09-23;2026;ba-jobsuche;;
AVF Allgemeine Versicherungs- und Finanzvermittlungs GmbH;Sindelfingen;71063;Bahnhofstr.;BADEN_WUERTTEMBERG;Kaufmann/-frau - Büromanagement;1;1;2026-09-20;2026-09-23;2026;ba-jobsuche;;
B.O.C. Bike & Outdoor Company GmbH & Co. KG;Sindelfingen;;;BADEN_WUERTTEMBERG;Zweiradmechatroniker/in - Fahrradtechnik;1;1;2026-09-20;2026-09-23;2026;ba-jobsuche;;
Bächle Sindelfingen;Sindelfingen;71063;Planiestr.;BADEN_WUERTTEMBERG;Orthopädieschuhmacher/in | Verkäufer/in;2;2;2026-09-20;2026-09-23;2026;ba-jobsuche;;
Bodystreet GmbH;Sindelfingen;71063;;BADEN_WUERTTEMBERG;Sport- und Fitnesskaufmann/-frau;1;1;2026-09-20;2026-09-23;2026;ba-jobsuche;;
Dehner Gartencenter GmbH & Co. KG;Sindelfingen;71065;Eschenbrünnlestrasse;BADEN_WUERTTEMBERG;Kaufmann/-frau - Einzelhandel;1;1;2026-09-20;2026-09-23;2026;ba-jobsuche;;
Deichmann SE;Sindelfingen;71065;;BADEN_WUERTTEMBERG;Duales Studium BWL (B.A.) Schwerpunkt Handelsmanagement - Studierende (m/w/d), Großraum Sindelfingen;1;1;2026-09-20;2026-09-23;2026;ba-jobsuche;;
Derichsweiler Umzüge Lagerung Services GmbH & Co. KG;Sindelfingen;71063;Kolumbusstr.;BADEN_WUERTTEMBERG;Fachkraft - Möbel-, Küchen- und Umzugsservice | Kaufmann/-frau - Spedition und Logistikdienstleistung;2;3;2026-09-20;2026-09-23;2026;ba-jobsuche;;
Deutsche Telekom AG;Sindelfingen;71065;;BADEN_WUERTTEMBERG;Kaufmann/-frau - Einzelhandel;1;1;2026-09-20;2026-09-23;2026;ba-jobsuche;;
dias DickmannI.u.Anl.ServGmbH;Sindelfingen;71063;Kolumbusstr.;BADEN_WUERTTEMBERG;Gebäudereiniger/in;1;1;2026-09-20;2026-09-23;2026;ba-jobsuche;;
dm-drogerie markt GmbH + Co.KG;Sindelfingen;71065;Tilsiter Straße 15;BADEN_WUERTTEMBERG;Drogist/in | Duales Studium BWL-Handel (B. A.) 2027 in 71065 Sindelfingen;2;3;2026-09-20;2026-09-23;2026;ba-jobsuche;;
Dr. Alexander Breier Fachzahnarzt für Oralchirurgie;Sindelfingen;71069;Berliner Str.;BADEN_WUERTTEMBERG;Zahnmedizinische/r Fachangestellte/r;1;1;2026-09-20;2026-09-23;2026;ba-jobsuche;;
Dr. Alexander Schorm;Sindelfingen;71069;Brühlstr.;BADEN_WUERTTEMBERG;Zahnmedizinische/r Fachangestellte/r;1;1;2026-09-20;2026-09-23;2026;ba-jobsuche;;
Dr. Ellebracht;Sindelfingen;71063;Planiestr.;BADEN_WUERTTEMBERG;Zahnmedizinische/r Fachangestellte/r;1;1;2026-09-20;2026-09-23;2026;ba-jobsuche;;
Dr. Emad Hakim Facharzt für Kieferorthopädie;Sindelfingen;71063;Bahnhofstr.;BADEN_WUERTTEMBERG;Zahnmedizinische/r Fachangestellte/r;1;1;2026-09-20;2026-09-23;2026;ba-jobsuche;;
Dr. Guido Rentschler Dr. Daniela Zimmermann;Sindelfingen;71063;Ziegelstr.;BADEN_WUERTTEMBERG;Zahnmedizinische/r Fachangestellte/r;1;1;2026-09-20;2026-09-23;2026;ba-jobsuche;;
Dr. Mareike Lang;Sindelfingen;71069;Karlstraße;BADEN_WUERTTEMBERG;Zahnmedizinische/r Fachangestellte/r;1;1;2026-09-20;2026-09-23;2026;ba-jobsuche;;
Dr. med. dent. Petra Fresser;Sindelfingen;71069;Zeppelinstr.;BADEN_WUERTTEMBERG;Zahnmedizinische/r Fachangestellte/r;1;1;2026-09-20;2026-09-23;2026;ba-jobsuche;;
Dr.med.dent. Sedat Acmaz;Sindelfingen;71063;Mercedesstr.;BADEN_WUERTTEMBERG;Zahnmedizinische/r Fachangestellte/r;1;1;2026-09-20;2026-09-23;2026;ba-jobsuche;;
DRK Altenpflegeheim gGmbH;Sindelfingen;71065;Wilhelm-Haspel-Str.;BADEN_WUERTTEMBERG;Altenpflegehelfer/in | Pflegefachmann/-frau (Ausbildung);2;2;2026-09-20;2026-09-23;2026;ba-jobsuche;;
DRK Deutsches Rotes Kreuz Kreisverband Böblingen e.V;Sindelfingen;71063;Umberto-Nobile-Str.;BADEN_WUERTTEMBERG;Duales Studium: BWL-Dienstleistungsmanagement für Non-Profit-Organisationen;1;1;2026-09-20;2026-09-23;2026;ba-jobsuche;;
E. Breuninger GmbH & Co. OHG HR Services;Sindelfingen;71065;Tilsiter Str.;BADEN_WUERTTEMBERG;Friseur/in;1;1;2026-09-20;2026-09-23;2026;ba-jobsuche;;
EDEKA;Sindelfingen;71065;;BADEN_WUERTTEMBERG;Fleischer/in;1;1;2026-09-21;2026-09-23;2026;ba-jobsuche;;
EDEKA Südwest Stiftung & Co. KG;Sindelfingen;71065;Tilsiter Str. 15;BADEN_WUERTTEMBERG;Fachverkäufer/in - Lebensmittelhandwerk (Bäckerei) | Fachverkäufer/in - Lebensmittelhandwerk (Fleischerei) | Fachwirt/in - Handel (doppelt qualifizierende Ausbildung) | Fleischer/in | Kaufmann/-frau - Einzelhandel | Verkäufer/in;6;10;2026-09-20;2026-09-23;2026;ba-jobsuche;;
Elektro Steckroth Gebäudetechnik GmbH;Sindelfingen;71067;Donauschwabenstr.;BADEN_WUERTTEMBERG;Elektroniker/in - Energie- und Gebäudetechnik;1;1;2026-09-20;2026-09-23;2026;ba-jobsuche;;
Evangelischer Diakonieverein Sindelfingen e.V. Altenpflegeheim;Sindelfingen;71065;Burghaldenstr.;BADEN_WUERTTEMBERG;Pflegefachmann/-frau (Ausbildung);1;1;2026-09-20;2026-09-23;2026;ba-jobsuche;;
Fielmann AG;Sindelfingen;71063;;BADEN_WUERTTEMBERG;Augenoptiker/in;1;1;2026-09-20;2026-09-23;2026;ba-jobsuche;;
Frank Bäckerei & Konditorei;Sindelfingen;71069;Laurentiusstr.;BADEN_WUERTTEMBERG;Bäcker/in | Fachverkäufer/in - Lebensmittelhandwerk (Bäckerei);2;2;2026-09-20;2026-09-23;2026;ba-jobsuche;;
froherzahn Dr. Altvater/Dr. Schwarzmaier;Sindelfingen;71069;Sindelfinger Str.;BADEN_WUERTTEMBERG;Zahnmedizinische/r Fachangestellte/r;1;1;2026-09-20;2026-09-23;2026;ba-jobsuche;;
GEERS (Sonova Retail Deutschland GmbH);Sindelfingen;71063;Untere Vorstadt;BADEN_WUERTTEMBERG;Hörakustiker/in;1;1;2026-09-20;2026-09-23;2026;ba-jobsuche;;
Heinrich Schmid GmbH & Co. KG;Sindelfingen;71069;Am Buchental 10;BADEN_WUERTTEMBERG;Duales Studium zum Bachelor of Engineering - Bauingenieurwesen für 2027 (m/w/d) | Duales Studium zum Bachelor of Engineering - Wirtschaftsingenieurwesen für 2027 (m/w/d) | Maler/in und Lackierer/in - Gestaltung und Instandhaltung | Trockenbaumonteur/in;4;4;2026-09-20;2026-09-23;2026;ba-jobsuche;;
HELMUT FISCHER GMBH;Sindelfingen;71069;Industriestraße 21;BADEN_WUERTTEMBERG;Industriekaufmann/-frau;1;1;2026-09-20;2026-09-23;2026;ba-jobsuche;;
Hofmeister;Sindelfingen;71065;;BADEN_WUERTTEMBERG;Fachkraft - Gastronomie | Fachkraft - Lagerlogistik | Kaufmann/-frau - Einzelhandel;3;3;2026-09-20;2026-09-23;2026;ba-jobsuche;;
Hofmeister Gastro GmbH & Co. KG;Sindelfingen;71065;Eschenbrünnlestr.;BADEN_WUERTTEMBERG;Koch/Köchin;1;1;2026-09-20;2026-09-23;2026;ba-jobsuche;;
Hofmeister Sindelfingen GmbH & Co. KG;Sindelfingen;71065;Eschenbrünnlestr.;BADEN_WUERTTEMBERG;Fachlagerist/in | Fachmann/-frau - Systemgastronomie | Kaufmann/-frau - Einzelhandel;3;3;2026-09-20;2026-09-23;2026;ba-jobsuche;;
HORNBACH Baumarkt AG Zentralverwaltung;Sindelfingen;71065;Boeblinger Strasse;BADEN_WUERTTEMBERG;Kaufmann/-frau - Einzelhandel | Verkäufer/in;2;2;2026-09-20;2026-09-23;2026;ba-jobsuche;;
Hornikel Gerüstbau und Stuckateur GmbH;Sindelfingen;71063;Fronäckerstr.;BADEN_WUERTTEMBERG;Stuckateur/in;1;1;2026-09-20;2026-09-23;2026;ba-jobsuche;;
Hotelbetriebs GmbH Hotel Erikson;Sindelfingen;71063;Ha-Martin-Schleyer-Str;BADEN_WUERTTEMBERG;Fachkraft - Gastronomie | Fachkraft - Küche | Fachmann/-frau - Restaurants und Veranstaltungsgastronomie | Hotelfachmann/-frau | Koch/Köchin;5;5;2026-09-20;2026-09-23;2026;ba-jobsuche;;
Kaufland;Sindelfingen;71065;;BADEN_WUERTTEMBERG;Fachwirt/in - Handel (doppelt qualifizierende Ausbildung) | Verkäufer/in;2;2;2026-09-20;2026-09-23;2026;ba-jobsuche;;
Kaufland Dienstleistung GmbH & Co. KG;Sindelfingen;71065;Schwertstraße;BADEN_WUERTTEMBERG;Verkäufer/in;1;1;2026-09-20;2026-09-23;2026;ba-jobsuche;;
Khaiman und Tanriverdi EHO GbR;Sindelfingen;71063;Benzstr.;BADEN_WUERTTEMBERG;Fachmann/-frau - Systemgastronomie;1;1;2026-09-20;2026-09-23;2026;ba-jobsuche;;
Kieferorthopädie Hans Peter Herrmann und Britta Barmé;Sindelfingen;71063;Rathausplatz;BADEN_WUERTTEMBERG;Zahnmedizinische/r Fachangestellte/r;1;1;2026-09-20;2026-09-23;2026;ba-jobsuche;;
KiK Textilien und Non-Food GmbH;Sindelfingen;71063;Mercedesstraße 12;BADEN_WUERTTEMBERG;Fachwirt/in - Handel (doppelt qualifizierende Ausbildung) | Kaufmann/-frau - Einzelhandel | Verkäufer/in;3;3;2026-09-20;2026-09-23;2026;ba-jobsuche;;
Kistler Instrumente GmbH;Sindelfingen;71063;Umberto-Nobile-Str.;BADEN_WUERTTEMBERG;Elektroniker/in - Geräte und Systeme | Industriekaufmann/-frau;2;2;2026-09-20;2026-09-23;2026;ba-jobsuche;;
Klein Consulting Inh. Andreas Klein e.Kfm.;Sindelfingen;;;BADEN_WUERTTEMBERG;Sport- und Fitnesskaufmann/-frau;1;1;2026-09-20;2026-09-23;2026;ba-jobsuche;;
Klinikverbund Südwest;Sindelfingen;71065;Arthur-Gruber-Str.;BADEN_WUERTTEMBERG;Bachelor of Science Pflege ab 1.10.26 | Duales Studium Physician Assistant  (m/w/d) ab 01.10.2026 | Gesundheits- und Krankenpflegehelfer/in | Medizinische/r Technologe/Technologin - Radiologie | Pflegefachmann/-frau (Ausbildung);5;6;2026-09-20;2026-09-23;2026;ba-jobsuche;;
KMZ Treuhand GmbH Abteilung WZ;Sindelfingen;71063;Amundsenstr.;BADEN_WUERTTEMBERG;Duales Studium RSW Steuern und Prüfungswesen (m/w/d) 2027 | Duales Studium RSW Wirtschaftsprüfung (m/w/d) 2027 | Steuerfachangestellte/r;3;3;2026-09-20;2026-09-23;2026;ba-jobsuche;;
Kömpf Baufachmarkt GmbH;Sindelfingen;71069;Mühlackerstr.;BADEN_WUERTTEMBERG;Kaufmann/-frau - Einzelhandel | Kaufmann/-frau - Groß- und Außenhandelsmanagement (Großhandel);2;3;2026-09-20;2026-09-23;2026;ba-jobsuche;;
KONZMANN GmbH;Sindelfingen;71063;;BADEN_WUERTTEMBERG;Duales Studium Versorgungs- und Energiemanagement (m/w/d) | Technische/r Systemplaner/in - Versorgungs- und Ausrüstungstechnik;2;2;2026-09-20;2026-09-23;2026;ba-jobsuche;;
Körner GmbH;Sindelfingen;71069;Ulmenstr.;BADEN_WUERTTEMBERG;Stuckateur/in;1;1;2026-09-20;2026-09-23;2026;ba-jobsuche;;
Kuhn Decker GmbH & Co. KG;Sindelfingen;71063;Obere Vorstadt;BADEN_WUERTTEMBERG;Bautechnische/r Konstrukteur/in - Architektur;1;1;2026-09-20;2026-09-23;2026;ba-jobsuche;;
Landkreis Böblingen;Sindelfingen;71067;Sommerhofenstraße 101;BADEN_WUERTTEMBERG;Fachangestellte/r - Arbeitsmarktdienstleistungen;1;1;2026-09-20;2026-09-23;2026;ba-jobsuche;;
Leonhardt Akustik Holger Leonhardt;Sindelfingen;71063;Untere Vorstadt;BADEN_WUERTTEMBERG;Hörakustiker/in;1;2;2026-09-20;2026-09-23;2026;ba-jobsuche;;
Lidl Dienstleistung GmbH & Co. KG;Sindelfingen;71065;Mahdentalstraße;BADEN_WUERTTEMBERG;Fachwirt/in - Handel (doppelt qualifizierende Ausbildung) | Verkäufer/in;2;4;2026-09-20;2026-09-23;2026;ba-jobsuche;;
Mario Schneider;Sindelfingen;71063;Ziegelstr.;BADEN_WUERTTEMBERG;Schornsteinfeger/in;1;1;2026-09-20;2026-09-23;2026;ba-jobsuche;;
Martin Ruoff Bäckerei;Sindelfingen;71069;Friedenstr.;BADEN_WUERTTEMBERG;Fachverkäufer/in - Lebensmittelhandwerk (Bäckerei);1;1;2026-09-20;2026-09-23;2026;ba-jobsuche;;
Media Markt Sindelfingen TV-HiFi-Elektro GmbH;Sindelfingen;71065;Tilsiter Str.;BADEN_WUERTTEMBERG;Kaufmann/-frau - Einzelhandel;1;1;2026-09-20;2026-09-23;2026;ba-jobsuche;;
Mercedes-Benz Group AG;Sindelfingen;71063;;BADEN_WUERTTEMBERG;Duales Studium (m/w/d) | Elektroniker/in - Automatisierungstechnik | Fachinformatiker/in - Digitale Vernetzung | Fachpraktiker/in für Metalltechnik (§66 BBiG/§42r HwO) | Fahrzeuginterieur-Mechaniker/in | Konstruktionsmechaniker/in | Kraftfahrzeugmechatroniker/in - System- und Hochvolttechnik | Mechatroniker/in | Verfahrensmechaniker/in - Beschichtungstechnik | Werkzeugmechaniker/in;10;18;2026-09-20;2026-09-23;2026;ba-jobsuche;;
Multimediafriseur Peter Nill;Sindelfingen;71069;Sindelfinger Str.;BADEN_WUERTTEMBERG;Friseur/in;1;1;2026-09-20;2026-09-23;2026;ba-jobsuche;;
Netto Marken-Discount Stiftung & Co. KG;Sindelfingen;71063;Mercedesstr. 5/1;BADEN_WUERTTEMBERG;Kaufmann/-frau - Einzelhandel | Verkäufer/in;2;6;2026-09-20;2026-09-23;2026;ba-jobsuche;;
Odyssey Stuttgart Sindelfingen GmbH;Sindelfingen;71065;Mahdentalstr.;BADEN_WUERTTEMBERG;Hotelfachmann/-frau | Koch/Köchin;2;2;2026-09-20;2026-09-23;2026;ba-jobsuche;;
Optiker Mezger Inh. Henning Mezger;Sindelfingen;71063;Planiestr.;BADEN_WUERTTEMBERG;Augenoptiker/in;1;2;2026-09-20;2026-09-23;2026;ba-jobsuche;;
Parfümerie Douglas Deutschland GmbH;Sindelfingen;71065;;BADEN_WUERTTEMBERG;Kaufmann/-frau - Einzelhandel;1;1;2026-09-20;2026-09-23;2026;ba-jobsuche;;
Paul Wilhelm von Keppler-Stiftung;Sindelfingen;71063;Warmbronner Straße 20;BADEN_WUERTTEMBERG;Pflegefachmann/-frau (Ausbildung);1;1;2026-09-20;2026-09-23;2026;ba-jobsuche;;
Praxis für Mund-, Kiefer- und Plastische Gesichtschirurgie;Sindelfingen;71063;Bahnhofstr. 16/1;BADEN_WUERTTEMBERG;Zahnmedizinische/r Fachangestellte/r;1;1;2026-09-20;2026-09-23;2026;ba-jobsuche;;
Rechtsanwalt Chris Mohr;Sindelfingen;71063;Fronäckerstr.;BADEN_WUERTTEMBERG;Rechtsanwaltsfachangestellte/r;1;1;2026-09-20;2026-09-23;2026;ba-jobsuche;;
Rhine Stuttgart Bristol Opco GmbH - Mercure Sindelfingen an der Messe;Sindelfingen;71065;;BADEN_WUERTTEMBERG;Hotelfachmann/-frau;1;1;2026-09-20;2026-09-23;2026;ba-jobsuche;;
Roberto Pianu Stylisten;Sindelfingen;71063;Obere Vorstadt;BADEN_WUERTTEMBERG;Friseur/in;1;1;2026-09-20;2026-09-23;2026;ba-jobsuche;;
Röhm Buch und Büro GmbH;Sindelfingen;71063;Marktplatz;BADEN_WUERTTEMBERG;Buchhändler/in;1;1;2026-09-20;2026-09-23;2026;ba-jobsuche;;
Rudolf Fritz GmbH;Sindelfingen;71065;Tilsiter Straße;BADEN_WUERTTEMBERG;Elektroniker/in - Energie- und Gebäudetechnik;1;1;2026-09-20;2026-09-23;2026;ba-jobsuche;;
Sindelfinger Buchführungsgesellschaft mbH;Sindelfingen;71063;Amundsenstr.;BADEN_WUERTTEMBERG;Kaufmann/-frau - Büromanagement;1;1;2026-09-20;2026-09-23;2026;ba-jobsuche;;
Software-Express GmbH & Co. KG;Sindelfingen;71063;Grabenstr.;BADEN_WUERTTEMBERG;Kaufmann/-frau - Digitalisierungsmanagement | Kaufmann/-frau - IT-System-Management;2;2;2026-09-20;2026-09-23;2026;ba-jobsuche;;
Sporthaus Klotz GmbH;Sindelfingen;71063;Wettbachstr.;BADEN_WUERTTEMBERG;Kaufmann/-frau - Einzelhandel;1;1;2026-09-20;2026-09-23;2026;ba-jobsuche;;
Stadtverwaltung Sindelfingen Hauptamt;Sindelfingen;71063;Rathausplatz 1;BADEN_WUERTTEMBERG;Fachangestellte/r - Bäderbetriebe | Sozialpädagogische/r Assistent/in / Kinderpfleger/in | Verwaltungsfachangestellte/r - Kommunalverwaltung;3;3;2026-09-20;2026-09-23;2026;ba-jobsuche;;
STRABAG GmbH;Sindelfingen;71069;Maybachstraße;BADEN_WUERTTEMBERG;Baugeräteführer/in | Duales Studium 2026 - Bauingenieurwesen, Projektmanagement-Tiefbau | Straßenbauer/in | Tiefbaufacharbeiter/in - Straßenbauarbeiten;4;4;2026-09-20;2026-09-23;2026;ba-jobsuche;;
Tea Papounidou Zahnärztin;Sindelfingen;71063;Vaihinger Str.;BADEN_WUERTTEMBERG;Zahnmedizinische/r Fachangestellte/r;1;1;2026-09-20;2026-09-23;2026;ba-jobsuche;;
Trölsch GmbH Sindelfingen;Sindelfingen;71065;Tilsiter Str.;BADEN_WUERTTEMBERG;Bäcker/in | Fachmann/-frau - Systemgastronomie | Fachverkäufer/in - Lebensmittelhandwerk (Bäckerei) | Konditor/in;4;4;2026-09-20;2026-09-23;2026;ba-jobsuche;;
Veile Timo;Sindelfingen;71069;Am Buchental;BADEN_WUERTTEMBERG;Anlagenmechaniker/in - Sanitär-, Heizungs- und Klimatechnik;1;1;2026-09-20;2026-09-23;2026;ba-jobsuche;;
Z. Zogjani GmbH;Sindelfingen;71069;Nikolaus-Otto-Str.;BADEN_WUERTTEMBERG;Beton- und Stahlbetonbauer/in;1;1;2026-09-20;2026-09-23;2026;ba-jobsuche;;
Zeile Kältetechnik GmbH;Sindelfingen;71063;Wegenerstr.;BADEN_WUERTTEMBERG;Mechatroniker/in - Kältetechnik;1;1;2026-09-20;2026-09-23;2026;ba-jobsuche;;
BFR Spiegelberg GmbH;Spiegelberg, Württemberg;71579;An der Lauter;BADEN_WUERTTEMBERG;Pflegefachmann/-frau (Ausbildung);1;1;2026-09-20;2026-09-23;2026;ba-jobsuche;;
ForstBW AöR Zentrale;Spiegelberg, Württemberg;71579;Warthof;BADEN_WUERTTEMBERG;Forstwirt/in;1;1;2026-09-20;2026-09-23;2026;ba-jobsuche;;
Dr. Mihai Dusiu;Spraitbach;73565;Höniger Str.;BADEN_WUERTTEMBERG;Zahnmedizinische/r Fachangestellte/r;1;1;2026-09-20;2026-09-23;2026;ba-jobsuche;;
HKR-Werkzeugtechnik GmbH;Spraitbach;73565;Eugen-Hahn-Str.;BADEN_WUERTTEMBERG;Werkzeugmechaniker/in;1;1;2026-09-20;2026-09-23;2026;ba-jobsuche;;
Holzofen-Bäckerei Ecker Inhaber Alexander Jaekel e.Kfm.;Spraitbach;73565;;BADEN_WUERTTEMBERG;Fachverkäufer/in - Lebensmittelhandwerk (Bäckerei);1;2;2026-09-21;2026-09-23;2026;ba-jobsuche;;
Joos MSR GmbH;Spraitbach;73565;Eugen-Hahn-Str.;BADEN_WUERTTEMBERG;Elektroniker/in - Energie- und Gebäudetechnik;1;1;2026-09-20;2026-09-23;2026;ba-jobsuche;;
Netto Marken-Discount Stiftung & Co. KG;Spraitbach;73565;Mutlanger Str. 49;BADEN_WUERTTEMBERG;Kaufmann/-frau - Einzelhandel | Verkäufer/in;2;3;2026-09-20;2026-09-23;2026;ba-jobsuche;;
ALDI SÜD Dienstleistungs- SE & Co. oHG;Steinenbronn, Württemberg;71144;;BADEN_WUERTTEMBERG;Verkäufer/in;1;1;2026-09-20;2026-09-23;2026;ba-jobsuche;;
Bäckerei und Konditorei Treiber GmbH;Steinenbronn, Württemberg;71144;Gottlieb-Daimler-Str.;BADEN_WUERTTEMBERG;Bäcker/in | Fachverkäufer/in - Lebensmittelhandwerk (Bäckerei) | Konditor/in;3;3;2026-09-20;2026-09-23;2026;ba-jobsuche;;
HOEFGEN Sonnen- und Blendschutz GmbH;Steinenbronn, Württemberg;71144;Im Maurer;BADEN_WUERTTEMBERG;Rollladen- und Sonnenschutzmechatroniker/in;1;1;2026-09-20;2026-09-23;2026;ba-jobsuche;;
Schreibwaren Gräther;Steinenbronn, Württemberg;71144;Stuttgarter Str.;BADEN_WUERTTEMBERG;Verkäufer/in;1;1;2026-09-20;2026-09-23;2026;ba-jobsuche;;
Telegärtner Karl Gärtner GmbH;Steinenbronn, Württemberg;71144;Lerchenstraße 35;BADEN_WUERTTEMBERG;Industriekaufmann/-frau;1;1;2026-09-20;2026-09-23;2026;ba-jobsuche;;
Wolfgang Walz Heizungsbau;Steinenbronn, Württemberg;71144;Nelkenweg;BADEN_WUERTTEMBERG;Kaufmann/-frau - Büromanagement;1;1;2026-09-20;2026-09-23;2026;ba-jobsuche;;
Zephir GmbH Kälte- Klima- Wärmetechnik;Steinenbronn, Württemberg;71144;Lerchenstr.;BADEN_WUERTTEMBERG;Mechatroniker/in - Kältetechnik;1;1;2026-09-20;2026-09-23;2026;ba-jobsuche;;
ALDI SÜD Dienstleistungs- SE & Co. oHG;Steinheim an der Murr;71711;;BADEN_WUERTTEMBERG;Verkäufer/in;1;1;2026-09-20;2026-09-23;2026;ba-jobsuche;;
Auto + Zweirad Renz OHG;Steinheim an der Murr;71711;Rielingshäuser Str.;BADEN_WUERTTEMBERG;Kraftfahrzeugmechatroniker/in - System- und Hochvolttechnik | Zweiradmechatroniker/in - Fahrradtechnik;2;2;2026-09-20;2026-09-23;2026;ba-jobsuche;;
Dr. Olga Hirschfeld-Kroll Zahnärztin;Steinheim an der Murr;71711;Marktstr. 24;BADEN_WUERTTEMBERG;Zahnmedizinische/r Fachangestellte/r;1;1;2026-09-20;2026-09-23;2026;ba-jobsuche;;
Dr. Wolfgang Fruh;Steinheim an der Murr;71711;Kleinbottwarer Str.;BADEN_WUERTTEMBERG;Zahnmedizinische/r Fachangestellte/r;1;1;2026-09-20;2026-09-23;2026;ba-jobsuche;;
Fröscher GmbH & Co. KG;Steinheim an der Murr;71711;Bahnhofstr.;BADEN_WUERTTEMBERG;Holzmechaniker/in - Herstellen von Möbeln und Innenausbauteilen | Industriekaufmann/-frau | Technische/r Produktdesigner/in - Produktgestaltung und -konstruktion;3;5;2026-09-20;2026-09-23;2026;ba-jobsuche;;
Heilbronn;Steinheim an der Murr;71711;Steinbeisstraße;BADEN_WUERTTEMBERG;Friseur/in;1;1;2026-09-20;2026-09-23;2026;ba-jobsuche;;
Hörner Präzisionsmechanik GmbH;Steinheim an der Murr;71711;Autenbachstr.;BADEN_WUERTTEMBERG;Feinwerkmechaniker/in | Kaufmann/-frau - Büromanagement;2;2;2026-09-20;2026-09-23;2026;ba-jobsuche;;
Immergrün GmbH;Steinheim an der Murr;71711;Kreuzwegäcker;BADEN_WUERTTEMBERG;Gärtner/in - Garten- und Landschaftsbau;1;1;2026-09-20;2026-09-23;2026;ba-jobsuche;;
Kaufland;Steinheim an der Murr;71711;;BADEN_WUERTTEMBERG;Bankkaufmann/-frau | Fachwirt/in - Handel (doppelt qualifizierende Ausbildung) | Verkäufer/in;3;3;2026-09-20;2026-09-23;2026;ba-jobsuche;;
Kaufland Dienstleistung GmbH & Co. KG;Steinheim an der Murr;71711;Steinbeisstraße;BADEN_WUERTTEMBERG;Duales Studium BWL Handel - Filiale (B.A.) 2027 | Verkäufer/in;2;2;2026-09-20;2026-09-23;2026;ba-jobsuche;;
Mannsperger Möbel+Raumdesign.e.K.;Steinheim an der Murr;71711;Hohe Str.;BADEN_WUERTTEMBERG;Tischler/in;1;1;2026-09-20;2026-09-23;2026;ba-jobsuche;;
MHF Martin Halbgewachs GmbH & Co. KG;Steinheim an der Murr;71711;Kreuzwegäcker;BADEN_WUERTTEMBERG;Feinwerkmechaniker/in;1;1;2026-09-20;2026-09-23;2026;ba-jobsuche;;
NORMA Lebensmittelfilialbetrieb Stiftung & Co. KG;Steinheim an der Murr;71711;;BADEN_WUERTTEMBERG;Kaufmann/-frau - Einzelhandel | Verkäufer/in;2;2;2026-09-20;2026-09-23;2026;ba-jobsuche;;
Sanitäre Installation Daunquart GbR;Steinheim an der Murr;71711;Friedrichstr.;BADEN_WUERTTEMBERG;Anlagenmechaniker/in - Sanitär-, Heizungs- und Klimatechnik | Klempner/in;2;2;2026-09-20;2026-09-23;2026;ba-jobsuche;;
Weingut Graf Adelmann GmbH & Co. KG;Steinheim an der Murr;71711;Schloß Schaubeck;BADEN_WUERTTEMBERG;Winzer/in;1;1;2026-09-20;2026-09-23;2026;ba-jobsuche;;
- BG ETEM - Berufsgenossenschaft Energie Textil Elektro Medienerzeugnisse;Stuttgart;70173;;BADEN_WUERTTEMBERG;Duales Studium Gesetzliche Unfallversicherung (B.A.), Bereich Rehabilitation und (m/w/d);1;1;2026-09-20;2026-09-23;2026;ba-jobsuche;;
a. hartrodt Deutschland (GmbH & Co.) KG Stuttgart;Stuttgart;70629;Luftfrachtzentrum;BADEN_WUERTTEMBERG;Kaufmann/-frau - Spedition und Logistikdienstleistung;1;1;2026-09-20;2026-09-23;2026;ba-jobsuche;;
A.T.U Auto-Teile-Unger GmbH & Co. KG;Stuttgart;70378;Aldinger Straße 50;BADEN_WUERTTEMBERG;Kraftfahrzeugmechatroniker/in - Personenkraftwagentechnik;1;4;2026-09-20;2026-09-23;2026;ba-jobsuche;;
ADS Allg Deutsche Steuerberatung mbH;Stuttgart;70499;Hemminger Straße;BADEN_WUERTTEMBERG;Steuerfachangestellte/r;1;1;2026-09-20;2026-09-23;2026;ba-jobsuche;;
ALDI SÜD Dienstleistungs- SE & Co. oHG;Stuttgart;70374;;BADEN_WUERTTEMBERG;Verkäufer/in;1;19;2026-09-20;2026-09-23;2026;ba-jobsuche;;
Allianz Deutschland AG;Stuttgart;70565;;BADEN_WUERTTEMBERG;Ausbildung 2027 - Duales Studium BWL - Risk and Insurance Management (m/w/d) | Ausbildung 2027 - Duales Studium BWL / Food Management (m/w/d) | Kaufmann/-frau - Büromanagement | Kaufmann/-frau - Versicherungen und Finanzanlagen | Koch/Köchin | Master 2027 - Duales Studium Wirtschaftsmathematiker (m/w/d);6;8;2026-09-20;2026-09-23;2026;ba-jobsuche;;
Amplifon;Stuttgart;70178;;BADEN_WUERTTEMBERG;Hörakustiker/in;1;1;2026-09-21;2026-09-23;2026;ba-jobsuche;;
Amtsgericht Stuttgart -Ausbildungszentrum-;Stuttgart;70190;Hauffstr.;BADEN_WUERTTEMBERG;Justizfachangestellte/r;1;2;2026-09-20;2026-09-23;2026;ba-jobsuche;;
Andreas Mayer;Stuttgart;70176;Lindenspürstr.;BADEN_WUERTTEMBERG;Zahntechniker/in;1;1;2026-09-20;2026-09-23;2026;ba-jobsuche;;
Aon Versicherungsmakler Deutschland GmbH;Stuttgart;70173;;BADEN_WUERTTEMBERG;Bankkaufmann/-frau | Kaufmann/-frau - Versicherungen und Finanzanlagen;2;3;2026-09-20;2026-09-23;2026;ba-jobsuche;;
Apotheke am Rotebühlplatz;Stuttgart;70178;Marienstr.;BADEN_WUERTTEMBERG;Pharmazeutisch-kaufmännische/r Angestellte/r;1;1;2026-09-20;2026-09-23;2026;ba-jobsuche;;
Arbeiter-Samariter-Bund BW e.V. Region Stuttgart;Stuttgart;70191;Birkenwaldstr.;BADEN_WUERTTEMBERG;Pflegefachmann/-frau (Ausbildung);1;1;2026-09-20;2026-09-23;2026;ba-jobsuche;;
Audi Stuttgart GmbH;Stuttgart;70469;Heilbronner Straße 340;BADEN_WUERTTEMBERG;Automobilkaufmann/-frau | Karosserie- und Fahrzeugbaumechaniker/in - Karosserie- und Fahrzeugbautechnik | Kaufmann/-frau - Einzelhandel | Kaufmann/-frau - Marketingkommunikation | Kraftfahrzeugmechatroniker/in - Personenkraftwagentechnik;5;5;2026-09-20;2026-09-23;2026;ba-jobsuche;;
AUREN personal GmbH;Stuttgart;70178;Rotebühlplatz;BADEN_WUERTTEMBERG;Kaufmann/-frau - Büromanagement | Personaldienstleistungskaufmann/-frau;2;2;2026-09-20;2026-09-23;2026;ba-jobsuche;;
auric Hörcenter Stuttgart-Bad Cannstatt GmbH&Co.KG;Stuttgart;70372;Marktstr.;BADEN_WUERTTEMBERG;Hörakustiker/in;1;1;2026-09-20;2026-09-23;2026;ba-jobsuche;;
Bäckerei - Konditorei Voß GmbH;Stuttgart;70188;Franz-Wachter-Str.;BADEN_WUERTTEMBERG;Bäcker/in;1;2;2026-09-20;2026-09-23;2026;ba-jobsuche;;
Bäckerei Böhm GmbH;Stuttgart;70437;Wallensteinstr.;BADEN_WUERTTEMBERG;Fachverkäufer/in - Lebensmittelhandwerk (Bäckerei);1;1;2026-09-20;2026-09-23;2026;ba-jobsuche;;
Baden-Württembergischer G V Genossenschaftsverband e.V. O_2458BU_0001;Stuttgart;70191;Heilbronner Str. 41;BADEN_WUERTTEMBERG;Bankkaufmann/-frau | Dualen Studenten (m/w/d) RSW Wirtschaftsprüfung Bereich Genossenschaftsbanken | Dualen Studenten (m/w/d) RSW Wirtschaftsprüfung Bereich Waren- und Dienstleistungsgenossenschaften | Dualen Studenten (m/w/d) RSW Wirtschaftsprüfung Prüfung Waren- und Dienstleistungsgenossenschaften;4;5;2026-09-20;2026-09-23;2026;ba-jobsuche;;
BAG Dres Stihler Hoffmann Deeg Schlegel Würtenberger Thaher und Partner;Stuttgart;70190;Werderstr.;BADEN_WUERTTEMBERG;Medizinische/r Fachangestellte/r;1;1;2026-09-20;2026-09-23;2026;ba-jobsuche;;
Baker Tilly Holding GmbH Wirtschaftsprüfungs- gesellschaft;Stuttgart;70173;Kronprinzstraße;BADEN_WUERTTEMBERG;Duales Studium Öffentliche Wirtschaft B.A. (m/w/d) – Schwerpunkt Versorgungswirtschaft // Stuttgart | Duales Studium Wirtschaftsinformatik - IT Risikomanagement & Auditing B. A. (m/w/d) | Duales Studium Wirtschaftsprüfung B.Sc. (m/w/d) // Theoriephasen in Stuttgart;3;3;2026-09-20;2026-09-23;2026;ba-jobsuche;;
BANSBACH GmbH;Stuttgart;70597;;BADEN_WUERTTEMBERG;Duales Studium RSW - Steuern und Prüfungswesen;1;1;2026-09-20;2026-09-23;2026;ba-jobsuche;;
BARMER;Stuttgart;70173;;BADEN_WUERTTEMBERG;Kaufmann/-frau - Gesundheitswesen;1;1;2026-09-20;2026-09-23;2026;ba-jobsuche;;
Bauhaus AG;Stuttgart;70327;;BADEN_WUERTTEMBERG;Kaufmann/-frau - Einzelhandel;1;1;2026-09-20;2026-09-22;2026;ba-jobsuche;;
Bausparkasse Schwäbisch Hall AG;Stuttgart;70173;;BADEN_WUERTTEMBERG;Bankkaufmann/-frau;1;1;2026-09-20;2026-09-23;2026;ba-jobsuche;;
BAV Dienstsitz Aurich;Stuttgart;70329;;BADEN_WUERTTEMBERG;Binnenschiffer/in;1;1;2026-09-20;2026-09-23;2026;ba-jobsuche;;
BBBank eG;Stuttgart;70173;Königstraße 46;BADEN_WUERTTEMBERG;Bankkaufmann/-frau;1;2;2026-09-20;2026-09-23;2026;ba-jobsuche;;
Bechtle AG;Stuttgart;70567;Bechtle Platz;BADEN_WUERTTEMBERG;Fachinformatiker/in - Systemintegration | Kaufmann/-frau - Büromanagement | Kaufmann/-frau - IT-System-Management;3;6;2026-09-20;2026-09-23;2026;ba-jobsuche;;
Bernhard Weber GmbH & Co. KG Malergeschäft Heinrich Schmid GmbH & Co. KG;Stuttgart;70469;Am Boschwerk 7;BADEN_WUERTTEMBERG;Duales Studium zum Bachelor of Arts - BWL Handwerk für 2026 (m/w/d) | Duales Studium zum Bachelor of Arts - BWL Handwerk für 2027 (m/w/d) | Duales Studium zum Bachelor of Engineering - Wirtschaftsingenieurwesen für 2027 (m/w/d) | Maler/in und Lackierer/in - Gestaltung und Instandhaltung;4;4;2026-09-20;2026-09-23;2026;ba-jobsuche;;
Berufsgenossenschaft Holz und Metall;Stuttgart;;;BADEN_WUERTTEMBERG;Duales Studium Sozialversicherung (m/w/d) | Sozialversicherungsfachangestellte/r - allgemeine Krankenversicherung;2;2;2026-09-20;2026-09-23;2026;ba-jobsuche;;
BG Holz und Metall;Stuttgart;70563;Vollmoellerstraße;BADEN_WUERTTEMBERG;Duales Studium (B.A.) Gesetzliche Unfallversicherung  – Recht, Rehabilitation und Verwaltung (m/w/d) | Sozialversicherungsfachangestellte/r - Unfallversicherung;2;2;2026-09-20;2026-09-23;2026;ba-jobsuche;;
blocher partners GmbH Stuttgart;Stuttgart;70174;Herdweg;BADEN_WUERTTEMBERG;Mediengestalter/in Digital und Print - Digitalmedien;1;1;2026-09-20;2026-09-23;2026;ba-jobsuche;;
BMW AG;Stuttgart;70569;;BADEN_WUERTTEMBERG;Automobilkaufmann/-frau | Fahrzeuglackierer/in | Karosserie- und Fahrzeugbaumechaniker/in - Karosserieinstandhaltungstechnik | Kraftfahrzeugmechatroniker/in - System- und Hochvolttechnik | Zweiradmechatroniker/in - Motorradtechnik;5;5;2026-09-20;2026-09-23;2026;ba-jobsuche;;
Botnanger Bücherladen Ursula Kloke;Stuttgart;70195;Franz-Schubert-Str.;BADEN_WUERTTEMBERG;Buchhändler/in;1;1;2026-09-20;2026-09-23;2026;ba-jobsuche;;
Brillux GmbH & Co.KG;Stuttgart;70197;Dantestraße 11;BADEN_WUERTTEMBERG;Kaufmann/-frau - Groß- und Außenhandelsmanagement (Großhandel);1;1;2026-09-20;2026-09-23;2026;ba-jobsuche;;
Bundesagentur für Arbeit;Stuttgart;70191;Nordbahnhofstr.;BADEN_WUERTTEMBERG;Duales Studium (B.A.) – | Duales Studium (B.A.) – Studiengang  Arbeitsmarktmanagement oder Beratung für Bildung, Beruf und Bes | Fachangestellte/r - Arbeitsmarktdienstleistungen;3;4;2026-09-20;2026-09-23;2026;ba-jobsuche;;
Bundesamt für das Personalmanagement der Bundeswehr;Stuttgart;;;BADEN_WUERTTEMBERG;Beamter/Beamtin - Wehrverwaltung (mittlerer nichttechnischer Dienst);1;1;2026-09-20;2026-09-22;2026;ba-jobsuche;;
Bundeswehr Standort;Stuttgart;70191;;BADEN_WUERTTEMBERG;Verwaltungsfachangestellte/r - Bundesverwaltung;1;1;2026-09-20;2026-09-23;2026;ba-jobsuche;;
Burgsmüller & Preßler GbR Tierärztliche Gemeinschaftspraxis;Stuttgart;70619;Paprikastr. 14;BADEN_WUERTTEMBERG;Tiermedizinische/r Fachangestellte/r;1;1;2026-09-20;2026-09-20;2026;ba-jobsuche;;
Bürkle & Schöck Elektro-Anlagen GmbH;Stuttgart;70565;Gewerbestr.;BADEN_WUERTTEMBERG;Elektroniker/in - Energie- und Gebäudetechnik | Elektroniker/in - Gebäudesystemintegration;2;2;2026-09-20;2026-09-23;2026;ba-jobsuche;;
Bürkle & Schöck KG;Stuttgart;70565;Gewerbestr.;BADEN_WUERTTEMBERG;Kaufmann/-frau - Büromanagement;1;1;2026-09-20;2026-09-23;2026;ba-jobsuche;;
Bürkle & Schöck Transformatoren GmbH;Stuttgart;70565;Gewerbestr. 38;BADEN_WUERTTEMBERG;Elektroniker/in - Maschinen und Antriebstechnik (HwO);1;1;2026-09-20;2026-09-23;2026;ba-jobsuche;;
BW PARTNER Bauer Schätz Hasenclever Partnerschaft mbB;Stuttgart;70563;;BADEN_WUERTTEMBERG;Duales Studium - Steuern und Prüfungswesen (m/w/d) – Start 2027 | Duales Studium - Wirtschafts- und Steuerrecht (m/w/d) – Start 2027;2;2;2026-09-20;2026-09-23;2026;ba-jobsuche;;
CANCOM GmbH;Stuttgart;70565;Industriestr.;BADEN_WUERTTEMBERG;Fachinformatiker/in - Anwendungsentwicklung | Fachinformatiker/in - Systemintegration | IT-System-Elektroniker/in | Wirtschaftsinformatik B.Sc. (m/w/d) 2027;4;5;2026-09-20;2026-09-23;2026;ba-jobsuche;;
CENIT AG;Stuttgart;70565;Industriestr.;BADEN_WUERTTEMBERG;Duales Studium Bachelor of Engineering - Wirtschaftsinformatik 2027 (m/w/d) | Duales Studium Bachelor of Engineering - Wirtschaftsingenieurwesen 2026 (m/w/d) | Duales Studium Bachelor of Engineering - Wirtschaftsingenieurwesen 2027 (m/w/d) | Duales Studium Bachelor of Science - Informatik 2027 (m/w/d) | Duales Studium BWL International Business 2027 (m/w/d) | Duales Studium Data Science & Künstliche Intelligenz 2027 (m/w/d);6;6;2026-09-20;2026-09-23;2026;ba-jobsuche;;
Centa-Star Bettwaren GmbH & Co. KG;Stuttgart;70327;Augsburger Str.;BADEN_WUERTTEMBERG;Industriekaufmann/-frau;1;1;2026-09-20;2026-09-23;2026;ba-jobsuche;;
Christliches Jugenddorfwerk Deutschlands gemeinnütziger e.V.;Stuttgart;70469;Kärntner Straße;BADEN_WUERTTEMBERG;Dualer Student (w/m/d) im Bereich Soziale Arbeit für den Aufbau einer Außenwohngruppe | Erzieher/in - Jugend- und Heimerziehung;2;2;2026-09-20;2026-09-23;2026;ba-jobsuche;;
Commerzbank AG;Stuttgart;70173;;BADEN_WUERTTEMBERG;Bankkaufmann/-frau | Duales Studium BWL Bank im Bereich Firmenkunden 2027 | Duales Studium BWL Bank im Privat- und Unternehmerkundengeschäft 2027;3;4;2026-09-20;2026-09-23;2026;ba-jobsuche;;
Computacenter AG & Co. oHG;Stuttgart;;;BADEN_WUERTTEMBERG;Duales Studium Informatik an der DHBW Stuttgart (B.Sc.) w/m/d;1;1;2026-09-20;2026-09-23;2026;ba-jobsuche;;
Continentale Krankenversicherung a.G.;Stuttgart;70178;Hauptstätter Straße;BADEN_WUERTTEMBERG;Kaufmann/-frau - Versicherungen und Finanzanlagen;1;1;2026-09-20;2026-09-23;2026;ba-jobsuche;;
Coperion GmbH;Stuttgart;70469;Theodorstr.;BADEN_WUERTTEMBERG;Bachelor of Engineering (B. Eng.) Elektrotechnik, Vertiefungsrichtung Automation 2027 | Bachelor of Engineering (B.Eng.) Maschinenbau, Vertiefungsrichtung Konstruktion und Entwicklung 2027 | Industriekaufmann/-frau | Industriemechaniker/in | Mechatroniker/in | Zerspanungsmechaniker/in;6;8;2026-09-20;2026-09-23;2026;ba-jobsuche;;
Cube Restaurant GmbH & Co. KG;Stuttgart;70173;;BADEN_WUERTTEMBERG;Fachmann/-frau - Restaurants und Veranstaltungsgastronomie | Koch/Köchin;2;3;2026-09-20;2026-09-23;2026;ba-jobsuche;;
Dachser SE Air & Sea Logistics Stuttgart;Stuttgart;70629;Luftfrachtzentrum;BADEN_WUERTTEMBERG;Kaufmann/-frau - Spedition und Logistikdienstleistung;1;2;2026-09-20;2026-09-23;2026;ba-jobsuche;;
Dagmar Bruckert;Stuttgart;70619;Kirchheimer Str.;BADEN_WUERTTEMBERG;Steuerfachangestellte/r;1;1;2026-09-20;2026-09-23;2026;ba-jobsuche;;
Daimler Truck AG;Stuttgart;70372;;BADEN_WUERTTEMBERG;Kraftfahrzeugmechatroniker/in - Nutzfahrzeugtechnik | Kraftfahrzeugmechatroniker/in - System- und Hochvolttechnik | Mechatroniker/in;3;4;2026-09-20;2026-09-23;2026;ba-jobsuche;;
DAK-Gesundheit;Stuttgart;70435;;BADEN_WUERTTEMBERG;Kaufmann/-frau - Gesundheitswesen | Sozialversicherungsfachangestellte/r - allgemeine Krankenversicherung;2;3;2026-09-20;2026-09-23;2026;ba-jobsuche;;
DC Aviation GmbH;Stuttgart;70629;Flughafen Stuttgart 1;BADEN_WUERTTEMBERG;Kaufmann/-frau - Büromanagement;1;1;2026-09-20;2026-09-23;2026;ba-jobsuche;;
Deichmann SE;Stuttgart;70372;Wildunger Straße 2-4;BADEN_WUERTTEMBERG;Fachwirt/in - Handel (doppelt qualifizierende Ausbildung) | Kaufmann/-frau - Einzelhandel | Verkäufer/in;3;10;2026-09-20;2026-09-23;2026;ba-jobsuche;;
DEKRA Automobil GmbH;Stuttgart;70565;;BADEN_WUERTTEMBERG;Chemielaborant/in;1;1;2026-09-20;2026-09-23;2026;ba-jobsuche;;
Deligiannis & Argiriou Rechtsanwälte Berufsausübungsgemeinschaft;Stuttgart;70372;Waiblinger Str.;BADEN_WUERTTEMBERG;Rechtsanwaltsfachangestellte/r;1;1;2026-09-20;2026-09-23;2026;ba-jobsuche;;
Deloitte Consulting GmbH;Stuttgart;70597;Löffelstraße 42;BADEN_WUERTTEMBERG;Wirtschaftsinformatik;1;1;2026-09-20;2026-09-23;2026;ba-jobsuche;;
Deloitte GmbH;Stuttgart;70597;Löffelstraße 42;BADEN_WUERTTEMBERG;BWL - Accounting and Controlling | BWL - Bank | Wirtschaftsprüfung;3;3;2026-09-20;2026-09-23;2026;ba-jobsuche;;
Deloitte GmbH Wirtschaftsprüfungsgesellschaft;Stuttgart;;;BADEN_WUERTTEMBERG;Duales Studium Accounting & Controlling (B.Sc.) 2027 | Duales Studium BWL / Bank (B.A.) 2027 | Duales Studium Wirtschaftsinformatik (B.Sc.) 2027 | Duales Studium Wirtschaftsprüfung (B.A./B.Sc.) 2027;4;4;2026-09-20;2026-09-23;2026;ba-jobsuche;;
Deutsche Bahn AG;Stuttgart;70173;;BADEN_WUERTTEMBERG;Baugeräteführer/in | Duales Studium Bauingenieurwesen Bauüberwachung 2027 (w/m/d) | Duales Studium Bauwesen 2027 (w/m/d) | Duales Studium Elektrotechnik und Informationstechnik Planung 2027 (w/m/d) | Eisenbahner/in - Betriebsdienst - Lokführer/in und Transport | Eisenbahner/in - Zugverkehrssteuerung | Elektroniker/in - Betriebstechnik | Fachkraft - Schutz und Sicherheit | Gebäudereiniger/in | Gleisbauer/in | Industrieelektriker/in - Betriebstechnik | Kaufmann/-frau - Mobilität und Verkehrsservice | Mechatroniker/in;13;23;2026-09-20;2026-09-23;2026;ba-jobsuche;;
Deutsche Bank AG;Stuttgart;70173;;BADEN_WUERTTEMBERG;Bankkaufmann/-frau;1;1;2026-09-20;2026-09-23;2026;ba-jobsuche;;
Deutsche Post AG Zentrale;Stuttgart;70435;;BADEN_WUERTTEMBERG;Immobilienkaufmann/-frau;1;1;2026-09-20;2026-09-23;2026;ba-jobsuche;;
Deutsche Post DHL;Stuttgart;70173;;BADEN_WUERTTEMBERG;Fachkraft - Kurier-, Express- und Postdienstleistungen | Immobilienkaufmann/-frau;2;2;2026-09-20;2026-09-23;2026;ba-jobsuche;;
Deutsche Telekom AG;Stuttgart;70569;;BADEN_WUERTTEMBERG;Fachinformatiker/in - Systemintegration | IT-System-Elektroniker/in | Kaufmann/-frau - Büromanagement | Kaufmann/-frau - Dialogmarketing | Kaufmann/-frau - Einzelhandel | Kaufmann/-frau - IT-System-Management;6;9;2026-09-20;2026-09-23;2026;ba-jobsuche;;
Deutsches Zentrum für Luft- und Raumfahrt e.V.;Stuttgart;70569;Pfaffenwaldring;BADEN_WUERTTEMBERG;Duale Studentin oder dualen Studenten Elektrotechnik & Informationstechnik (w/m/d) 2027 | Duales Studium - Bachelor of Engineering Maschinenbau (w/m/d) 2027 | Duales Studium - Bachelor of Engineering Mechatronik (w/m/d) 2027 | Elektroniker/in - Geräte und Systeme | Industriemechaniker/in;5;6;2026-09-20;2026-09-23;2026;ba-jobsuche;;
Diakoniestation Stuttgart;Stuttgart;70372;Bahnhofstraße 27;BADEN_WUERTTEMBERG;Kaufmann/-frau - Gesundheitswesen | Pflegefachmann/-frau (Ausbildung);2;2;2026-09-20;2026-09-23;2026;ba-jobsuche;;
Dibber 2 gGmbH;Stuttgart;70173;;BADEN_WUERTTEMBERG;Fachkraft - Kindertageseinrichtungen;1;2;2026-09-20;2026-09-23;2026;ba-jobsuche;;
Die Autobahn GmbH des Bundes Niederlassung Südwest (Stuttgart);Stuttgart;70329;Augsburger Str.;BADEN_WUERTTEMBERG;Duales Studium Bauingenieurwesen-öffentliches Bauen (B. Eng.)(w/m/d) - DHBW Mosbach;1;2;2026-09-20;2026-09-23;2026;ba-jobsuche;;
Die Zahnärzte Dr. Jobs und Dr. Johanning;Stuttgart;70193;Bebelstr.;BADEN_WUERTTEMBERG;Zahnmedizinische/r Fachangestellte/r;1;1;2026-09-20;2026-09-23;2026;ba-jobsuche;;
Dipl.- Ing. Timmo Köpf Vermessungsbüro;Stuttgart;70435;Bietigheimer Str.;BADEN_WUERTTEMBERG;Vermessungstechniker/in - Vermessung;1;1;2026-09-20;2026-09-23;2026;ba-jobsuche;;
Dirk Rossmann GmbH;Stuttgart;70372;;BADEN_WUERTTEMBERG;Kaufmann/-frau - Einzelhandel;1;1;2026-09-20;2026-09-23;2026;ba-jobsuche;;
dm-drogerie markt GmbH + Co.KG;Stuttgart;70372;Marktstraße 17-19;BADEN_WUERTTEMBERG;Drogist/in | Duales Studium BWL-Handel (B. A.) 2027 in 70173 Stuttgart | Duales Studium BWL-Handel (B. A.) 2027 in 70597 Stuttgart;3;24;2026-09-20;2026-09-23;2026;ba-jobsuche;;
Dommer Stuttgarter Fahnenfabrik GmbH;Stuttgart;70469;Maybachstraße 37;BADEN_WUERTTEMBERG;Technische/r Konfektionär/in;1;2;2026-09-20;2026-09-23;2026;ba-jobsuche;;
DP World Intermodal GmbH;Stuttgart;70327;;BADEN_WUERTTEMBERG;Fachkraft - Lagerlogistik;1;1;2026-09-20;2026-09-23;2026;ba-jobsuche;;
Dr. Andreea Scholpp-Ionescu;Stuttgart;70178;Sophienstr.;BADEN_WUERTTEMBERG;Zahnmedizinische/r Fachangestellte/r;1;1;2026-09-20;2026-09-23;2026;ba-jobsuche;;
Dr. Angela Dergham;Stuttgart;70173;Calwer Str.;BADEN_WUERTTEMBERG;Zahnmedizinische/r Fachangestellte/r;1;1;2026-09-20;2026-09-23;2026;ba-jobsuche;;
Dr. Bernd Kallert Facharzt für Urologie;Stuttgart;70173;Königstr.;BADEN_WUERTTEMBERG;Medizinische/r Fachangestellte/r;1;1;2026-09-20;2026-09-23;2026;ba-jobsuche;;
Dr. Corina Baldovin Zahnärztin;Stuttgart;70186;Gablenberger Hauptstr.;BADEN_WUERTTEMBERG;Zahnmedizinische/r Fachangestellte/r;1;1;2026-09-20;2026-09-23;2026;ba-jobsuche;;
Dr. Dieter Mayer-Eichberger;Stuttgart;70174;Herdweg;BADEN_WUERTTEMBERG;Medizinische/r Fachangestellte/r;1;1;2026-09-20;2026-09-23;2026;ba-jobsuche;;
Dr. Dr. Eva Breuninger;Stuttgart;70597;Epplestr.;BADEN_WUERTTEMBERG;Zahnmedizinische/r Fachangestellte/r;1;1;2026-09-20;2026-09-23;2026;ba-jobsuche;;
Dr. Florian Speyer Zahnarzt;Stuttgart;70191;Birkenwaldstr.;BADEN_WUERTTEMBERG;Zahnmedizinische/r Fachangestellte/r;1;1;2026-09-20;2026-09-23;2026;ba-jobsuche;;
Dr. Josef Weimer;Stuttgart;70176;Breitscheidstr.;BADEN_WUERTTEMBERG;Medizinische/r Fachangestellte/r;1;1;2026-09-20;2026-09-23;2026;ba-jobsuche;;
Dr. Kroll & Partner Rechtsanwälte;Stuttgart;;;BADEN_WUERTTEMBERG;Rechtsanwaltsfachangestellte/r;1;1;2026-09-20;2026-09-23;2026;ba-jobsuche;;
Dr. med. Birgit Egeler;Stuttgart;70567;Sigmaringer Str.;BADEN_WUERTTEMBERG;Medizinische/r Fachangestellte/r;1;1;2026-09-20;2026-09-23;2026;ba-jobsuche;;
Dr. med. Kathrin J. Miller Fachärztin für Augenheilkunde;Stuttgart;70327;Trettachstr.;BADEN_WUERTTEMBERG;Medizinische/r Fachangestellte/r;1;1;2026-09-20;2026-09-23;2026;ba-jobsuche;;
Dr. Michael Gomolka;Stuttgart;70435;Schwieberdinger Str.;BADEN_WUERTTEMBERG;Zahnmedizinische/r Fachangestellte/r;1;1;2026-09-20;2026-09-23;2026;ba-jobsuche;;
Dr. Natalia Kölle;Stuttgart;70619;Kirchheimer Str.;BADEN_WUERTTEMBERG;Medizinische/r Fachangestellte/r;1;1;2026-09-20;2026-09-23;2026;ba-jobsuche;;
Drägerwerk AG & Co. KGaA;Stuttgart;70567;;BADEN_WUERTTEMBERG;Anlagenmechaniker/in | Mechatroniker/in;2;2;2026-09-20;2026-09-23;2026;ba-jobsuche;;
Dres. Simon Zahnärzte;Stuttgart;70173;Kronprinzstr.;BADEN_WUERTTEMBERG;Zahnmedizinische/r Fachangestellte/r;1;1;2026-09-20;2026-09-23;2026;ba-jobsuche;;
Drink City GmbH;Stuttgart;70327;Langwiesenweg;BADEN_WUERTTEMBERG;Fachkraft - Lagerlogistik | Kaufmann/-frau - Büromanagement;2;2;2026-09-20;2026-09-23;2026;ba-jobsuche;;
DRK PflegePlus gGmbH;Stuttgart;;;BADEN_WUERTTEMBERG;Pflegeassistent/in;1;1;2026-09-20;2026-09-23;2026;ba-jobsuche;;
Dt. Rentenversicherung Baden-Württemberg Sitz Stuttgart;Stuttgart;70437;Adalbert-Stifter-Str.;BADEN_WUERTTEMBERG;Ausbildung 2027 - Bachelor of Science - Wirtschaftsinformatik (Öfftl. Verw.) | Bachelor of Laws - Rentenversicherung (m/w/d)  Ausbildung 2027 | Sozialversicherungsfachangestellte/r - Rentenversicherung;3;3;2026-09-20;2026-09-23;2026;ba-jobsuche;;
DYMATRIX GmbH;Stuttgart;70173;;BADEN_WUERTTEMBERG;Duales Studium Informatik - Schwerpunkt KI ab Oktober 2027 (all genders);1;1;2026-09-20;2026-09-22;2026;ba-jobsuche;;
DZ BANK AG;Stuttgart;70191;Heilbronner Str. 41;BADEN_WUERTTEMBERG;Bankkaufmann/-frau | Duales Studium zum Bachelor of Arts (DH) Studiengang BWL Bank (m/w/d) am Standort Stuttgart, Star...;2;3;2026-09-20;2026-09-23;2026;ba-jobsuche;;
Eckert;Stuttgart;70173;Arnulf-Klett-Platz 2;BADEN_WUERTTEMBERG;Fachwirt/in - Vertrieb im Einzelhandel (doppelt qualifizierende Ausbildung);1;1;2026-09-20;2026-09-23;2026;ba-jobsuche;;
ECONSOR GmbH;Stuttgart;70190;;BADEN_WUERTTEMBERG;Fachinformatiker/in - Anwendungsentwicklung | Mediengestalter/in Digital und Print - Digitalmedien;2;2;2026-09-20;2026-09-23;2026;ba-jobsuche;;
EDEKA;Stuttgart;70178;;BADEN_WUERTTEMBERG;Fleischer/in;1;2;2026-09-21;2026-09-23;2026;ba-jobsuche;;
EDEKA Südwest Stiftung & Co. KG;Stuttgart;70469;Grazer Straße 34;BADEN_WUERTTEMBERG;Fachverkäufer/in - Lebensmittelhandwerk (Bäckerei) | Fachverkäufer/in - Lebensmittelhandwerk (Fleischerei) | Fachwirt/in - Handel (doppelt qualifizierende Ausbildung) | Fleischer/in | Kaufmann/-frau - Einzelhandel | Verkäufer/in;6;28;2026-09-20;2026-09-23;2026;ba-jobsuche;;
Elektro Huiss GmbH;Stuttgart;70182;Pfarrstr.;BADEN_WUERTTEMBERG;Elektroniker/in - Energie- und Gebäudetechnik;1;1;2026-09-20;2026-09-23;2026;ba-jobsuche;;
ENGIE Deutschland GmbH;Stuttgart;70565;Heßbrühlstraße;BADEN_WUERTTEMBERG;Duales Studium in Nachhaltige Gebäude- und Energietechnik (B.Eng.) mit erweiterter Praxis (m/w/d) | Industriekaufmann/-frau | Mechatroniker/in - Kältetechnik | Technische/r Systemplaner/in - Stahl- und Metallbautechnik | Technische/r Systemplaner/in - Versorgungs- und Ausrüstungstechnik;5;6;2026-09-20;2026-09-23;2026;ba-jobsuche;;
ERGO Beratung und Vertrieb AG;Stuttgart;70173;Lange Str.;BADEN_WUERTTEMBERG;Duales Studium (m/w/d) Schwerpunkt BWL Versicherung und Finanzdienstleistung im Vertrieb - Stuttgart;1;1;2026-09-22;2026-09-23;2026;ba-jobsuche;;
EY Consulting GmbH;Stuttgart;70629;;BADEN_WUERTTEMBERG;Duales Studium Wirtschaftsinformatik / Angewandte Informatik / Business Informatics (w/m/d);1;1;2026-09-20;2026-09-23;2026;ba-jobsuche;;
EY GmbH & Co. KG WPG;Stuttgart;70629;;BADEN_WUERTTEMBERG;Duales Studium im Bereich Wirtschaftsprüfung Banken (Financial Services) (w/m/d) | Duales Studium im Bereich Wirtschaftsprüfung Versicherungen (Financial Services) (w/m/d) | Duales Studium in der Wirtschaftsprüfung - Accounting & Controlling (w/m/d) | Duales Studium in der Wirtschaftsprüfung - Wirtschafts- und Steuerrecht (w/m/d) | Duales Studium in der Wirtschaftsprüfung / Audit (w/m/d) | Duales Studium Wirtschaftsinformatik / IT (w/m/d);6;6;2026-09-20;2026-09-23;2026;ba-jobsuche;;
F & S Elektronik Systeme GmbH;Stuttgart;70569;Untere Waldplätze;BADEN_WUERTTEMBERG;Elektroniker/in - Automatisierungstechnik | Elektroniker/in - Geräte und Systeme | Fachinformatiker/in - Anwendungsentwicklung | Industriekaufmann/-frau | Maschinen- und Anlagenführer/in - Metall-, Kunststofftechnik;5;5;2026-09-20;2026-09-23;2026;ba-jobsuche;;
Felix Kloz GmbH;Stuttgart;70499;;BADEN_WUERTTEMBERG;Fahrzeuglackierer/in | Karosserie- und Fahrzeugbaumechaniker/in - Karosserieinstandhaltungstechnik | Kraftfahrzeugmechatroniker/in - Personenkraftwagentechnik;3;3;2026-09-20;2026-09-23;2026;ba-jobsuche;;
Fielmann AG;Stuttgart;70372;;BADEN_WUERTTEMBERG;Augenoptiker/in | Hörakustiker/in;2;3;2026-09-20;2026-09-23;2026;ba-jobsuche;;
Finanzberater Stefan Hampe;Stuttgart;70563;Curiestraße;BADEN_WUERTTEMBERG;Kaufmann/-frau - Versicherungen und Finanzanlagen;1;1;2026-09-20;2026-09-23;2026;ba-jobsuche;;
Finanzministerium Baden Württemberg;Stuttgart;70173;Schloßplatz;BADEN_WUERTTEMBERG;Beamter/Beamtin - Steuerverwaltung (mittlerer nichttechnischer Dienst) | Duales Studium zum Bachelor of Science;2;2;2026-09-20;2026-09-23;2026;ba-jobsuche;;
Finsterwalder Transport & Logistik GmbH;Stuttgart;70327;Am Ostkai;BADEN_WUERTTEMBERG;Kaufmann/-frau - Spedition und Logistikdienstleistung;1;1;2026-09-20;2026-09-23;2026;ba-jobsuche;;
Flughafen Stuttgart;Stuttgart;70629;Flughafenstr.;BADEN_WUERTTEMBERG;Duales Studium Data Science und Künstliche Intelligenz (DHBW) | Duales Studium Wirtschaftsinformatik/Business Engineering (DHBW) ab September 2027 | Fachinformatiker/in - Systemintegration | Kraftfahrzeugmechatroniker/in - System- und Hochvolttechnik | Luftverkehrskaufmann/-frau | Werkfeuerwehrmann/-frau;6;9;2026-09-20;2026-09-23;2026;ba-jobsuche;;
ForstBW AöR Zentrale;Stuttgart;70569;Mahdenstalstr.;BADEN_WUERTTEMBERG;Forstwirt/in;1;1;2026-09-20;2026-09-23;2026;ba-jobsuche;;
FRIEDRICH SCHARR KG;Stuttgart;70565;Liebknechtstraße 50;BADEN_WUERTTEMBERG;Berufskraftfahrer/in | DHBW-Studium BWL-Handel | Fachinformatiker/in - Systemintegration | Kaufmann/-frau - Groß- und Außenhandelsmanagement (Außenhandel);4;4;2026-09-20;2026-09-23;2026;ba-jobsuche;;
Frischemärkte Fleck KG/ Neuhausen;Stuttgart;70174;Herdweg;BADEN_WUERTTEMBERG;Fachverkäufer/in - Lebensmittelhandwerk (Fleischerei) | Kaufmann/-frau - Einzelhandel | Verkäufer/in;3;4;2026-09-20;2026-09-23;2026;ba-jobsuche;;
G+H ISOLIERUNG GmbH Abt. PV-V;Stuttgart;70563;;BADEN_WUERTTEMBERG;Industrie-Isolierer/in;1;1;2026-09-20;2026-09-23;2026;ba-jobsuche;;
GALERIA Restaurant GmbH & Co. KG;Stuttgart;70173;Königstraße;BADEN_WUERTTEMBERG;Fachkraft - Gastronomie;1;1;2026-09-20;2026-09-23;2026;ba-jobsuche;;
Gärtnerei Vogler;Stuttgart;70599;Karlshofstr.;BADEN_WUERTTEMBERG;Gärtner/in - Zierpflanzenbau;1;1;2026-09-20;2026-09-23;2026;ba-jobsuche;;
GBI Gesellschaft Beratender Ingenieure mbH;Stuttgart;70435;Schwieberdinger Str.;BADEN_WUERTTEMBERG;Technische/r Systemplaner/in - Elektrotechnische Systeme;1;1;2026-09-20;2026-09-23;2026;ba-jobsuche;;
GEERS (Sonova Retail Deutschland GmbH);Stuttgart;70619;Kirchheimer Straße 61;BADEN_WUERTTEMBERG;Hörakustiker/in;1;2;2026-09-20;2026-09-23;2026;ba-jobsuche;;
Gem.Praxis Dr.R.Prosst/Dr.K.Tabatabai;Stuttgart;70182;Esslinger Str.;BADEN_WUERTTEMBERG;Medizinische/r Fachangestellte/r;1;1;2026-09-20;2026-09-23;2026;ba-jobsuche;;
Gemeinschaftspraxis GynTeam WEst GbR;Stuttgart;70197;Schwabstr.;BADEN_WUERTTEMBERG;Medizinische/r Fachangestellte/r;1;1;2026-09-20;2026-09-21;2026;ba-jobsuche;;
Gerhard Kandora Anwaltskanzlei Kandora;Stuttgart;70563;Hauptstr.;BADEN_WUERTTEMBERG;Rechtsanwaltsfachangestellte/r;1;1;2026-09-20;2026-09-23;2026;ba-jobsuche;;
Gottlob Rommel Bauunternehmung GmbH & Co. KG;Stuttgart;70188;Von-Pistorius-Str.;BADEN_WUERTTEMBERG;Anlagenmechaniker/in | Beton- und Stahlbetonbauer/in | Elektroniker/in - Betriebstechnik | Fachkraft - Lagerlogistik | Maurer/in;5;6;2026-09-20;2026-09-23;2026;ba-jobsuche;;
GTÜ Gesellschaft für Technische Überwachung mbH;Stuttgart;70567;;BADEN_WUERTTEMBERG;Industriekaufmann/-frau;1;1;2026-09-20;2026-09-23;2026;ba-jobsuche;;
Günter Mink Orthopädie Schuhtechnik;Stuttgart;70182;Gaisburgstr.;BADEN_WUERTTEMBERG;Orthopädieschuhmacher/in;1;1;2026-09-20;2026-09-23;2026;ba-jobsuche;;
HAGOS eG;Stuttgart;70565;;BADEN_WUERTTEMBERG;Fachkraft - Lagerlogistik | Kaufmann/-frau - Groß- und Außenhandelsmanagement (Großhandel);2;2;2026-09-20;2026-09-23;2026;ba-jobsuche;;
Hairclass by Dilara Nazik Günes;Stuttgart;70178;Böblinger Str.;BADEN_WUERTTEMBERG;Friseur/in;1;1;2026-09-20;2026-09-23;2026;ba-jobsuche;;
Hauptzollamt Stuttgart;Stuttgart;70190;Hackstr.;BADEN_WUERTTEMBERG;"Bachelorstudiengang ""Zolldienst des Bundes"" | Beamter/Beamtin - Zolldienst (mittlerer Dienst)";2;2;2026-09-20;2026-09-23;2026;ba-jobsuche;;
Heinrich Schmid GmbH & Co. KG;Stuttgart;70469;Sieglestraße 33 D;BADEN_WUERTTEMBERG;Duales Studium zum Bachelor of Arts - BWL Handwerk für 2026 (m/w/d) | Duales Studium zum Bachelor of Arts - BWL Handwerk für 2027 (m/w/d) | Duales Studium zum Bachelor of Engineering - Bauingenieurwesen für 2027 (m/w/d) | Duales Studium zum Bachelor of Engineering - Wirtschaftsingenieurwesen für 2027 (m/w/d) | Maler/in und Lackierer/in - Gestaltung und Instandhaltung | Trockenbaumonteur/in;6;17;2026-09-20;2026-09-23;2026;ba-jobsuche;;
Heinrich von Wirth GmbH & Co.KG;Stuttgart;70435;Waldheimstr.;BADEN_WUERTTEMBERG;Fachkraft - Lagerlogistik;1;1;2026-09-20;2026-09-23;2026;ba-jobsuche;;
Heldele GmbH;Stuttgart;70597;Julius-Hölder-Straße;BADEN_WUERTTEMBERG;Elektroniker/in - Energie- und Gebäudetechnik;1;1;2026-09-20;2026-09-23;2026;ba-jobsuche;;
Hellmann Worldwide Logistics SE & Co. KG Air Cargo Center;Stuttgart;70629;Luftfrachtzentrum Geb.;BADEN_WUERTTEMBERG;Kaufmann/-frau - Spedition und Logistikdienstleistung;1;1;2026-09-20;2026-09-23;2026;ba-jobsuche;;
HIT Handelsgruppe GmbH & Co. KG;Stuttgart;70173;Karlstraße 4;BADEN_WUERTTEMBERG;Verkäufer/in;1;1;2026-09-20;2026-09-23;2026;ba-jobsuche;;
Hochschule für Polizei Baden-Württemberg;Stuttgart;70173;;BADEN_WUERTTEMBERG;Polizeivollzugsbeamter/-beamtin (mittlerer nichttechnischer Dienst);1;1;2026-09-20;2026-09-21;2026;ba-jobsuche;;
Hörz Stuckateurbetrieb GmbH;Stuttgart;70327;Hafenbahnstr.;BADEN_WUERTTEMBERG;Ausbaumanager/in (doppelt qualifizierende Ausbildung) | Stuckateur/in;2;2;2026-09-20;2026-09-23;2026;ba-jobsuche;;
Hotel Royal OHG;Stuttgart;70178;Sophienstr.;BADEN_WUERTTEMBERG;Fachkraft - Küche | Hotelfachmann/-frau;2;2;2026-09-20;2026-09-23;2026;ba-jobsuche;;
hsi personaldienste hart & schenk GmbH;Stuttgart;70173;Calwer Str.;BADEN_WUERTTEMBERG;Kaufmann/-frau - Büromanagement | Personaldienstleistungskaufmann/-frau;2;2;2026-09-20;2026-09-23;2026;ba-jobsuche;;
Huthmann Bau GmbH & Co. KG;Stuttgart;70327;Inselstr.;BADEN_WUERTTEMBERG;Baugeräteführer/in | Tiefbaufacharbeiter/in (ohne Angabe des Schwerpunkts);2;2;2026-09-20;2026-09-23;2026;ba-jobsuche;;
HypoVereinsbank UniCredit Bank GmbH;Stuttgart;70173;;BADEN_WUERTTEMBERG;Bankkaufmann/-frau | Duales Studium Bachelor of Arts in BWL 2027 (m/w/d);2;3;2026-09-20;2026-09-23;2026;ba-jobsuche;;
IFAA GmbH;Stuttgart;;;BADEN_WUERTTEMBERG;Sport- und Fitnesskaufmann/-frau;1;1;2026-09-20;2026-09-23;2026;ba-jobsuche;;
iffland hören GmbH & Co. KG Stuttgart;Stuttgart;70619;Kirchheimerstrasse;BADEN_WUERTTEMBERG;Hörakustiker/in;1;1;2026-09-20;2026-09-23;2026;ba-jobsuche;;
IGH Stuttgart GmbH & Co. KG;Stuttgart;70199;Vogelrainstr.;BADEN_WUERTTEMBERG;Technische/r Systemplaner/in - Versorgungs- und Ausrüstungstechnik;1;1;2026-09-20;2026-09-23;2026;ba-jobsuche;;
Indaver Deutschland GmbH;Stuttgart;70329;;BADEN_WUERTTEMBERG;Umwelttechnologe/-technologin - Kreislauf- und Abfallwirtschaft;1;1;2026-09-20;2026-09-23;2026;ba-jobsuche;;
INWORK GmbH;Stuttgart;70499;Holderäckerstr.;BADEN_WUERTTEMBERG;Fachkraft - Möbel-, Küchen- und Umzugsservice;1;1;2026-09-20;2026-09-23;2026;ba-jobsuche;;
ipi Institute für Produkt-Markt-Forschung GmbH;Stuttgart;70190;Neckarstr.;BADEN_WUERTTEMBERG;Physiklaborant/in;1;1;2026-09-20;2026-09-23;2026;ba-jobsuche;;
ISS Communication Serv. GmbH Düsseldorf;Stuttgart;;;BADEN_WUERTTEMBERG;Elektroniker/in - Betriebstechnik;1;1;2026-09-20;2026-09-23;2026;ba-jobsuche;;
ITSCare – IT-Services für den Gesundheitsmarkt GbR;Stuttgart;70191;Heilbronner Str. 190;BADEN_WUERTTEMBERG;Duales Studium Wirtschaftsinformatik – Application Management (m/w/d) | Duales Studium Wirtschaftsinformatik – Data Science (B.Sc.) (m/w/d) | Fachinformatiker/in - Systemintegration;3;4;2026-09-20;2026-09-23;2026;ba-jobsuche;;
Jaspers GmbH Giebel;Stuttgart;70499;Rappachstr.;BADEN_WUERTTEMBERG;Verkäufer/in;1;1;2026-09-20;2026-09-23;2026;ba-jobsuche;;
Johanniter-Unfall-Hilfe e.V. Landesverband Baden-Württemberg;Stuttgart;70435;Schwieberdinger Straße 58;BADEN_WUERTTEMBERG;Notfallsanitäter/in;1;1;2026-09-20;2026-09-23;2026;ba-jobsuche;;
Jörg Seidenspinner Garten- und Landschaftsbau GmbH;Stuttgart;70567;Lohäckerstr.;BADEN_WUERTTEMBERG;Gärtner/in - Garten- und Landschaftsbau | Land- und Baumaschinenmechatroniker/in;2;2;2026-09-20;2026-09-23;2026;ba-jobsuche;;
Jörger GmbH Bauunternehmung;Stuttgart;70327;;BADEN_WUERTTEMBERG;Baugeräteführer/in | Straßenbauer/in;2;2;2026-09-20;2026-09-21;2026;ba-jobsuche;;
K. P. Schlegel/Dr. N. Mirsaidov GbR;Stuttgart;70176;Kornbergstr.;BADEN_WUERTTEMBERG;Medizinische/r Fachangestellte/r;1;1;2026-09-20;2026-09-23;2026;ba-jobsuche;;
Karl-Olga-Krankenhaus GmbH;Stuttgart;70190;Hackstr.;BADEN_WUERTTEMBERG;Pflegefachmann/-frau (Ausbildung);1;1;2026-09-20;2026-09-23;2026;ba-jobsuche;;
Kath. Familienpflege Stuttgart e.V.;Stuttgart;70182;Katharinenstr.;BADEN_WUERTTEMBERG;Haus- und Familienpfleger/in (Ausbildung);1;1;2026-09-20;2026-09-23;2026;ba-jobsuche;;
Katholisches Stadtdekanat Stuttgart -Verwaltungszentrum-;Stuttgart;70190;Werastr.;BADEN_WUERTTEMBERG;Erzieher/in | Sozialpädagogische/r Assistent/in / Kinderpfleger/in;2;2;2026-09-20;2026-09-23;2026;ba-jobsuche;;
Kaufland;Stuttgart;70378;;BADEN_WUERTTEMBERG;Bankkaufmann/-frau | Fachwirt/in - Handel (doppelt qualifizierende Ausbildung) | Verkäufer/in;3;13;2026-09-20;2026-09-23;2026;ba-jobsuche;;
Kaufland Dienstleistung GmbH & Co. KG;Stuttgart;70378;Aldinger Straße;BADEN_WUERTTEMBERG;Duales Studium BWL Handel - Filiale (B.A.) 2027 | Verkäufer/in;2;9;2026-09-20;2026-09-23;2026;ba-jobsuche;;
Kemmler Baustoffe Stuttgart-Stammheim GmbH;Stuttgart;70435;Schwieberdinger Str.;BADEN_WUERTTEMBERG;Kaufmann/-frau - Groß- und Außenhandelsmanagement (Großhandel);1;1;2026-09-20;2026-09-23;2026;ba-jobsuche;;
Kiefer Klimatechnik GmbH;Stuttgart;70469;Heilbronner Str.;BADEN_WUERTTEMBERG;Industriekaufmann/-frau | Technische/r Systemplaner/in - Versorgungs- und Ausrüstungstechnik;2;2;2026-09-20;2026-09-23;2026;ba-jobsuche;;
Kiess GmbH, Alfred Innenausbau;Stuttgart;70567;Heigelinstr.;BADEN_WUERTTEMBERG;Tischler/in;1;1;2026-09-20;2026-09-23;2026;ba-jobsuche;;
KiK Textilien und Non-Food GmbH;Stuttgart;70372;Seelbergstraße 9;BADEN_WUERTTEMBERG;Fachwirt/in - Handel (doppelt qualifizierende Ausbildung) | Kaufmann/-frau - Einzelhandel | Verkäufer/in;3;10;2026-09-20;2026-09-23;2026;ba-jobsuche;;
KIND GmbH & Co. KG;Stuttgart;70469;Stuttgarter Straße 57;BADEN_WUERTTEMBERG;Hörakustiker/in;1;3;2026-09-23;2026-09-23;2026;ba-jobsuche;;
KinderHut gGmbH;Stuttgart;70191;Nordbahnhofstraße;BADEN_WUERTTEMBERG;Erzieher/in;1;1;2026-09-20;2026-09-23;2026;ba-jobsuche;;
Klassik für Haare GmbH Friseur;Stuttgart;70597;Löffelstr.;BADEN_WUERTTEMBERG;Friseur/in;1;2;2026-09-20;2026-09-23;2026;ba-jobsuche;;
Klaus Senger Kleintierpraxis;Stuttgart;70174;Smaragdweg;BADEN_WUERTTEMBERG;Tiermedizinische/r Fachangestellte/r;1;1;2026-09-20;2026-09-23;2026;ba-jobsuche;;
Koenig & Bauer MetalPrint GmbH;Stuttgart;70435;Wernerstr.;BADEN_WUERTTEMBERG;B. A. BWL Studienrichtung Industrie (Duales Studium 2026) | Fachlagerist/in;2;2;2026-09-20;2026-09-23;2026;ba-jobsuche;;
Konzept-e für Schulen gGmbH;Stuttgart;70563;Wankelstraße;BADEN_WUERTTEMBERG;Erzieher/in;1;4;2026-09-20;2026-09-23;2026;ba-jobsuche;;
Konzept-e GmbH;Stuttgart;70563;Wankelstr.;BADEN_WUERTTEMBERG;Dualer Student (m/w/d) - BWL Non Profit | Duales Studium - BWL Non Profit B.A. DHBW (m/w/d) - element-i | Erzieher/in;3;5;2026-09-20;2026-09-23;2026;ba-jobsuche;;
Köster GmbH;Stuttgart;;;BADEN_WUERTTEMBERG;Duales Studium Bauingenieurwesen, Studienrichtung Fassadentechnik;1;2;2026-09-20;2026-09-23;2026;ba-jobsuche;;
KÖTTER SE & Co. KG Security - NL Stuttgart;Stuttgart;70563;;BADEN_WUERTTEMBERG;Fachkraft - Schutz und Sicherheit;1;1;2026-09-20;2026-09-23;2026;ba-jobsuche;;
KPMG AG Wirtschaftsprüfungs gesellschaft;Stuttgart;70174;;BADEN_WUERTTEMBERG;Duales Studium Accounting & Controlling DHBW (w/m/d) 12326 | Duales Studium Steuern und Prüfungswesen DHBW (w/m/d) 12386 | Duales Studium Wirtschafts- und Steuerrecht DHBW (w/m/d) 12006 | Duales Studium Wirtschaftsprüfung DHBW (w/m/d) 12366 | Kaufmann/-frau - Büromanagement;5;5;2026-09-20;2026-09-23;2026;ba-jobsuche;;
KPMG AG Wirtschaftsprüfungsgesellschaft;Stuttgart;70629;;BADEN_WUERTTEMBERG;Duales Studium Wirtschafts- und Steuerrecht DHBW (w/m/d);1;1;2026-09-20;2026-09-23;2026;ba-jobsuche;;
Landesarchiv Zentrale Dienste Land BW;Stuttgart;70173;;BADEN_WUERTTEMBERG;Anwärterinnen und Anwärter für den gehobenen Archivdienst (w/m;1;1;2026-09-20;2026-09-23;2026;ba-jobsuche;;
Landeshauptstadt Stuttgart Haupt- und Personalamt;Stuttgart;70182;Katharinenstr.;BADEN_WUERTTEMBERG;Altenpflegehelfer/in | Bachelor of Arts - Architektur (m/w/d) | Bachelor of Arts - BWL - Öffentliche Wirtschaft, Vertiefung Kommunalwirtschaft | Bachelor of Arts - Immobilienwirtschaft, | Bachelor of Arts - Messe-, Kongress- und Eventmanagement (m/w/d) | Bachelor of Arts - Public Management, gehobener Verwaltungsdienst | Bachelor of Arts - Soziale Arbeit - Schwerpunkt Frühe Bildung, Ausbildungsbereich | Bachelor of Arts - Soziale Arbeit mit Menschen in existenziellen Notlagen | Bachelor of Arts - Sozialwirtschaft, Ausbildungsbereich Amt für Soziales und Teilhabe (m/w/d) | Bachelor of Arts - Sozialwirtschaft, Ausbildungsbereich Jobcenter | Bachelor of Arts – Soziale Arbeit – Schwerpunkt Familie und Jugend, Ausbildungsbereich Jugendamt | Bachelor of Arts – Soziale Arbeit – Schwerpunkt Hilfen zur Erziehung, Ausbildungsbereich Jugendamt | Bachelor of Engineering - Bauingenieurwesen (m/w/d) | Bachelor of Engineering - Bauingenieurwesen, Studienkooperation Wasserwirtschaft | Bachelor of Science - Wirtschaftsinformatik - Application Management (m/w/d) | Beamter/Beamtin - Allgemeine Innere Verwaltung (mittlerer nichttechnischer Dienst) | Berufskraftfahrer/in | Chemielaborant/in | Elektroniker/in - Betriebstechnik | Erzieher/in | Erzieher/in - Jugend- und Heimerziehung | Fachangestellte/r - Bäderbetriebe | Fachangestellte/r - Medien- und Informationsdienste - Bibliothek | Fachinformatiker/in - Systemintegration | Forstwirt/in | Gärtner/in - Garten- und Landschaftsbau | Gärtner/in - Zierpflanzenbau | Geomatiker/in | Kraftfahrzeugmechatroniker/in - Nutzfahrzeugtechnik | Pflegefachmann/-frau (Ausbildung) | Sozialpädagogische/r Assistent/in / Kinderpfleger/in | Straßenbauer/in | Studienbegleitender Bildungsvertrag zum Bachelor-Studiengang Vermessung und Geoinformatik | Umwelttechnologe/-technologin - Abwasserbewirtschaftung | Umwelttechnologe/-technologin - Kreislauf- und Abfallwirtschaft | Umwelttechnologe/-technologin - Rohrleitungsnetze und Industrieanlagen (Industrieanlagen) | Vermessungstechniker/in - Vermessung | Verwaltungsfachangestellte/r - Kommunalverwaltung | Winzer/in;39;48;2026-09-20;2026-09-23;2026;ba-jobsuche;;
Landesmesse Stuttgart GmbH & Co. KG;Stuttgart;70629;Messepiazza;BADEN_WUERTTEMBERG;DHBW-Studium zum Bachelor of Arts (m/w/d) BWL - Medien und Kommunikationswirtschaft ab 01.10.2027 | DHBW-Studium zum Bachelor of Arts (m/w/d) BWL - Messe-, Kongress- u. Eventmanagement ab 01.10.2027 | Veranstaltungskaufmann/-frau;3;3;2026-09-20;2026-09-23;2026;ba-jobsuche;;
LearnBiz.com GmbH;Stuttgart;70597;Felix-Dahn-Str.;BADEN_WUERTTEMBERG;Duales Studium für Macher mit Lust auf Sprachen und Selbständigkeit;1;2;2026-09-20;2026-09-23;2026;ba-jobsuche;;
Leibinger Nico Dr./Patrick Lei binger GbR Zahnärztl.Gemeinschaftspraxis;Stuttgart;70329;Augsburger Str.;BADEN_WUERTTEMBERG;Zahnmedizinische/r Fachangestellte/r;1;1;2026-09-20;2026-09-23;2026;ba-jobsuche;;
Leonhard Weiss GmbH & Co. KG;Stuttgart;70567;;BADEN_WUERTTEMBERG;Leitungsbauer/in - Infrastrukturtechnik | Tiefbaufacharbeiter/in (ohne Angabe des Schwerpunkts);2;2;2026-09-20;2026-09-23;2026;ba-jobsuche;;
LGG Steuerberatung GmbH;Stuttgart;70180;Bopserstraße 17;BADEN_WUERTTEMBERG;Steuerfachangestellte/r;1;1;2026-09-20;2026-09-23;2026;ba-jobsuche;;
Lidl Dienstleistung GmbH & Co. KG;Stuttgart;70372;Hofener Str.;BADEN_WUERTTEMBERG;Fachwirt/in - Handel (doppelt qualifizierende Ausbildung) | Verkäufer/in;2;36;2026-09-20;2026-09-23;2026;ba-jobsuche;;
Lindner SE;Stuttgart;70376;Bottroper Straße;BADEN_WUERTTEMBERG;Trockenbaumonteur/in;1;1;2026-09-20;2026-09-23;2026;ba-jobsuche;;
Logwin Air + Ocean Deutschland GmbH NL Stuttgart Luft;Stuttgart;70629;Luftfrachtzentrum;BADEN_WUERTTEMBERG;Fachkraft - Lagerlogistik | Kaufmann/-frau - Spedition und Logistikdienstleistung;2;2;2026-09-20;2026-09-23;2026;ba-jobsuche;;
LSU Schäberle GmbH & Co. KG;Stuttgart;70499;Motorstr.;BADEN_WUERTTEMBERG;Fachkraft - Lagerlogistik | Kaufmann/-frau - Spedition und Logistikdienstleistung;2;2;2026-09-20;2026-09-23;2026;ba-jobsuche;;
LTG Aktiengesellschaft;Stuttgart;70435;Grenzstr.;BADEN_WUERTTEMBERG;Duales Studium zum Bachelor of Engineering im Bereich Maschinenbau (m/w/d) | Konstruktionsmechaniker/in;2;4;2026-09-20;2026-09-23;2026;ba-jobsuche;;
LTS Logistik Transport Solutions GmbH;Stuttgart;70629;Luftfrachtzentrum;BADEN_WUERTTEMBERG;Kaufmann/-frau - Spedition und Logistikdienstleistung;1;1;2026-09-20;2026-09-23;2026;ba-jobsuche;;
Luther Rechtsanwaltsgesellschaft mbH;Stuttgart;70173;;BADEN_WUERTTEMBERG;Rechtsanwaltsfachangestellte/r;1;1;2026-09-20;2026-09-23;2026;ba-jobsuche;;
MAHLE International GmbH;Stuttgart;70376;Pragstr.;BADEN_WUERTTEMBERG;Dualer Student (m/w/d): Elektrotechnik - Elektronik 2027 | Dualer Student (m/w/d): Wirtschaftsingenieurwesen - Elektrotechnik 2027;2;2;2026-09-20;2026-09-23;2026;ba-jobsuche;;
MAN Truck & Bus;Stuttgart;70173;;BADEN_WUERTTEMBERG;Kaufmann/-frau - Büromanagement | Kraftfahrzeugmechatroniker/in - Nutzfahrzeugtechnik | Kraftfahrzeugmechatroniker/in - System- und Hochvolttechnik;3;3;2026-09-20;2026-09-23;2026;ba-jobsuche;;
Mandic  Dr. Borislav;Stuttgart;70190;Werastr.;BADEN_WUERTTEMBERG;Zahnmedizinische/r Fachangestellte/r;1;1;2026-09-20;2026-09-21;2026;ba-jobsuche;;
Marché Mövenpick Deutschland GmbH - Wilhelma Stuttgart;Stuttgart;70376;;BADEN_WUERTTEMBERG;Fachkraft - Gastronomie | Fachkraft - Küche | Fachmann/-frau - Systemgastronomie;3;3;2026-09-20;2026-09-23;2026;ba-jobsuche;;
Marienhospital Stuttgart;Stuttgart;70173;;BADEN_WUERTTEMBERG;Pflegefachmann/-frau (Ausbildung);1;1;2026-09-20;2026-09-23;2026;ba-jobsuche;;
Maritim Hotel Stuttgart;Stuttgart;70174;;BADEN_WUERTTEMBERG;Fachmann/-frau - Restaurants und Veranstaltungsgastronomie | Hotelfachmann/-frau | Koch/Köchin | Veranstaltungskaufmann/-frau;4;8;2026-09-20;2026-09-23;2026;ba-jobsuche;;
Maritim Hotel Stuttgart Maritim Hotelgesellschaft mbH;Stuttgart;70174;Seidenstr.;BADEN_WUERTTEMBERG;Fachmann/-frau - Restaurants und Veranstaltungsgastronomie | Koch/Köchin;2;2;2026-09-20;2026-09-23;2026;ba-jobsuche;;
Marsh GmbH;Stuttgart;70173;Calwer Straße 7;BADEN_WUERTTEMBERG;Duales Studium Bachelor of Arts  (BWL/Versicherung) (m/w/d) | Kaufmann/-frau - Versicherungen und Finanzanlagen;2;2;2026-09-20;2026-09-23;2026;ba-jobsuche;;
Martina Kaps Rechtsanwältin / Dozentin;Stuttgart;70173;Kronprinzstr.;BADEN_WUERTTEMBERG;Rechtsanwaltsfachangestellte/r;1;1;2026-09-20;2026-09-23;2026;ba-jobsuche;;
Max Bögl Stiftung & Co. KG;Stuttgart;;;BADEN_WUERTTEMBERG;Studenten (m/w/d) Bauingenieurwesen 2027 in Stuttgart;1;1;2026-09-20;2026-09-23;2026;ba-jobsuche;;
McDonald's Deutschland LLC;Stuttgart;70378;Aldinger Str. 76;BADEN_WUERTTEMBERG;Duales Studium BWL - Food Management | Duales Studium BWL - Handel | Fachkraft - Gastronomie | Fachmann/-frau - Systemgastronomie;4;25;2026-09-20;2026-09-23;2026;ba-jobsuche;;
McFIT GmbH & Co. KG;Stuttgart;70469;Heilbronner Straße 389;BADEN_WUERTTEMBERG;Sport- und Fitnesskaufmann/-frau;1;1;2026-09-20;2026-09-21;2026;ba-jobsuche;;
Media-Saturn Deutschland GmbH;Stuttgart;70469;;BADEN_WUERTTEMBERG;Fachkraft - Lagerlogistik | Fachlagerist/in | Verkäufer/in;3;3;2026-09-20;2026-09-23;2026;ba-jobsuche;;
MediVision Trägergesellschaft GmbH;Stuttgart;70174;Leuschnerstr.;BADEN_WUERTTEMBERG;Medizinische/r Fachangestellte/r;1;1;2026-09-20;2026-09-23;2026;ba-jobsuche;;
Mercedes-Benz Group AG;Stuttgart;70376;;BADEN_WUERTTEMBERG;Duales Studium (m/w/d) | Duales Studium BWL - Technical Management Technischer Einkauf, Bachelor of Science | Duales Studium Informatik in Kooperation mit der Dualen Hochschule Baden-Württemberg 2027 (m/w/d/x) | Duales Studium Informatik Schwerpunkt Data Science / Künstliche Intelligenz in Kooperation mit... | Duales Studium Wirtschaftsinformatik Schwerpunkt Data Science / Künstliche Intelligenz in... | Fachinformatiker/in - Anwendungsentwicklung | Fahrzeuglackierer/in | Karosserie- und Fahrzeugbaumechaniker/in - Karosserieinstandhaltungstechnik | Kraftfahrzeugmechatroniker/in - System- und Hochvolttechnik;9;15;2026-09-20;2026-09-23;2026;ba-jobsuche;;
Mergenthaler GmbH Malerbetrieb;Stuttgart;70599;Scharnhauser Str.;BADEN_WUERTTEMBERG;Maler/in und Lackierer/in - Gestaltung und Instandhaltung;1;1;2026-09-20;2026-09-23;2026;ba-jobsuche;;
Metzgerei Klink Inh. Uwe Weeber;Stuttgart;70329;Augsburger Str.;BADEN_WUERTTEMBERG;Fachverkäufer/in - Lebensmittelhandwerk (Fleischerei);1;1;2026-09-20;2026-09-23;2026;ba-jobsuche;;
Metzgerei Oskar Zeeb GmbH;Stuttgart;70567;;BADEN_WUERTTEMBERG;Fachverkäufer/in - Lebensmittelhandwerk (Fleischerei);1;1;2026-09-20;2026-09-23;2026;ba-jobsuche;;
MG - Supermarkt Feuerbach GmbH;Stuttgart;70469;Borsigstr.;BADEN_WUERTTEMBERG;Kaufmann/-frau - Büromanagement;1;1;2026-09-20;2026-09-23;2026;ba-jobsuche;;
Michael Marquardt GmbH & Co. KG;Stuttgart;70372;Mercedesstr.;BADEN_WUERTTEMBERG;Kaufmann/-frau - Einzelhandel;1;1;2026-09-20;2026-09-23;2026;ba-jobsuche;;
mömax Deutschland GmbH;Stuttgart;70499;Flachter Straße 30;BADEN_WUERTTEMBERG;Verkäufer/in;1;2;2026-09-20;2026-09-23;2026;ba-jobsuche;;
Motel One Germany BetriebsGmbH;Stuttgart;70174;Kriegsbergstraße;BADEN_WUERTTEMBERG;Kaufmann/-frau - Hotelmanagement;1;1;2026-09-20;2026-09-23;2026;ba-jobsuche;;
MPI f. Festkörperforschung;Stuttgart;70569;Heisenbergstr.;BADEN_WUERTTEMBERG;Industriemechaniker/in;1;1;2026-09-20;2026-09-23;2026;ba-jobsuche;;
mpl Software GmbH;Stuttgart;70567;Zettachring;BADEN_WUERTTEMBERG;Kaufmann/-frau - IT-System-Management;1;1;2026-09-20;2026-09-23;2026;ba-jobsuche;;
Müller Holding GmbH & Co. KG;Stuttgart;70372;Wildunger Str. 2;BADEN_WUERTTEMBERG;Fachwirt/in - Handel (doppelt qualifizierende Ausbildung) | Kaufmann/-frau - Einzelhandel | Verkäufer/in;3;14;2026-09-20;2026-09-23;2026;ba-jobsuche;;
Netto Marken-Discount Stiftung & Co. KG;Stuttgart;70378;Aldinger Str. 54;BADEN_WUERTTEMBERG;Kaufmann/-frau - Einzelhandel | Verkäufer/in;2;45;2026-09-20;2026-09-23;2026;ba-jobsuche;;
Netze BW GmbH;Stuttgart;70567;Schelmenwasenstr.;BADEN_WUERTTEMBERG;Duales Studium Elektrotechnik und Informationstechnik (B.Eng) Studienrichtung: Elektrische Energiete | Duales Studium Elektrotechnik und Informationstechnik / Elektronik (B. Eng) | Duales Studium Informatik / Cyber Security (B. Sc.) | Duales Studium Informatik / Informationstechnik (B. Sc.) | Duales Studium Rechnungswesen, Steuern, Wirtschaftsrecht / Accounting & Controlling (B. Sc.) | Duales Studium Wirtschaftsinformatik/Application Management (B. Sc.) | Industriekaufmann/-frau;7;7;2026-09-20;2026-09-23;2026;ba-jobsuche;;
NKD Deutschland GmbH;Stuttgart;70469;Grazer Str.;BADEN_WUERTTEMBERG;Fachwirt/in - Handel (doppelt qualifizierende Ausbildung);1;1;2026-09-20;2026-09-23;2026;ba-jobsuche;;
NORMA Lebensmittelfilialbetrieb Stiftung & Co. KG;Stuttgart;70191;;BADEN_WUERTTEMBERG;Kaufmann/-frau - Einzelhandel | Verkäufer/in;2;8;2026-09-20;2026-09-23;2026;ba-jobsuche;;
Notarkammer Baden-Württemberg;Stuttgart;70174;Friedrichstr.;BADEN_WUERTTEMBERG;Notarfachangestellte/r;1;1;2026-09-20;2026-09-23;2026;ba-jobsuche;;
Oberfinanzdirektion Baden-Württemberg Land BW;Stuttgart;70173;;BADEN_WUERTTEMBERG;Beamter/Beamtin - Steuerverwaltung (mittlerer nichttechnischer Dienst) | DUALES STUDIUM zum 01.03.2027 - Bachelor of Laws (geh. Dienst) | DUALES STUDIUM zum 01.10.2027 - Bachelor of Laws (geh. Dienst);3;9;2026-09-20;2026-09-23;2026;ba-jobsuche;;
Oberfinanzdirektion BW - Landeszentrum für Datenverarbeitung;Stuttgart;70178;Rotebühlplatz;BADEN_WUERTTEMBERG;Bachelor of Science - Informatik (m/w/d) | Bachelor of Science - Wirtschaftsinformatik (m/w/d);2;2;2026-09-20;2026-09-23;2026;ba-jobsuche;;
Oberlandesgericht Stuttgart;Stuttgart;70182;Olgastr.;BADEN_WUERTTEMBERG;Rechtspfleger/in;1;1;2026-09-20;2026-09-23;2026;ba-jobsuche;;
OMEGA SORG Stuttgart GmbH;Stuttgart;70327;Kesselstr.;BADEN_WUERTTEMBERG;Fachkraft - Lagerlogistik | Kaufmann/-frau - Groß- und Außenhandelsmanagement (Großhandel);2;2;2026-09-20;2026-09-23;2026;ba-jobsuche;;
P-Call GmbH & Co. KG;Stuttgart;70376;Naststr.;BADEN_WUERTTEMBERG;BWL-Dienstleistungsmanagement Schwerpunkt Media, Vertrieb und Kommunikation (MVK);1;1;2026-09-20;2026-09-23;2026;ba-jobsuche;;
Papier-Puschmann GmbH & Co. KG;Stuttgart;70173;Königstraße;BADEN_WUERTTEMBERG;Verkäufer/in;1;1;2026-09-20;2026-09-23;2026;ba-jobsuche;;
Parfümerie Douglas Deutschland GmbH;Stuttgart;70173;;BADEN_WUERTTEMBERG;Fachwirt/in - Vertrieb im Einzelhandel (doppelt qualifizierende Ausbildung) | Kaufmann/-frau - Einzelhandel;2;3;2026-09-20;2026-09-23;2026;ba-jobsuche;;
Paul Bauder GmbH & Co. KG Stuttgart;Stuttgart;70499;Korntaler Landstr.;BADEN_WUERTTEMBERG;Fachlagerist/in;1;1;2026-09-20;2026-09-23;2026;ba-jobsuche;;
Penny-Markt GmbH Verwaltung;Stuttgart;70374;;BADEN_WUERTTEMBERG;Kaufmann/-frau - Einzelhandel | Verkäufer/in;2;25;2026-09-20;2026-09-23;2026;ba-jobsuche;;
per Invest GmbH;Stuttgart;70173;Calwer Str.;BADEN_WUERTTEMBERG;Duales Studium BWL – Immobilienwirtschaft (B.A.);1;1;2026-09-20;2026-09-23;2026;ba-jobsuche;;
Peter Gross Hochbau GmbH & Co. KG NL. Stuttgart;Stuttgart;70327;Hedelfinger Str.;BADEN_WUERTTEMBERG;Duales Studium Bauingenieurwesen Projektmanagement - Hochbau;1;1;2026-09-20;2026-09-23;2026;ba-jobsuche;;
Physics GmbH;Stuttgart;70563;Hauptstr.;BADEN_WUERTTEMBERG;Sport- und Fitnesskaufmann/-frau;1;1;2026-09-20;2026-09-23;2026;ba-jobsuche;;
PKF Wulf Gruppe GmbH & Co. KG;Stuttgart;70597;Löffelstr.;BADEN_WUERTTEMBERG;Duales Studium RSW – Accounting und Controlling (Start 2027) | Duales Studium RSW – Wirtschaftsprüfung | Duales Studium Wirtschaftsinformatik - Sales & Consulting;3;3;2026-09-20;2026-09-23;2026;ba-jobsuche;;
POCO Einrichtungsmärkte GmbH;Stuttgart;70376;;BADEN_WUERTTEMBERG;Verkäufer/in;1;1;2026-09-20;2026-09-23;2026;ba-jobsuche;;
Praxis Dr. Yves Vaße;Stuttgart;70567;Filderbahnplatz;BADEN_WUERTTEMBERG;Zahnmedizinische/r Fachangestellte/r;1;1;2026-09-20;2026-09-23;2026;ba-jobsuche;;
proJob Personal- und Unternehmensberatung GmbH;Stuttgart;70178;Rotebühlstraße;BADEN_WUERTTEMBERG;Duales Studium zum Bachelor of Arts (B.A.): Fachrichtung Messe-, Kongress- und Event-Management;1;1;2026-09-20;2026-09-23;2026;ba-jobsuche;;
R+V Allgemeine Versicherung AG;Stuttgart;70499;Mittlerer Pfad;BADEN_WUERTTEMBERG;Duales Studium - Bachelor of Arts BWL – Versicherung (m/w/d) | Kaufmann/-frau - Versicherungen und Finanzanlagen;2;2;2026-09-20;2026-09-23;2026;ba-jobsuche;;
RA 0711 Rechtsanwälte Stuttgart Sauer u Partner;Stuttgart;70176;Kornbergstr.;BADEN_WUERTTEMBERG;Rechtsanwaltsfachangestellte/r;1;1;2026-09-23;2026-09-23;2026;ba-jobsuche;;
Radio L12 GmbH & Co. KG;Stuttgart;70173;Königstr.;BADEN_WUERTTEMBERG;Kaufmann/-frau - audiovisuelle Medien | Kaufmann/-frau - Marketingkommunikation;2;3;2026-09-20;2026-09-23;2026;ba-jobsuche;;
Regierungspräsidium Stuttgart Personalreferat;Stuttgart;70565;Ruppmannstr.;BADEN_WUERTTEMBERG;Bauingenieurwesen (m/w/d);1;1;2026-09-20;2026-09-23;2026;ba-jobsuche;;
Retail Operating Company Deuts chland GmbH;Stuttgart;70197;;BADEN_WUERTTEMBERG;Kaufmann/-frau - Einzelhandel;1;2;2026-09-20;2026-09-23;2026;ba-jobsuche;;
Retail Operating Company Deutschland GmbH;Stuttgart;70197;L1015 63;BADEN_WUERTTEMBERG;Fachwirt/in - Vertrieb im Einzelhandel (doppelt qualifizierende Ausbildung);1;2;2026-09-20;2026-09-23;2026;ba-jobsuche;;
REWE Markt GmbH ZwNL Südwest;Stuttgart;70376;;BADEN_WUERTTEMBERG;Fachverkäufer/in - Lebensmittelhandwerk (Fleischerei) | Kaufmann/-frau - Einzelhandel | Verkäufer/in;3;11;2026-09-20;2026-09-23;2026;ba-jobsuche;;
Rhenus SE & CO. KG;Stuttgart;70327;;BADEN_WUERTTEMBERG;Fachkraft - Lagerlogistik | Fachlagerist/in;2;3;2026-09-20;2026-09-23;2026;ba-jobsuche;;
Ried GmbH;Stuttgart;70376;Kölner Str.;BADEN_WUERTTEMBERG;Informationselektroniker/in;1;1;2026-09-20;2026-09-23;2026;ba-jobsuche;;
Robert Bosch GmbH;Stuttgart;70499;;BADEN_WUERTTEMBERG;Bachelor of Engineering (B.Eng.) Studiengang: Elektrotechnik und Informationstechnik ... / 2027_367 | Bachelor of Engineering (B.Eng.) Studiengang: Maschinenbau 2027 / 2027_370 | Bachelor of Engineering (B.Eng.) Studiengang: Mechatronik 2027 / 2027_369 | Bachelor of Engineering (B.Eng.) Studiengang: Wirtschaftsingenieurwesen - Elektrotech... / 2027_390 | Bachelor of Science (B.Sc.) Studiengang: Informatik - Cyber Security 2027 / 2027_372 | Bachelor of Science (B.Sc.) Studiengang: Informatik 2027 / 2027_371 | Bachelor of Science (B.Sc.) Studiengang: Wirtschaftsinformatik - Application Manageme... / 2027_359 | Bachelor of Science (B.Sc.) Studiengang: Wirtschaftsinformatik - Data Science 2027 / 2027_3590 | Elektroniker/in - Betriebstechnik | Elektroniker/in - Gebäudesystemintegration | Industriemechaniker/in | IT-System-Elektroniker/in | Kaufmann/-frau - Büromanagement | Mechatroniker/in | Organisationsassistent/in | Sozialversicherungsfachangestellte/r - allgemeine Krankenversicherung | Werkfeuerwehrmann/-frau;17;19;2026-09-20;2026-09-23;2026;ba-jobsuche;;
Rödl GmbH RAG StBG;Stuttgart;70174;Friedrichstraße;BADEN_WUERTTEMBERG;Duales Studium Wirtschaftsprüfung (m/w/d);1;1;2026-09-20;2026-09-23;2026;ba-jobsuche;;
Rominger + Partner Wirtschaftsprüfer, Steuerberater, Rechtsanwalt;Stuttgart;70173;Königstr.;BADEN_WUERTTEMBERG;Steuerfachangestellte/r;1;1;2026-09-20;2026-09-23;2026;ba-jobsuche;;
Röther Beteiligungs GmbH;Stuttgart;70563;;BADEN_WUERTTEMBERG;Verkäufer/in;1;1;2026-09-20;2026-09-23;2026;ba-jobsuche;;
rudolph trucking & handling gmbh;Stuttgart;70629;Luftfrachtzentrum;BADEN_WUERTTEMBERG;Fachkraft - Lagerlogistik | Fachlagerist/in | Kaufmann/-frau - Spedition und Logistikdienstleistung;3;3;2026-09-22;2026-09-23;2026;ba-jobsuche;;
RWT;Stuttgart;70180;;BADEN_WUERTTEMBERG;Duales Studium Bachelor of Science RSW - Wirtschaftsprüfung - ab 2027;1;1;2026-09-20;2026-09-23;2026;ba-jobsuche;;
SBK (Siemens Betriebskrankenkasse);Stuttgart;70173;;BADEN_WUERTTEMBERG;Sozialversicherungsfachangestellte/r - allgemeine Krankenversicherung;1;1;2026-09-20;2026-09-23;2026;ba-jobsuche;;
SCHARR TRUCK GmbH;Stuttgart;70565;Handwerkstraße 35;BADEN_WUERTTEMBERG;Kraftfahrzeugmechatroniker/in - Personenkraftwagentechnik;1;1;2026-09-20;2026-09-23;2026;ba-jobsuche;;
Sehne Backwaren KG;Stuttgart;70180;Heusteigstraße;BADEN_WUERTTEMBERG;Fachverkäufer/in - Lebensmittelhandwerk (Bäckerei);1;1;2026-09-20;2026-09-23;2026;ba-jobsuche;;
Selecta Klemm;Stuttgart;70378;;BADEN_WUERTTEMBERG;Gärtner/in - Gemüsebau;1;1;2026-09-20;2026-09-23;2026;ba-jobsuche;;
Siedlungswerk GmbH Wohnungs- und Städtebau;Stuttgart;70180;Heusteigstraße 27/29;BADEN_WUERTTEMBERG;Immobilienkaufmann/-frau;1;1;2026-09-20;2026-09-23;2026;ba-jobsuche;;
SIEGLE + EPPLE GmbH & Co. KG;Stuttgart;70499;Flachter Str.;BADEN_WUERTTEMBERG;Anlagenmechaniker/in | Elektroniker/in - Betriebstechnik | Industriekaufmann/-frau | Kaufmann/-frau - Büromanagement | Technische/r Systemplaner/in - Versorgungs- und Ausrüstungstechnik;5;5;2026-09-20;2026-09-23;2026;ba-jobsuche;;
SIEMENS AG;Stuttgart;70435;;BADEN_WUERTTEMBERG;BWL (B.A.) mit Schwerpunkt Digital-Business-Management 2027 | Elektro- und Informationstechnik (B.Eng.) 2027 | Elektroniker/in - Automatisierungstechnik | Elektroniker/in - Betriebstechnik | Elektrotechnik (B.Eng.) im COM Modell 2027 | Elektrotechnik (B.Eng.) im COM Modell mit Befähigung zur Elektrofachkraft (w/m/d) 2027 | Embedded Systems (B.Eng.) 2027 | Industriekaufmann/-frau | Koch/Köchin | Nachhaltige Gebäude- und Energietechnik (B.Eng.) im COM Modell 2027 | Wirtschaftsingenieurwesen (B.Eng.) 2027;11;12;2026-09-20;2026-09-23;2026;ba-jobsuche;;
Siemens Betriebskrankenkasse;Stuttgart;70499;Weissacher Str.;BADEN_WUERTTEMBERG;Sozialversicherungsfachangestellte/r - allgemeine Krankenversicherung;1;1;2026-09-20;2026-09-23;2026;ba-jobsuche;;
Siemens Energy Global GmbH & Co. KG;Stuttgart;70435;Schwieberdinger Straße 95-99;BADEN_WUERTTEMBERG;B. Eng in Elektro- und Informationstechnik (DHBW) (w/m/d);1;1;2026-09-20;2026-09-22;2026;ba-jobsuche;;
Siemens Healthineers AG;Stuttgart;70499;Weissacher Straße;BADEN_WUERTTEMBERG;Duales Bachelorstudium Medizintechnik (B.Eng.) - Medizinische Systeme - Stuttgart;1;1;2026-09-20;2026-09-23;2026;ba-jobsuche;;
SIGNAL IDUNA;Stuttgart;70173;;BADEN_WUERTTEMBERG;Kaufmann/-frau - Versicherungen und Finanzanlagen;1;1;2026-09-20;2026-09-23;2026;ba-jobsuche;;
SIGNAL IDUNA Krankenversicheru ng a. G.;Stuttgart;70191;Heilbronner Str.;BADEN_WUERTTEMBERG;Kaufmann/-frau - Versicherungen und Finanzanlagen;1;1;2026-09-20;2026-09-23;2026;ba-jobsuche;;
SIGNAL IDUNA Krankenversicherung a. G.;Stuttgart;70191;;BADEN_WUERTTEMBERG;Kaufmann/-frau - Versicherungen und Finanzanlagen;1;1;2026-09-20;2026-09-23;2026;ba-jobsuche;;
SIWAsec GmbH;Stuttgart;70567;Eichwiesenring;BADEN_WUERTTEMBERG;Informationselektroniker/in;1;1;2026-09-20;2026-09-23;2026;ba-jobsuche;;
SMS Spedition Management Service GmbH;Stuttgart;70629;Flughafen Luftfrachtz. 610 - 2;BADEN_WUERTTEMBERG;Kaufmann/-frau - Spedition und Logistikdienstleistung;1;1;2026-09-20;2026-09-23;2026;ba-jobsuche;;
SOOVARY KEIFER & OPPERMAN Steuerberater PartG mbB;Stuttgart;70178;Mörikestr.;BADEN_WUERTTEMBERG;Steuerfachangestellte/r;1;1;2026-09-20;2026-09-23;2026;ba-jobsuche;;
Sozialversicherung für Landwirtschaft Forsten und Gartenbau;Stuttgart;70199;Vogelrainstr.;BADEN_WUERTTEMBERG;Sozialversicherungsfachangestellte/r - landwirtschaftliche Sozialversicherung | Studierende (m/w/d) - Duales Studium;2;2;2026-09-20;2026-09-23;2026;ba-jobsuche;;
Sparda-Bank Baden-Württemberg eG;Stuttgart;70173;;BADEN_WUERTTEMBERG;Bankkaufmann/-frau | Finanzassistent/in (doppelt qualifizierende Ausbildung);2;2;2026-09-20;2026-09-23;2026;ba-jobsuche;;
SPIE Germany Switzerland Austria GmbH;Stuttgart;;;BADEN_WUERTTEMBERG;Anlagenmechaniker/in - Sanitär-, Heizungs- und Klimatechnik;1;1;2026-09-20;2026-09-23;2026;ba-jobsuche;;
Sprint Sanierung GmbH;Stuttgart;70567;Schelmenwasenstraße;BADEN_WUERTTEMBERG;Maler/in und Lackierer/in - Gestaltung und Instandhaltung;1;1;2026-09-20;2026-09-23;2026;ba-jobsuche;;
St. Anna gGmbH;Stuttgart;70374;Obere Waiblinger Str.;BADEN_WUERTTEMBERG;Koch/Köchin;1;1;2026-09-20;2026-09-23;2026;ba-jobsuche;;
Starkbau Stuckateurmeister- betrieb GmbH;Stuttgart;70565;Gewerbestarße;BADEN_WUERTTEMBERG;Stuckateur/in;1;1;2026-09-20;2026-09-23;2026;ba-jobsuche;;
Steimle Rollladen GmbH & Co. KG;Stuttgart;70195;;BADEN_WUERTTEMBERG;Rollladen- und Sonnenschutzmechatroniker/in;1;1;2026-09-20;2026-09-23;2026;ba-jobsuche;;
steinbaumeister Stuttgart GmbH;Stuttgart;70327;Württembergstr.;BADEN_WUERTTEMBERG;Steinmetz/in und Steinbildhauer/in - Steinbildhauerarbeiten;1;1;2026-09-20;2026-09-23;2026;ba-jobsuche;;
Steuerberater Achim Mihailowitsch;Stuttgart;70327;Augsburger Str.;BADEN_WUERTTEMBERG;Kaufmann/-frau - Büromanagement | Steuerfachangestellte/r;2;2;2026-09-20;2026-09-23;2026;ba-jobsuche;;
Stier GmbH & Co. KG Garten-, Sport- und Freizeitanlagen;Stuttgart;;;BADEN_WUERTTEMBERG;Duales Studium: BWL - Handel - Management im Garten- und Landschaftsbau | Gärtner/in - Garten- und Landschaftsbau;2;2;2026-09-20;2026-09-23;2026;ba-jobsuche;;
Sto SE & Co. KGaA;Stuttgart;70197;;BADEN_WUERTTEMBERG;Fachkraft - Lagerlogistik;1;1;2026-09-20;2026-09-23;2026;ba-jobsuche;;
Studio Fitness Weilimdorf;Stuttgart;70499;Holderäckerstr.;BADEN_WUERTTEMBERG;DH-Studium  - Start monatlich möglich;1;1;2026-09-20;2026-09-23;2026;ba-jobsuche;;
Stuttgart;Stuttgart;70173;Calwer Straße;BADEN_WUERTTEMBERG;Kaufmann/-frau - Büromanagement;1;1;2026-09-20;2026-09-23;2026;ba-jobsuche;;
Stuttgarter Straßenbahnen AG;Stuttgart;70565;Schockenriedstr.;BADEN_WUERTTEMBERG;Bachelor of Arts (B.A.) Dienstleistungsmanagement, Logistik- & Supply Chain Management (Beginn 2027) | Bachelor of Arts (B.A.) Dienstleistungsmanagement, Media, Vertrieb und Kommunikation (Beginn 2027) | Bachelor of Engineering (B.Eng.), Bauingenieurwesen, Fachrichtung Projektmanagement (Beginn 2027) | Bachelor of Engineering (B.Eng.), Elektrotechnik und Informationstechnik, Nachrichtentechnik (2027) | Bachelor of Science (B.Sc.) Wirtschaftsinformatik, Application Management (Beginn 2027) | Bachelor of Science, Rechnungswesen, Steuern, Wirtschaftsrecht - Accounting und Controlling (2027) | Elektroniker/in - Betriebstechnik | Fachinformatiker/in - Systemintegration | Fachkraft - Fahrbetrieb | Fachkraft - Lagerlogistik | Industriekaufmann/-frau | Industriemechaniker/in | Karosserie- und Fahrzeugbaumechaniker/in - Karosserieinstandhaltungstechnik | Kraftfahrzeugmechatroniker/in - Personenkraftwagentechnik | Kraftfahrzeugmechatroniker/in - System- und Hochvolttechnik | Mechatroniker/in;16;16;2026-09-20;2026-09-23;2026;ba-jobsuche;;
SupplyX GmbH;Stuttgart;;;BADEN_WUERTTEMBERG;Kaufmann/-frau - Spedition und Logistikdienstleistung;1;1;2026-09-20;2026-09-23;2026;ba-jobsuche;;
SV SparkassenVersicherung Gebäudeversicherung AG;Stuttgart;70376;Löwentorstr.;BADEN_WUERTTEMBERG;Duales Studium 2026 | Finanzassistent/in (doppelt qualifizierende Ausbildung) | Kaufmann/-frau - Versicherungen und Finanzanlagen;3;6;2026-09-20;2026-09-23;2026;ba-jobsuche;;
TARGOBANK AG;Stuttgart;70435;;BADEN_WUERTTEMBERG;Bankkaufmann/-frau;1;1;2026-09-20;2026-09-23;2026;ba-jobsuche;;
Techniker Krankenkasse;Stuttgart;70499;Ingersheimer Straße;BADEN_WUERTTEMBERG;Kaufmann/-frau - Gesundheitswesen;1;2;2026-09-20;2026-09-23;2026;ba-jobsuche;;
tegut... gute Lebensmittel GmbH & Co. KG;Stuttgart;70173;Königstraße 26;BADEN_WUERTTEMBERG;Kaufmann/-frau - Einzelhandel;1;1;2026-09-20;2026-09-23;2026;ba-jobsuche;;
Theodor Wölpert GmbH & Co.KG;Stuttgart;70329;Augsburger Straße 570;BADEN_WUERTTEMBERG;Kaufmann/-frau - Groß- und Außenhandelsmanagement (Großhandel);1;1;2026-09-20;2026-09-23;2026;ba-jobsuche;;
Till Boegel Steinmetz- u. Steinbildhauermeister;Stuttgart;70180;Sophienstr.;BADEN_WUERTTEMBERG;Steinmetz/in und Steinbildhauer/in - Steinbildhauerarbeiten;1;1;2026-09-20;2026-09-23;2026;ba-jobsuche;;
TJX Deutschland Ltd. & Co. KG;Stuttgart;70173;Königstraße;BADEN_WUERTTEMBERG;Kaufmann/-frau - Einzelhandel | Verkäufer/in;2;2;2026-09-20;2026-09-23;2026;ba-jobsuche;;
tobi's GmbH;Stuttgart;70597;Keßlerweg;BADEN_WUERTTEMBERG;Fachmann/-frau - Systemgastronomie;1;1;2026-09-20;2026-09-23;2026;ba-jobsuche;;
Transgourmet DE GmbH & Co. OHG;Stuttgart;70469;Heilbronner Str.;BADEN_WUERTTEMBERG;Fachkraft - Lagerlogistik | Kaufmann/-frau - Einzelhandel | Kaufmann/-frau - Groß- und Außenhandelsmanagement (Großhandel) | Verkäufer/in;4;4;2026-09-20;2026-09-23;2026;ba-jobsuche;;
TrauDich!Messe GmbH;Stuttgart;70199;Adlerstr.;BADEN_WUERTTEMBERG;Kaufmann/-frau - Marketingkommunikation;1;1;2026-09-20;2026-09-23;2026;ba-jobsuche;;
Treuhand Stuttgart GmbH & Co. KG;Stuttgart;70563;Möhringer Landstraße;BADEN_WUERTTEMBERG;Kaufmann/-frau - Büromanagement | Steuerfachangestellte/r;2;2;2026-09-20;2026-09-23;2026;ba-jobsuche;;
TUI Business Services GmbH - Niedersachsen -;Stuttgart;70173;Kronprinzstr.;BADEN_WUERTTEMBERG;Tourismuskaufmann/-frau (Privat- und Geschäftsreisen);1;1;2026-09-20;2026-09-23;2026;ba-jobsuche;;
TWT GmbH Science & Innovation;Stuttgart;70565;Industriestraße 6;BADEN_WUERTTEMBERG;Kaufmann/-frau - Büromanagement;1;1;2026-09-20;2026-09-23;2026;ba-jobsuche;;
U.I. Lapp GmbH;Stuttgart;70565;Schulze-Delitzsch-Straße 25;BADEN_WUERTTEMBERG;Assistent/in - Maschinenbautechnik | Betriebswirt/in (doppelt qualifizierende Ausbildung) - allgemeine Betriebswirtschaft | Elektrotechnische/r Assistent/in | Fachkraft - Lagerlogistik | Industriekaufmann/-frau | Kaufmann/-frau - Groß- und Außenhandelsmanagement (Großhandel) | Maschinen- und Anlagenführer/in - Metall-, Kunststofftechnik | Mechatroniker/in | Mit uns in eine LAPPtastische Zukunft starten – Bewirb Dich jetzt für den Start 9/2027!;9;26;2026-09-20;2026-09-23;2026;ba-jobsuche;;
ÜBAG Dr. Wertenauer und Kollegen GbR;Stuttgart;70469;Grazer Str.;BADEN_WUERTTEMBERG;Medizinische/r Fachangestellte/r;1;2;2026-09-20;2026-09-23;2026;ba-jobsuche;;
Uni - Stuttgart - Zentrale Verwaltung -Dezernat Personal- Land BW;Stuttgart;70569;Pfaffenwaldring;BADEN_WUERTTEMBERG;2027 Duales Studium, Bachelor of Science (B.Sc.) Informatik | Baustoffprüfer/in | Elektroniker/in - Geräte und Systeme | Fachangestellte/r - Medien- und Informationsdienste - Bibliothek | Industriemechaniker/in | Kunststoff- und Kautschuktechnologe/-technologin - Formteile | Mechatroniker/in | Werkstoffprüfer/in - Kunststofftechnik | Werkstoffprüfer/in - Metalltechnik;9;9;2026-09-20;2026-09-23;2026;ba-jobsuche;;
Urologische Praxis Roozbeh Tanhaeivash;Stuttgart;70188;Ostendstr.;BADEN_WUERTTEMBERG;Medizinische/r Fachangestellte/r;1;1;2026-09-20;2026-09-23;2026;ba-jobsuche;;
Valprovia GmbH;Stuttgart;70563;Möhringer Landstr.;BADEN_WUERTTEMBERG;Fachinformatiker/in - Anwendungsentwicklung | Fachinformatiker/in - Systemintegration | Kaufmann/-frau - Büromanagement | Kaufmann/-frau - IT-System-Management;4;4;2026-09-20;2026-09-23;2026;ba-jobsuche;;
Versicherungs-Programme Uwe Th. Pilz GmbH;Stuttgart;70376;Austraße;BADEN_WUERTTEMBERG;Kaufmann/-frau - Versicherungen und Finanzanlagen;1;1;2026-09-20;2026-09-23;2026;ba-jobsuche;;
vhs Stuttgart e.V.;Stuttgart;70173;;BADEN_WUERTTEMBERG;Kaufmann/-frau - Büromanagement;1;1;2026-09-20;2026-09-23;2026;ba-jobsuche;;
Vodafone GmbH;Stuttgart;70173;;BADEN_WUERTTEMBERG;Kaufmann/-frau - Einzelhandel;1;2;2026-09-20;2026-09-23;2026;ba-jobsuche;;
Volksbank Stuttgart;Stuttgart;70372;Daimlerstr.;BADEN_WUERTTEMBERG;Bankkaufmann/-frau | Duales Studium 01.09.2027 - Bachelor of Arts (B.A.) BWL-Bank | Duales Studium 01.09.2027 - Bachelor of Arts (B.A.) BWL-Digital Business Management | Duales Studium 01.09.2027- Bachelor of Arts (B.A.) BWL-Finanzdienstleistungen;4;7;2026-09-20;2026-09-23;2026;ba-jobsuche;;
Volkswagen Automobile Stuttgart GmbH;Stuttgart;70188;Wangener Straße 66;BADEN_WUERTTEMBERG;Automobilkaufmann/-frau | Fahrzeuglackierer/in | Kaufmann/-frau - Einzelhandel | Kraftfahrzeugmechatroniker/in - Personenkraftwagentechnik;4;4;2026-09-20;2026-09-23;2026;ba-jobsuche;;
von Affenfels GmbH;Stuttgart;70174;Kronenstr.;BADEN_WUERTTEMBERG;Fachinformatiker/in - Anwendungsentwicklung;1;1;2026-09-20;2026-09-23;2026;ba-jobsuche;;
VPV Lebensversicherungs- AG;Stuttgart;70499;Mittlerer Pfad;BADEN_WUERTTEMBERG;Duales Studium - BWL Digital Business Management (B.A.) für das Studienjahr 2026 | Duales Studium - BWL Risk & Insurance Management (B.A.) für das Studienjahr 2026 | Kaufmann/-frau - Versicherungen und Finanzanlagen;3;3;2026-09-20;2026-09-23;2026;ba-jobsuche;;
Wahl GmbH;Stuttgart;70197;Unter dem Birkenkopf;BADEN_WUERTTEMBERG;Kaufmann/-frau - Groß- und Außenhandelsmanagement (Großhandel);1;1;2026-09-20;2026-09-23;2026;ba-jobsuche;;
Weckbacher Sicherheitssysteme GmbH;Stuttgart;70499;Motorstr. 4;BADEN_WUERTTEMBERG;Kaufmann/-frau - Groß- und Außenhandelsmanagement (Außenhandel);1;1;2026-09-20;2026-09-23;2026;ba-jobsuche;;
Weckerle Lackfabrik GmbH;Stuttgart;70435;Strohgäustr.;BADEN_WUERTTEMBERG;Kaufmann/-frau - Büromanagement | Produktionsfachkraft Chemie;2;2;2026-09-20;2026-09-23;2026;ba-jobsuche;;
Werner Braun GmbH Schreinerei;Stuttgart;70469;Theodorstr.;BADEN_WUERTTEMBERG;Tischler/in;1;1;2026-09-20;2026-09-23;2026;ba-jobsuche;;
winkler Unternehmensgruppe;Stuttgart;70469;Leitzstraße;BADEN_WUERTTEMBERG;Fachinformatiker/in - Systemintegration | Kaufmann/-frau - Büromanagement | Kaufmann/-frau - Groß- und Außenhandelsmanagement (Außenhandel);3;3;2026-09-20;2026-09-23;2026;ba-jobsuche;;
WirtschaftsTreuhand GmbH;Stuttgart;70565;Schulze-Delitzsch-Str.;BADEN_WUERTTEMBERG;Duales Studium RSW – Steuern und Prüfungswesen (m/w/d) – Start: Oktober 2027 | Duales Studium RSW – Wirtschafts- und Steuerrecht (m/w/d) – Start: Oktober 2027;2;2;2026-09-20;2026-09-23;2026;ba-jobsuche;;
Witte, Weller & Partner Patentanwälte mbB;Stuttgart;70173;Königstr.;BADEN_WUERTTEMBERG;Patentanwaltsfachangestellte/r;1;1;2026-09-20;2026-09-23;2026;ba-jobsuche;;
Wohlfahrtswerk Altenhilfe gGmbH;Stuttgart;;;BADEN_WUERTTEMBERG;Altenpflegehelfer/in | Pflegefachmann/-frau (Ausbildung);2;2;2026-09-20;2026-09-23;2026;ba-jobsuche;;
Wohlfahrtswerk für BW;Stuttgart;70176;Schloßstr.;BADEN_WUERTTEMBERG;Duales Studium - Angewandte Gesundheits- und Pflegewissenschaften (m/w/d) | Pflegefachassistent/in / Pflegefachassistenzperson | Pflegefachmann/-frau (Ausbildung);3;3;2026-09-20;2026-09-23;2026;ba-jobsuche;;
WOLFF & MÜLLER Holding GmbH&Co.KG Service-Einheiten (Hauptverwaltung);Stuttgart;70435;Schwieberdinger Straße;BADEN_WUERTTEMBERG;Dualer Student BWL-Industrie (w/m/d);1;1;2026-09-20;2026-09-23;2026;ba-jobsuche;;
Würth Industrie Service GmbH & Co. KG;Stuttgart;70376;;BADEN_WUERTTEMBERG;Kaufmann/-frau - Groß- und Außenhandelsmanagement (Großhandel);1;1;2026-09-20;2026-09-23;2026;ba-jobsuche;;
Württ. Schwesternschaft vom Roten Kreuz e. V.;Stuttgart;;;BADEN_WUERTTEMBERG;Pflegefachmann/-frau (Ausbildung);1;2;2026-09-20;2026-09-23;2026;ba-jobsuche;;
ZAR Stuttgart GmbH;Stuttgart;70372;;BADEN_WUERTTEMBERG;Duales Studium (B.A.) Gesundheitsmanagement (m/w/d);1;1;2026-09-22;2026-09-23;2026;ba-jobsuche;;
ZEEB Innenausbau GmbH;Stuttgart;70499;Motorstraße;BADEN_WUERTTEMBERG;Tischler/in;1;2;2026-09-20;2026-09-23;2026;ba-jobsuche;;
Züblin Spezialtiefbau GmbH;Stuttgart;70567;Albstadtweg;BADEN_WUERTTEMBERG;Spezialtiefbauer/in;1;1;2026-09-20;2026-09-23;2026;ba-jobsuche;;
Zweckverband Bodensee-Wasserversorgung;Stuttgart;70563;;BADEN_WUERTTEMBERG;Elektroniker/in - Betriebstechnik | Vermessungstechniker/in - Vermessung;2;2;2026-09-20;2026-09-23;2026;ba-jobsuche;;
Zweckverband Landeswasserversorgung;Stuttgart;70182;Schützenstr.;BADEN_WUERTTEMBERG;Fachinformatiker/in - Systemintegration;1;1;2026-09-20;2026-09-23;2026;ba-jobsuche;;
ZWP Ingenieur-AG;Stuttgart;70563;Meitnerstraße 10;BADEN_WUERTTEMBERG;Technische/r Systemplaner/in - Elektrotechnische Systeme;1;2;2026-09-20;2026-09-23;2026;ba-jobsuche;;
Häussermann GmbH & Co. KG;Sulzbach an der Murr;71560;Ittenberger Str.;BADEN_WUERTTEMBERG;Holzbearbeitungsmechaniker/in | Maschinen- und Anlagenführer/in (ohne Angabe des Schwerpunkts);2;2;2026-09-20;2026-09-23;2026;ba-jobsuche;;
Landmetzgerei Rupp-Holzwarth OHG;Sulzbach an der Murr;71560;Haller Str.;BADEN_WUERTTEMBERG;Fachverkäufer/in - Lebensmittelhandwerk (Fleischerei) | Fleischer/in;2;2;2026-09-20;2026-09-23;2026;ba-jobsuche;;
Landmetzgerei Setzer GmbH;Sulzbach an der Murr;71560;Milchstraße;BADEN_WUERTTEMBERG;Fachverkäufer/in - Lebensmittelhandwerk (Fleischerei);1;1;2026-09-20;2026-09-23;2026;ba-jobsuche;;
Netto Marken-Discount Stiftung & Co. KG;Sulzbach an der Murr;71560;Haller Str. 85;BADEN_WUERTTEMBERG;Kaufmann/-frau - Einzelhandel | Verkäufer/in;2;3;2026-09-20;2026-09-23;2026;ba-jobsuche;;
Norma Lebensmittelfilial- betrieb Stiftung & Co. KG;Sulzbach an der Murr;71560;Im Horben;BADEN_WUERTTEMBERG;Verkäufer/in;1;2;2026-09-20;2026-09-23;2026;ba-jobsuche;;
NORMA Lebensmittelfilialbetrieb Stiftung & Co. KG;Sulzbach an der Murr;71560;;BADEN_WUERTTEMBERG;Kaufmann/-frau - Einzelhandel | Verkäufer/in;2;2;2026-09-20;2026-09-23;2026;ba-jobsuche;;
Seniorenresidenz Gronbachmühle GmbH;Sulzbach an der Murr;71560;Murrhardter Str.;BADEN_WUERTTEMBERG;Pflegefachmann/-frau (Ausbildung);1;1;2026-09-20;2026-09-23;2026;ba-jobsuche;;
ALDI SÜD Dienstleistungs- SE & Co. oHG;Tamm;71732;;BADEN_WUERTTEMBERG;Verkäufer/in;1;1;2026-09-20;2026-09-23;2026;ba-jobsuche;;
Heinrich Diezel GmbH;Tamm;71732;Amselweg;BADEN_WUERTTEMBERG;Dachdecker/in;1;1;2026-09-20;2026-09-23;2026;ba-jobsuche;;
Jans Sicherheitssysteme GmbH;Tamm;71732;Stuttgarter Str.;BADEN_WUERTTEMBERG;Informationselektroniker/in;1;1;2026-09-20;2026-09-23;2026;ba-jobsuche;;
Netto Marken-Discount Stiftung & Co. KG;Tamm;71732;Im Länderrain 5;BADEN_WUERTTEMBERG;Kaufmann/-frau - Einzelhandel;1;1;2026-09-20;2026-09-23;2026;ba-jobsuche;;
Rentokil Initial GmbH & Co. KG;Tamm;71732;;BADEN_WUERTTEMBERG;Schädlingsbekämpfer/in;1;1;2026-09-20;2026-09-23;2026;ba-jobsuche;;
Robert Bosch GmbH;Tamm;71732;;BADEN_WUERTTEMBERG;Kaufmann/-frau - Groß- und Außenhandelsmanagement (Großhandel);1;1;2026-09-20;2026-09-23;2026;ba-jobsuche;;
ALLGAIER Process Technology GmbH;Uhingen;73066;Ulmer Str.;BADEN_WUERTTEMBERG;Konstruktionsmechaniker/in;1;1;2026-09-20;2026-09-23;2026;ba-jobsuche;;
Baustoffmarkt Uhingen;Uhingen;73066;Ottostr.;BADEN_WUERTTEMBERG;Fachkraft - Lagerlogistik | Fachlagerist/in | Kaufmann/-frau - Groß- und Außenhandelsmanagement (Großhandel);3;3;2026-09-20;2026-09-23;2026;ba-jobsuche;;
Burger Schloz Automobile GmbH & Co KG Uhingen;Uhingen;73066;Mercedesstr.;BADEN_WUERTTEMBERG;Automobilkaufmann/-frau | Fahrzeuglackierer/in | Kraftfahrzeugmechatroniker/in - Nutzfahrzeugtechnik | Kraftfahrzeugmechatroniker/in - Personenkraftwagentechnik;4;4;2026-09-20;2026-09-23;2026;ba-jobsuche;;
dm-drogerie markt GmbH + Co.KG;Uhingen;73066;Bahnhofstraße 15;BADEN_WUERTTEMBERG;Drogist/in;1;1;2026-09-20;2026-09-23;2026;ba-jobsuche;;
Helmut Rossmanith GmbH Antriebs- u. Regeltechnik;Uhingen;73066;Stuttgarter Str.;BADEN_WUERTTEMBERG;Elektroniker/in - Geräte und Systeme;1;1;2026-09-20;2026-09-23;2026;ba-jobsuche;;
Hermann Übele GmbH;Uhingen;73066;Römerstr.;BADEN_WUERTTEMBERG;Fahrzeuglackierer/in | Karosserie- und Fahrzeugbaumechaniker/in - Karosserieinstandhaltungstechnik;2;2;2026-09-20;2026-09-23;2026;ba-jobsuche;;
IT-Works GmbH;Uhingen;73066;Krapfenreuter Str.;BADEN_WUERTTEMBERG;Fachinformatiker/in - Systemintegration | Kaufmann/-frau - IT-System-Management;2;2;2026-09-20;2026-09-23;2026;ba-jobsuche;;
Kaufland;Uhingen;73066;;BADEN_WUERTTEMBERG;Verkäufer/in;1;2;2026-09-20;2026-09-23;2026;ba-jobsuche;;
Kaufland Dienstleistung GmbH & Co. KG;Uhingen;73066;Bleichereistraße;BADEN_WUERTTEMBERG;Verkäufer/in;1;2;2026-09-20;2026-09-23;2026;ba-jobsuche;;
Lidl Dienstleistung GmbH & Co. KG;Uhingen;73066;Bahnhofstr.;BADEN_WUERTTEMBERG;Fachwirt/in - Handel (doppelt qualifizierende Ausbildung) | Verkäufer/in;2;2;2026-09-20;2026-09-23;2026;ba-jobsuche;;
Ligeba Gerüstbau GmbH;Uhingen;73066;Bleichereistr.;BADEN_WUERTTEMBERG;Gerüstbauer/in;1;2;2026-09-20;2026-09-23;2026;ba-jobsuche;;
Meisterbäcker Kauderer GmbH;Uhingen;73066;;BADEN_WUERTTEMBERG;Fachverkäufer/in - Lebensmittelhandwerk (Bäckerei);1;1;2026-09-20;2026-09-23;2026;ba-jobsuche;;
Norma Lebensmittelfilial- betrieb Stiftung & Co. KG;Uhingen;73066;Bahnhofstraße;BADEN_WUERTTEMBERG;Verkäufer/in;1;2;2026-09-20;2026-09-23;2026;ba-jobsuche;;
NORMA Lebensmittelfilialbetrieb Stiftung & Co. KG;Uhingen;73066;;BADEN_WUERTTEMBERG;Kaufmann/-frau - Einzelhandel | Verkäufer/in;2;2;2026-09-20;2026-09-23;2026;ba-jobsuche;;
Prendes GmbH & Co. KG;Uhingen;73066;Albershäuser Str.;BADEN_WUERTTEMBERG;Kaufmann/-frau - Groß- und Außenhandelsmanagement (Großhandel);1;2;2026-09-20;2026-09-23;2026;ba-jobsuche;;
Wissner GmbH;Uhingen;73066;Heinkelstr.;BADEN_WUERTTEMBERG;Anlagenmechaniker/in - Sanitär-, Heizungs- und Klimatechnik;1;1;2026-09-21;2026-09-23;2026;ba-jobsuche;;
Wittmann GmbH Zahnradfabrik;Uhingen;73066;Bleichereistr.;BADEN_WUERTTEMBERG;Zerspanungsmechaniker/in;1;1;2026-09-20;2026-09-23;2026;ba-jobsuche;;
Wittmann Härterei GmbH;Uhingen;73066;Plochinger Str.;BADEN_WUERTTEMBERG;Maschinen- und Anlagenführer/in - Metall-, Kunststofftechnik | Werkstoffprüfer/in - Wärmebehandlungstechnik;2;2;2026-09-20;2026-09-23;2026;ba-jobsuche;;
Dr.med. dent. Alexander Breuer Praxis für Zahnheilkunde;Unterensingen;72669;Nürtinger Str.;BADEN_WUERTTEMBERG;Zahnmedizinische/r Fachangestellte/r;1;1;2026-09-20;2026-09-23;2026;ba-jobsuche;;
Kemmner/Kiba - Stahlbau;Unterensingen;72669;Kelterstr.;BADEN_WUERTTEMBERG;Metallbauer/in - Konstruktionstechnik;1;1;2026-09-20;2026-09-23;2026;ba-jobsuche;;
ST Stanztechnik GmbH;Unterensingen;72669;Kelterstr.;BADEN_WUERTTEMBERG;Werkzeugmechaniker/in;1;1;2026-09-20;2026-09-23;2026;ba-jobsuche;;
dm-drogerie markt GmbH + Co.KG;Untergruppenbach;74199;Mühlweg 18;BADEN_WUERTTEMBERG;Drogist/in;1;2;2026-09-20;2026-09-23;2026;ba-jobsuche;;
EDEKA Südwest Stiftung & Co. KG;Untergruppenbach;74199;Mühlweg 20;BADEN_WUERTTEMBERG;Fachverkäufer/in - Lebensmittelhandwerk (Fleischerei) | Fachwirt/in - Handel (doppelt qualifizierende Ausbildung) | Fleischer/in | Kaufmann/-frau - Einzelhandel | Verkäufer/in;5;7;2026-09-20;2026-09-23;2026;ba-jobsuche;;
Metallbau Russ;Untergruppenbach;74199;Mühlweg;BADEN_WUERTTEMBERG;Metallbauer/in - Konstruktionstechnik;1;2;2026-09-20;2026-09-23;2026;ba-jobsuche;;
Bäckerei Schulze Konditorei Cafe Gastronomie OHG;Urbach, Rems;73660;Ostlandstr.;BADEN_WUERTTEMBERG;Bäcker/in | Fachverkäufer/in - Lebensmittelhandwerk (Bäckerei) | Konditor/in;3;3;2026-09-20;2026-09-23;2026;ba-jobsuche;;
Dietrich Sicherheitstechnik GmbH;Urbach, Rems;73660;Robert-Bosch-Str.;BADEN_WUERTTEMBERG;Informationselektroniker/in;1;1;2026-09-20;2026-09-23;2026;ba-jobsuche;;
FM-Tech GmbH;Urbach, Rems;73660;Raiffeisenstr.;BADEN_WUERTTEMBERG;Anlagenmechaniker/in - Sanitär-, Heizungs- und Klimatechnik;1;1;2026-09-20;2026-09-23;2026;ba-jobsuche;;
ForstBW AöR Zentrale;Urbach, Rems;73660;Katzenbrunnen;BADEN_WUERTTEMBERG;Forstwirt/in;1;1;2026-09-20;2026-09-23;2026;ba-jobsuche;;
Gemeinde Urbach;Urbach, Rems;73660;Konrad-Hornschuch-Str.;BADEN_WUERTTEMBERG;Erzieher/in;1;1;2026-09-23;2026-09-23;2026;ba-jobsuche;;
Heidi Kloss;Urbach, Rems;73660;Neumühleweg;BADEN_WUERTTEMBERG;Tiermedizinische/r Fachangestellte/r;1;1;2026-09-20;2026-09-23;2026;ba-jobsuche;;
Karl Dungs GmbH & Co. KG;Urbach, Rems;73660;Karl-Dungs-Platz;BADEN_WUERTTEMBERG;Industriekaufmann/-frau | Industriemechaniker/in;2;2;2026-09-20;2026-09-23;2026;ba-jobsuche;;
KiK Textilien und Non-Food GmbH;Urbach, Rems;73660;Konrad-Hornschuch-Straße 1;BADEN_WUERTTEMBERG;Fachwirt/in - Handel (doppelt qualifizierende Ausbildung) | Kaufmann/-frau - Einzelhandel | Verkäufer/in;3;3;2026-09-20;2026-09-23;2026;ba-jobsuche;;
Kurz HolzBau GmbH;Urbach, Rems;73660;Schüttenhengst;BADEN_WUERTTEMBERG;Zimmerer/Zimmerin;1;1;2026-09-20;2026-09-23;2026;ba-jobsuche;;
Lidl Dienstleistung GmbH & Co. KG;Urbach, Rems;73660;Marktplatz;BADEN_WUERTTEMBERG;Fachwirt/in - Handel (doppelt qualifizierende Ausbildung) | Verkäufer/in;2;2;2026-09-20;2026-09-23;2026;ba-jobsuche;;
ALDI SÜD Dienstleistungs- SE & Co. oHG;Vaihingen an der Enz;71665;;BADEN_WUERTTEMBERG;Verkäufer/in;1;1;2026-09-20;2026-09-23;2026;ba-jobsuche;;
dm-drogerie markt GmbH + Co.KG;Vaihingen an der Enz;71665;Hertzstraße 9;BADEN_WUERTTEMBERG;Drogist/in | Duales Studium BWL-Handel (B. A.) 2027 in 71665 Vaihingen an der Enz;2;2;2026-09-20;2026-09-23;2026;ba-jobsuche;;
DSV Stuttgart GmbH & Co.KG;Vaihingen an der Enz;71665;;BADEN_WUERTTEMBERG;Fachkraft - Lagerlogistik;1;1;2026-09-20;2026-09-23;2026;ba-jobsuche;;
EDEKA Südwest Stiftung & Co. KG;Vaihingen an der Enz;71665;Wilhelmstraße 9;BADEN_WUERTTEMBERG;Fachverkäufer/in - Lebensmittelhandwerk (Fleischerei) | Fleischer/in | Kaufmann/-frau - Einzelhandel;3;4;2026-09-20;2026-09-23;2026;ba-jobsuche;;
Evangelische Heimstiftung GmbH Karl-Gerok-Stift;Vaihingen an der Enz;71665;Eichendorffstr.;BADEN_WUERTTEMBERG;Pflegefachmann/-frau (Ausbildung);1;1;2026-09-20;2026-09-23;2026;ba-jobsuche;;
Gebr. Ezel GmbH & Co. KG;Vaihingen an der Enz;71665;Gutenbergstr.;BADEN_WUERTTEMBERG;Baugeräteführer/in | Beton- und Stahlbetonbauer/in | Kanalbauer/in | Maurer/in | Spezialtiefbauer/in | Straßenbauer/in;6;6;2026-09-20;2026-09-23;2026;ba-jobsuche;;
General Logistics Systems Germany GmbH & Co. OHG;Vaihingen an der Enz;71665;;BADEN_WUERTTEMBERG;Duales Studium BWL Logistikmanagement (w/m/d) Bachelor of Arts 2027 - Region Süd-West | Duales Studium Logistikmanagement (w/m/d) Bachelor of Arts 2027 - Field Ops;2;2;2026-09-20;2026-09-23;2026;ba-jobsuche;;
Heinrich Schmid GmbH & Co. KG;Vaihingen an der Enz;71665;Planckstr. 9;BADEN_WUERTTEMBERG;Duales Studium zum Bachelor of Arts - BWL Handwerk für 2026 (m/w/d) | Duales Studium zum Bachelor of Arts - BWL Handwerk für 2027 (m/w/d) | Duales Studium zum Bachelor of Engineering - Wirtschaftsingenieurwesen für 2027 (m/w/d) | Maler/in und Lackierer/in - Gestaltung und Instandhaltung;4;4;2026-09-20;2026-09-23;2026;ba-jobsuche;;
Hettich Stuckateurbetrieb GmbH;Vaihingen an der Enz;71665;Sonnenbergstr.;BADEN_WUERTTEMBERG;Ausbaumanager/in (doppelt qualifizierende Ausbildung);1;1;2026-09-20;2026-09-23;2026;ba-jobsuche;;
IBEK Gerüstbau GmbH;Vaihingen an der Enz;71665;Bertha-Benz-Str.;BADEN_WUERTTEMBERG;Gerüstbauer/in;1;1;2026-09-20;2026-09-23;2026;ba-jobsuche;;
J. Weiser Innovative Liftsysteme GmbH;Vaihingen an der Enz;71665;Grempstr.;BADEN_WUERTTEMBERG;Industriemechaniker/in | Kaufmann/-frau - Büromanagement;2;2;2026-09-20;2026-09-23;2026;ba-jobsuche;;
Kölle GmbH;Vaihingen an der Enz;71665;Erich-Blum-Str.;BADEN_WUERTTEMBERG;Feinwerkmechaniker/in | Stanz- und Umformmechaniker/in;2;2;2026-09-20;2026-09-23;2026;ba-jobsuche;;
Lidl Dienstleistung GmbH & Co. KG;Vaihingen an der Enz;71665;Planckstr.;BADEN_WUERTTEMBERG;Fachwirt/in - Handel (doppelt qualifizierende Ausbildung) | Verkäufer/in;2;2;2026-09-20;2026-09-23;2026;ba-jobsuche;;
Malerbetrieb Armin Köhler GmbH;Vaihingen an der Enz;71665;Hinter der Ziegelhütte;BADEN_WUERTTEMBERG;Maler/in und Lackierer/in - Gestaltung und Instandhaltung;1;1;2026-09-20;2026-09-23;2026;ba-jobsuche;;
Netto Marken-Discount Stiftung & Co. KG;Vaihingen an der Enz;71665;Herrenwiesen 1;BADEN_WUERTTEMBERG;Kaufmann/-frau - Einzelhandel | Verkäufer/in;2;2;2026-09-20;2026-09-23;2026;ba-jobsuche;;
Penny-Markt GmbH Verwaltung;Vaihingen an der Enz;71665;;BADEN_WUERTTEMBERG;Kaufmann/-frau - Einzelhandel | Verkäufer/in;2;3;2026-09-20;2026-09-23;2026;ba-jobsuche;;
REWE Markt GmbH ZwNL Südwest;Vaihingen an der Enz;71665;;BADEN_WUERTTEMBERG;Fachverkäufer/in - Lebensmittelhandwerk (Fleischerei) | Kaufmann/-frau - Einzelhandel;2;3;2026-09-20;2026-09-23;2026;ba-jobsuche;;
ROMAI Robert Maier GmbH;Vaihingen an der Enz;71665;Florianstr.;BADEN_WUERTTEMBERG;Feinwerkmechaniker/in;1;1;2026-09-20;2026-09-23;2026;ba-jobsuche;;
Sozialstation Vaihingen an der Enz;Vaihingen an der Enz;71665;Friedrichstr.;BADEN_WUERTTEMBERG;Pflegefachmann/-frau (Ausbildung);1;1;2026-09-20;2026-09-23;2026;ba-jobsuche;;
Stefan Leibfried GmbH Holzbau;Vaihingen an der Enz;71665;Eberdinger Str.;BADEN_WUERTTEMBERG;Zimmerer/Zimmerin;1;1;2026-09-20;2026-09-23;2026;ba-jobsuche;;
Stuckateurbetrieb Hangstörfer e.K. Marc Hansch;Vaihingen an der Enz;71665;Kehlstr.;BADEN_WUERTTEMBERG;Stuckateur/in;1;1;2026-09-20;2026-09-23;2026;ba-jobsuche;;
ALDI SÜD Dienstleistungs- SE & Co. oHG;Waiblingen, Rems;71332;;BADEN_WUERTTEMBERG;Verkäufer/in;1;1;2026-09-20;2026-09-23;2026;ba-jobsuche;;
Amtsgericht Waiblingen Land BW;Waiblingen, Rems;71332;Bahnhofstr.;BADEN_WUERTTEMBERG;Justizfachangestellte/r;1;1;2026-09-20;2026-09-23;2026;ba-jobsuche;;
ANDRÄ Consulting GmbH & Co. KG Steuerberatungsges.;Waiblingen, Rems;71332;Steinbeisstr.;BADEN_WUERTTEMBERG;Kaufmann/-frau - Büromanagement | Steuerfachangestellte/r;2;2;2026-09-20;2026-09-23;2026;ba-jobsuche;;
ANDREAS STIHL AG & CO. KG;Waiblingen, Rems;;;BADEN_WUERTTEMBERG;Duales Studium Allgemeines Wirtschaftsingenieurwesen (w/m/d) 2027 | Duales Studium BWL - Digital Business Management (w/m/d) 2027 | Duales Studium Elektrotechnik und Informationstechnik (w/m/d) 2027 | Duales Studium Embedded Systems (DHBW) (w/m/d) 2027 | Duales Studium Informatik (w/m/d) 2027 | Duales Studium Maschinenbau (w/m/d) 2027 | Duales Studium Mechatronik (w/m/d) 2027 | Duales Studium Wirtschaftsinformatik (w/m/d) 2027 | Duales Studium Wirtschaftsingenieurwesen - Elektrotechnik (w/m/d) 2027 | Elektroniker/in - Betriebstechnik | Fachkraft - Lagerlogistik | Industriekaufmann/-frau | Industriemechaniker/in | Mechatroniker/in;14;15;2026-09-20;2026-09-23;2026;ba-jobsuche;;
AOK Baden-Württemberg Hauptverwaltung;Waiblingen, Rems;71332;Schorndorfer Str.;BADEN_WUERTTEMBERG;Duales Studium - Soziale Arbeit im Gesundheitswesen (B.A.) (m/w/d) - Region Ludwigsburg-Rems-Murr | Sozialversicherungsfachangestellte/r - allgemeine Krankenversicherung;2;2;2026-09-20;2026-09-23;2026;ba-jobsuche;;
ATTAS GmbH;Waiblingen, Rems;71336;Boschstr. 25;BADEN_WUERTTEMBERG;Fachkraft - Lagerlogistik | Kaufmann/-frau - E-Commerce;2;2;2026-09-20;2026-09-23;2026;ba-jobsuche;;
BabyOne Waiblingen GmbH;Waiblingen, Rems;71332;Essener Str.;BADEN_WUERTTEMBERG;Kaufmann/-frau - Einzelhandel;1;1;2026-09-20;2026-09-23;2026;ba-jobsuche;;
Bahnhof-Apotheke,  Dr. Riethmüller;Waiblingen, Rems;71332;Bahnhofstr.;BADEN_WUERTTEMBERG;Pharmazeutisch-kaufmännische/r Angestellte/r;1;1;2026-09-20;2026-09-23;2026;ba-jobsuche;;
Bay Logistik GmbH + Co. KG;Waiblingen, Rems;71332;Schüttelgrabenring;BADEN_WUERTTEMBERG;Kaufmann/-frau - Spedition und Logistikdienstleistung;1;1;2026-09-20;2026-09-23;2026;ba-jobsuche;;
Berthold Kuhnle GmbH + Co KG Bauunternehmung;Waiblingen, Rems;71334;Mühlweg;BADEN_WUERTTEMBERG;Baugeräteführer/in | Beton- und Stahlbetonbauer/in | Maurer/in;3;5;2026-09-20;2026-09-23;2026;ba-jobsuche;;
BLH Barthel & Linhart GmbH & Co. KG;Waiblingen, Rems;71332;Anton-Schmidt-Str.;BADEN_WUERTTEMBERG;Steuerfachangestellte/r;1;1;2026-09-20;2026-09-23;2026;ba-jobsuche;;
Bucher KG;Waiblingen, Rems;71332;Eisentalstr.;BADEN_WUERTTEMBERG;Kaufmann/-frau - Groß- und Außenhandelsmanagement (Großhandel);1;1;2026-09-20;2026-09-23;2026;ba-jobsuche;;
Bundesagentur für Arbeit;Waiblingen, Rems;71332;Mayenner Straße;BADEN_WUERTTEMBERG;Duales Studium (B.A.) – | Duales Studium (B.A.) – Studiengang Arbeitsmarktmanagement oder Beratung für Bildung, Beruf und Besc | Fachangestellte/r - Arbeitsmarktdienstleistungen;3;4;2026-09-20;2026-09-23;2026;ba-jobsuche;;
Burger Schloz Automobile GmbH & Co KG Uhingen;Waiblingen, Rems;71332;;BADEN_WUERTTEMBERG;Automobilkaufmann/-frau | Kraftfahrzeugmechatroniker/in - Personenkraftwagentechnik;2;2;2026-09-20;2026-09-23;2026;ba-jobsuche;;
Daniel Zambon;Waiblingen, Rems;71332;Max-Eyth-Str.;BADEN_WUERTTEMBERG;Tanzlehrer/in;1;1;2026-09-20;2026-09-23;2026;ba-jobsuche;;
Debeka Kranken- und Lebensversicherungsverein a.G.;Waiblingen, Rems;71332;;BADEN_WUERTTEMBERG;Kaufmann/-frau - Versicherungen und Finanzanlagen;1;1;2026-09-20;2026-09-23;2026;ba-jobsuche;;
Dehner Gartencenter GmbH & Co. KG;Waiblingen, Rems;71332;;BADEN_WUERTTEMBERG;Kaufmann/-frau - Einzelhandel;1;1;2026-09-20;2026-09-23;2026;ba-jobsuche;;
Deihle Metallbau GmbH;Waiblingen, Rems;71332;Schänzle;BADEN_WUERTTEMBERG;Metallbauer/in - Konstruktionstechnik;1;1;2026-09-20;2026-09-23;2026;ba-jobsuche;;
Deutsche Bahn AG;Waiblingen, Rems;71334;;BADEN_WUERTTEMBERG;Eisenbahner/in - Zugverkehrssteuerung | Elektroniker/in - Betriebstechnik;2;2;2026-09-20;2026-09-23;2026;ba-jobsuche;;
Deutsche Post DHL;Waiblingen, Rems;71332;;BADEN_WUERTTEMBERG;Bankkaufmann/-frau | Fachkraft - Kurier-, Express- und Postdienstleistungen | Kaufmann/-frau - Büromanagement | Kaufmann/-frau - Spedition und Logistikdienstleistung | Mechatroniker/in;5;5;2026-09-20;2026-09-23;2026;ba-jobsuche;;
Deutsche Telekom AG;Waiblingen, Rems;71332;;BADEN_WUERTTEMBERG;Kaufmann/-frau - Einzelhandel;1;1;2026-09-20;2026-09-23;2026;ba-jobsuche;;
dm-drogerie markt GmbH + Co.KG;Waiblingen, Rems;71332;Marktgasse 5;BADEN_WUERTTEMBERG;Drogist/in;1;2;2026-09-20;2026-09-23;2026;ba-jobsuche;;
Dr. Gisela Döring Zahnarztpraxis;Waiblingen, Rems;71336;Ofengasse;BADEN_WUERTTEMBERG;Zahnmedizinische/r Fachangestellte/r;1;1;2026-09-20;2026-09-23;2026;ba-jobsuche;;
Dr. med. Christos Kochliaridis;Waiblingen, Rems;71332;Mayenner Str.;BADEN_WUERTTEMBERG;Medizinische/r Fachangestellte/r;1;1;2026-09-20;2026-09-23;2026;ba-jobsuche;;
Elefant chemische Produkte GmbH;Waiblingen, Rems;71332;Essener Str.;BADEN_WUERTTEMBERG;Fachkraft - Lagerlogistik;1;1;2026-09-20;2026-09-23;2026;ba-jobsuche;;
Fielmann AG;Waiblingen, Rems;71332;;BADEN_WUERTTEMBERG;Augenoptiker/in | Hörakustiker/in;2;2;2026-09-20;2026-09-23;2026;ba-jobsuche;;
Gärten von Daiß GmbH;Waiblingen, Rems;71336;Erbachhof;BADEN_WUERTTEMBERG;Gärtner/in - Garten- und Landschaftsbau;1;1;2026-09-20;2026-09-23;2026;ba-jobsuche;;
Gierss Veranstaltungstechnik GmbH;Waiblingen, Rems;71332;Karolingerstr.;BADEN_WUERTTEMBERG;Fachkraft - Veranstaltungstechnik;1;1;2026-09-22;2026-09-23;2026;ba-jobsuche;;
Großwäscherei Klenk GmbH;Waiblingen, Rems;71336;Römerstr.;BADEN_WUERTTEMBERG;Textilreiniger/in;1;1;2026-09-20;2026-09-23;2026;ba-jobsuche;;
HAMBACH NATURSTEIN GmbH;Waiblingen, Rems;71336;Im Unterdorf;BADEN_WUERTTEMBERG;Steinmetz/in und Steinbildhauer/in - Steinmetzarbeiten;1;1;2026-09-20;2026-09-23;2026;ba-jobsuche;;
Heinrich Schmid GmbH & Co. KG;Waiblingen, Rems;71336;Kriegsbergstr. 11;BADEN_WUERTTEMBERG;Duales Studium zum Bachelor of Arts - BWL Handwerk für 2027 (m/w/d) | Duales Studium zum Bachelor of Engineering - Wirtschaftsingenieurwesen für 2027 (m/w/d);2;2;2026-09-20;2026-09-23;2026;ba-jobsuche;;
Hippel Kfz-Bedarf GmbH;Waiblingen, Rems;71332;Schurwaldstr.;BADEN_WUERTTEMBERG;Fachlagerist/in | Verkäufer/in;2;2;2026-09-20;2026-09-23;2026;ba-jobsuche;;
Holzwurm Uwe Stahl GmbH;Waiblingen, Rems;71336;Haldenweg;BADEN_WUERTTEMBERG;Zimmerer/Zimmerin;1;1;2026-09-20;2026-09-23;2026;ba-jobsuche;;
Jaus Sicherheitssysteme GmbH;Waiblingen, Rems;71334;Gottlieb-Daimler-Str.;BADEN_WUERTTEMBERG;Informationselektroniker/in;1;1;2026-09-20;2026-09-23;2026;ba-jobsuche;;
Jochen Gnamm;Waiblingen, Rems;71336;Karl-Ziegler-Str.;BADEN_WUERTTEMBERG;Fachverkäufer/in - Lebensmittelhandwerk (Fleischerei);1;1;2026-09-20;2026-09-23;2026;ba-jobsuche;;
Kaufland;Waiblingen, Rems;71332;;BADEN_WUERTTEMBERG;Bankkaufmann/-frau | Fachwirt/in - Handel (doppelt qualifizierende Ausbildung);2;2;2026-09-20;2026-09-23;2026;ba-jobsuche;;
Kaufland Dienstleistung GmbH & Co. KG;Waiblingen, Rems;71332;Ruhrstraße;BADEN_WUERTTEMBERG;Duales Studium BWL Handel - Filiale (B.A.) 2027;1;1;2026-09-20;2026-09-23;2026;ba-jobsuche;;
Klaus Stifter Elektromotoren GmbH;Waiblingen, Rems;71336;Lange Äckerstr.;BADEN_WUERTTEMBERG;Elektroniker/in - Maschinen und Antriebstechnik (BBiG);1;1;2026-09-20;2026-09-23;2026;ba-jobsuche;;
Kontron Hartmann-Wiener GmbH Waiblingen;Waiblingen, Rems;71334;Flurstr.;BADEN_WUERTTEMBERG;Technische/r Produktdesigner/in - Produktgestaltung und -konstruktion;1;1;2026-09-20;2026-09-23;2026;ba-jobsuche;;
Kreissparkasse Waiblingen;Waiblingen, Rems;;;BADEN_WUERTTEMBERG;Bankkaufmann/-frau | Finanzassistent/in (doppelt qualifizierende Ausbildung);2;7;2026-09-20;2026-09-23;2026;ba-jobsuche;;
KSK Waiblingen;Waiblingen, Rems;71332;Bahnhofstr.;BADEN_WUERTTEMBERG;Duales Studium 2026 BWL Digital Business Management | Finanzassistent/in (doppelt qualifizierende Ausbildung);2;2;2026-09-20;2026-09-23;2026;ba-jobsuche;;
Landratsamt Rems-Murr-Kreis;Waiblingen, Rems;71332;Alter Postplatz;BADEN_WUERTTEMBERG;Beamter/Beamtin - Kommunalverwaltung (mittlerer nichttechnischer Dienst) | Verwaltungsfachangestellte/r - Kommunalverwaltung;2;2;2026-09-20;2026-09-23;2026;ba-jobsuche;;
Leonhard Weiss GmbH & Co. KG;Waiblingen, Rems;;;BADEN_WUERTTEMBERG;Kaufmann/-frau - Büromanagement;1;2;2026-09-20;2026-09-23;2026;ba-jobsuche;;
Lidl Dienstleistung GmbH & Co. KG;Waiblingen, Rems;71332;Devizesstr.;BADEN_WUERTTEMBERG;Fachwirt/in - Handel (doppelt qualifizierende Ausbildung) | Verkäufer/in;2;2;2026-09-20;2026-09-23;2026;ba-jobsuche;;
Marcel Berrer Fliesenfachbetrieb;Waiblingen, Rems;71336;Im Guckvor;BADEN_WUERTTEMBERG;Fliesen-, Platten- und Mosaikleger/in;1;1;2026-09-20;2026-09-23;2026;ba-jobsuche;;
Metzgerei Weißschuh GmbH;Waiblingen, Rems;71332;Schmidener Str.;BADEN_WUERTTEMBERG;Fachverkäufer/in - Lebensmittelhandwerk (Fleischerei) | Fleischer/in;2;2;2026-09-20;2026-09-23;2026;ba-jobsuche;;
Müller Holding GmbH & Co. KG;Waiblingen, Rems;71332;Alter Postplatz 9;BADEN_WUERTTEMBERG;Fachwirt/in - Handel (doppelt qualifizierende Ausbildung) | Kaufmann/-frau - Einzelhandel | Verkäufer/in;3;3;2026-09-20;2026-09-23;2026;ba-jobsuche;;
Netto Marken-Discount Stiftung & Co. KG;Waiblingen, Rems;71336;Benningerstr. 1;BADEN_WUERTTEMBERG;Kaufmann/-frau - Einzelhandel | Verkäufer/in;2;9;2026-09-20;2026-09-23;2026;ba-jobsuche;;
Oberfinanzdirektion Baden-Württemberg Land BW;Waiblingen, Rems;71332;;BADEN_WUERTTEMBERG;Beamter/Beamtin - Steuerverwaltung (mittlerer nichttechnischer Dienst) | DUALES STUDIUM zum 01.03.2027 - Bachelor of Laws (geh. Dienst) | DUALES STUDIUM zum 01.10.2027 - Bachelor of Laws (geh. Dienst);3;3;2026-09-20;2026-09-23;2026;ba-jobsuche;;
ONSYSTEM technic GmbH;Waiblingen, Rems;71334;Roggenstr.;BADEN_WUERTTEMBERG;Fachkraft - Lagerlogistik;1;1;2026-09-20;2026-09-20;2026;ba-jobsuche;;
Ott`s Traumwelt GmbH, WN;Waiblingen, Rems;71332;Max-Eyth-Str.;BADEN_WUERTTEMBERG;Kaufmann/-frau - Einzelhandel;1;1;2026-09-20;2026-09-23;2026;ba-jobsuche;;
Paul Wilhelm von Keppler-Stiftung;Waiblingen, Rems;71332;Jesistraße 21;BADEN_WUERTTEMBERG;Pflegefachmann/-frau (Ausbildung);1;1;2026-09-20;2026-09-23;2026;ba-jobsuche;;
Penny-Markt GmbH Verwaltung;Waiblingen, Rems;71334;;BADEN_WUERTTEMBERG;Kaufmann/-frau - Einzelhandel;1;1;2026-09-20;2026-09-23;2026;ba-jobsuche;;
Petershans GmbH & Co.KG Bittenfelder Fruchtsäfte;Waiblingen, Rems;71336;Schillerstr.;BADEN_WUERTTEMBERG;Fachkraft - Fruchtsafttechnik;1;1;2026-09-20;2026-09-23;2026;ba-jobsuche;;
REMS GmbH & Co KG;Waiblingen, Rems;71332;Stuttgarter Str.;BADEN_WUERTTEMBERG;Industriemechaniker/in;1;2;2026-09-20;2026-09-23;2026;ba-jobsuche;;
REWE Markt GmbH ZwNL Südwest;Waiblingen, Rems;71334;;BADEN_WUERTTEMBERG;Duales Studium Bachelor of Arts, Studienrichtung Handel - 2027 | Fachverkäufer/in - Lebensmittelhandwerk (Fleischerei) | Kaufmann/-frau - Einzelhandel | Verkäufer/in;4;9;2026-09-20;2026-09-23;2026;ba-jobsuche;;
Ring-Textilservice GmbH;Waiblingen, Rems;71336;Theodor-Heuss-Str.;BADEN_WUERTTEMBERG;Industriekaufmann/-frau | Textilreiniger/in;2;3;2026-09-20;2026-09-23;2026;ba-jobsuche;;
Robert Bosch GmbH;Waiblingen, Rems;71332;;BADEN_WUERTTEMBERG;Mechatroniker/in;1;1;2026-09-20;2026-09-23;2026;ba-jobsuche;;
SIEGLE + EPPLE GmbH & Co. KG;Waiblingen, Rems;71336;Kriegsbergstr.;BADEN_WUERTTEMBERG;Anlagenmechaniker/in - Sanitär-, Heizungs- und Klimatechnik | Technische/r Systemplaner/in - Versorgungs- und Ausrüstungstechnik;2;3;2026-09-20;2026-09-23;2026;ba-jobsuche;;
Sport Flöss Textil- und Sporthaus GmbH;Waiblingen, Rems;71332;Stuttgarter Str.;BADEN_WUERTTEMBERG;Kaufmann/-frau - Einzelhandel | Verkäufer/in;2;2;2026-09-20;2026-09-23;2026;ba-jobsuche;;
Syntegon Technology GmbH;Waiblingen, Rems;71332;Stuttgarter Str.;BADEN_WUERTTEMBERG;Mechatroniker/in;1;1;2026-09-20;2026-09-23;2026;ba-jobsuche;;
TARGOBANK AG;Waiblingen, Rems;71332;;BADEN_WUERTTEMBERG;Bankkaufmann/-frau;1;1;2026-09-20;2026-09-23;2026;ba-jobsuche;;
Vodafone Shop Schorndorf BIG RED GmbH;Waiblingen, Rems;71332;Lange Str.;BADEN_WUERTTEMBERG;Kaufmann/-frau - Einzelhandel;1;1;2026-09-20;2026-09-23;2026;ba-jobsuche;;
Zeitungsverlag GmbH & Co. KG ZVW GmbH & Co Waiblingen KG;Waiblingen, Rems;71332;Albrecht-Villinger-Str;BADEN_WUERTTEMBERG;Kaufmann/-frau - Marketingkommunikation | Medienkaufmann/-frau Digital und Print;2;2;2026-09-20;2026-09-23;2026;ba-jobsuche;;
Moldex/Metric AG & Co. KG;Walddorfhäslach;72141;Tübinger Str.;BADEN_WUERTTEMBERG;Industriekaufmann/-frau | Mechatroniker/in;2;2;2026-09-20;2026-09-23;2026;ba-jobsuche;;
Netto Marken-Discount Stiftung & Co. KG;Walddorfhäslach;72141;Johannes-Majer-Str. 2;BADEN_WUERTTEMBERG;Kaufmann/-frau - Einzelhandel | Verkäufer/in;2;3;2026-09-20;2026-09-23;2026;ba-jobsuche;;
ZDS Bürosysteme Vertrieb & Service GmbH;Walddorfhäslach;72141;Schlattgrabenstr.;BADEN_WUERTTEMBERG;Kaufmann/-frau - Büromanagement;1;1;2026-09-20;2026-09-23;2026;ba-jobsuche;;
dm-drogerie markt GmbH + Co.KG;Waldenbuch;71111;Auf dem Graben 4;BADEN_WUERTTEMBERG;Drogist/in;1;2;2026-09-20;2026-09-23;2026;ba-jobsuche;;
Dr.med. Schott und Dr.med. Stehle GbR;Waldenbuch;71111;Auf dem Graben;BADEN_WUERTTEMBERG;Medizinische/r Fachangestellte/r;1;1;2026-09-20;2026-09-23;2026;ba-jobsuche;;
EDEKA Südwest Stiftung & Co. KG;Waldenbuch;71111;Jahnstraße 7;BADEN_WUERTTEMBERG;Fachverkäufer/in - Lebensmittelhandwerk (Fleischerei) | Kaufmann/-frau - Einzelhandel | Verkäufer/in;3;4;2026-09-20;2026-09-23;2026;ba-jobsuche;;
Gaststätte Traube Glasbrenner GmbH;Waldenbuch;71111;Auf dem Graben;BADEN_WUERTTEMBERG;Fleischer/in;1;1;2026-09-20;2026-09-23;2026;ba-jobsuche;;
Hakawerk W. Schlotz GmbH;Waldenbuch;71111;Bahnhofstr.;BADEN_WUERTTEMBERG;Fachkraft - Lagerlogistik | Industriekaufmann/-frau;2;2;2026-09-20;2026-09-23;2026;ba-jobsuche;;
JN Fitness, Wellness und Gesundheit GmbH & Co. KG;Waldenbuch;71111;Bonholzstr.;BADEN_WUERTTEMBERG;Sport- und Fitnesskaufmann/-frau;1;1;2026-09-20;2026-09-23;2026;ba-jobsuche;;
Lidl Dienstleistung GmbH & Co. KG;Waldenbuch;71111;Bahnhofstr.;BADEN_WUERTTEMBERG;Fachwirt/in - Handel (doppelt qualifizierende Ausbildung) | Verkäufer/in;2;2;2026-09-20;2026-09-23;2026;ba-jobsuche;;
NovaVis Wolfgang Gröpel;Waldenbuch;71111;Obere Sägmühle;BADEN_WUERTTEMBERG;Orthopädietechnik-Mechaniker/in;1;1;2026-09-20;2026-09-23;2026;ba-jobsuche;;
Penny-Markt GmbH Verwaltung;Waldenbuch;71111;;BADEN_WUERTTEMBERG;Kaufmann/-frau - Einzelhandel | Verkäufer/in;2;3;2026-09-20;2026-09-23;2026;ba-jobsuche;;
SportsUp Yüksel Damar;Waldenbuch;71111;Bonholzstr.;BADEN_WUERTTEMBERG;Sport- und Fitnesskaufmann/-frau;1;1;2026-09-20;2026-09-23;2026;ba-jobsuche;;
Bedachungen Albert GmbH;Walheim, Württemberg;74399;Römerstr.;BADEN_WUERTTEMBERG;Dachdecker/in;1;1;2026-09-20;2026-09-23;2026;ba-jobsuche;;
Evangelische Heimstiftung Württemberg GmbH Haus am Bürgergarten;Walheim, Württemberg;74399;Villastr.;BADEN_WUERTTEMBERG;Pflegefachmann/-frau (Ausbildung);1;1;2026-09-20;2026-09-23;2026;ba-jobsuche;;
Sioux Schuhe GmbH;Walheim, Württemberg;74399;Finkenweg;BADEN_WUERTTEMBERG;Industriekaufmann/-frau;1;1;2026-09-20;2026-09-23;2026;ba-jobsuche;;
EDEKA Südwest Stiftung & Co. KG;Wangen, Kreis Göppingen;73117;Siemensstraße 10;BADEN_WUERTTEMBERG;Kaufmann/-frau - Einzelhandel | Verkäufer/in;2;2;2026-09-20;2026-09-23;2026;ba-jobsuche;;
Gerhard Daiber;Wangen, Kreis Göppingen;73117;Siemensstr.;BADEN_WUERTTEMBERG;Fleischer/in | Konditor/in;2;2;2026-09-20;2026-09-20;2026;ba-jobsuche;;
Optimum Analyse + Anlagekonzepte GmbH;Wangen, Kreis Göppingen;73117;Sudetenstr.;BADEN_WUERTTEMBERG;Immobilienkaufmann/-frau | Kaufmann/-frau - Büromanagement;2;2;2026-09-20;2026-09-23;2026;ba-jobsuche;;
Raiffeisenbank Wangen eG;Wangen, Kreis Göppingen;73117;Hauptstr.;BADEN_WUERTTEMBERG;Bachelor of Arts - BWL (Bank) | Bankkaufmann/-frau | Finanzassistent/in (doppelt qualifizierende Ausbildung);3;3;2026-09-20;2026-09-23;2026;ba-jobsuche;;
RAMPF Machine Systems Wangen;Wangen, Kreis Göppingen;73117;Daimlerstr.;BADEN_WUERTTEMBERG;Fachkraft - Lagerlogistik | Technische/r Produktdesigner/in - Maschinen- und Anlagenkonstruktion;2;2;2026-09-20;2026-09-23;2026;ba-jobsuche;;
Andrea Schmid Deutsche Vermögensberatung;Wäschenbeuren;73116;Im Gewerbegebiet;BADEN_WUERTTEMBERG;Kaufmann/-frau - Versicherungen und Finanzen - Versicherung;1;1;2026-09-20;2026-09-23;2026;ba-jobsuche;;
Baudisch Electronic GmbH;Wäschenbeuren;73116;Im Gewerbegebiet;BADEN_WUERTTEMBERG;Elektroniker/in - Geräte und Systeme | Industriekaufmann/-frau;2;2;2026-09-20;2026-09-23;2026;ba-jobsuche;;
EDEKA Südwest Stiftung & Co. KG;Wäschenbeuren;73116;Talstraße 2;BADEN_WUERTTEMBERG;Fachverkäufer/in - Lebensmittelhandwerk (Fleischerei) | Kaufmann/-frau - Einzelhandel | Verkäufer/in;3;3;2026-09-20;2026-09-23;2026;ba-jobsuche;;
Torben Pieper Piepertechnik;Wäschenbeuren;73116;Seestr.;BADEN_WUERTTEMBERG;Karosserie- und Fahrzeugbaumechaniker/in - Karosserie- und Fahrzeugbautechnik | Karosserie- und Fahrzeugbaumechaniker/in - Karosserieinstandhaltungstechnik | Kraftfahrzeugmechatroniker/in - Personenkraftwagentechnik;3;3;2026-09-20;2026-09-23;2026;ba-jobsuche;;
Udo Risel GmbH;Wäschenbeuren;73116;Seestr.;BADEN_WUERTTEMBERG;Stuckateur/in;1;1;2026-09-20;2026-09-23;2026;ba-jobsuche;;
ALDI SÜD Dienstleistungs- SE & Co. oHG;Weil der Stadt;71263;;BADEN_WUERTTEMBERG;Verkäufer/in;1;1;2026-09-20;2026-09-23;2026;ba-jobsuche;;
Angelika Rössle;Weil der Stadt;71263;Schießrainweg;BADEN_WUERTTEMBERG;Sport- und Fitnesskaufmann/-frau;1;1;2026-09-20;2026-09-23;2026;ba-jobsuche;;
Autohaus Weeber GmbH;Weil der Stadt;71263;Merklinger Str.;BADEN_WUERTTEMBERG;Automobilkaufmann/-frau | Fachkraft - Lagerlogistik | Fahrzeuglackierer/in | Karosserie- und Fahrzeugbaumechaniker/in - Karosserie- und Fahrzeugbautechnik | Kaufmann/-frau - Büromanagement | Kraftfahrzeugmechatroniker/in - Personenkraftwagentechnik;6;9;2026-09-21;2026-09-23;2026;ba-jobsuche;;
Bäckerei & Konditorei Diefenbach GmbH;Weil der Stadt;71263;Josef-Beyerle-Str.;BADEN_WUERTTEMBERG;Bäcker/in | Fachverkäufer/in - Lebensmittelhandwerk (Bäckerei) | Konditor/in;3;3;2026-09-20;2026-09-23;2026;ba-jobsuche;;
dm-drogerie markt GmbH + Co.KG;Weil der Stadt;71263;Siemensstraße 4;BADEN_WUERTTEMBERG;Drogist/in;1;1;2026-09-20;2026-09-23;2026;ba-jobsuche;;
Dr. Susann Fiedler Zahnarztpraxis;Weil der Stadt;71263;Kirchplatz;BADEN_WUERTTEMBERG;Zahnmedizinische/r Fachangestellte/r;1;1;2026-09-20;2026-09-23;2026;ba-jobsuche;;
Fit Avenue e.K.;Weil der Stadt;71263;Malmsheimer Str.;BADEN_WUERTTEMBERG;Sport- und Fitnesskaufmann/-frau;1;1;2026-09-20;2026-09-23;2026;ba-jobsuche;;
Heller Stuckateur + Maler GmbH;Weil der Stadt;71263;Brunnenstr.;BADEN_WUERTTEMBERG;Stuckateur/in;1;1;2026-09-20;2026-09-23;2026;ba-jobsuche;;
Lidl Dienstleistung GmbH & Co. KG;Weil der Stadt;71263;Siemensstraße;BADEN_WUERTTEMBERG;Fachwirt/in - Handel (doppelt qualifizierende Ausbildung) | Verkäufer/in;2;2;2026-09-20;2026-09-23;2026;ba-jobsuche;;
Metzgerei Heinkele GbR;Weil der Stadt;71263;Pforzheimer Str.;BADEN_WUERTTEMBERG;Fleischer/in;1;1;2026-09-20;2026-09-21;2026;ba-jobsuche;;
Netto Marken-Discount Stiftung & Co. KG;Weil der Stadt;71263;Merklinger Str. 7;BADEN_WUERTTEMBERG;Kaufmann/-frau - Einzelhandel | Verkäufer/in;2;2;2026-09-20;2026-09-23;2026;ba-jobsuche;;
Norma Lebensmittelfilial- betrieb Stiftung & Co. KG;Weil der Stadt;71263;Josef-Beyerle-Str.;BADEN_WUERTTEMBERG;Verkäufer/in;1;1;2026-09-20;2026-09-23;2026;ba-jobsuche;;
NORMA Lebensmittelfilialbetrieb Stiftung & Co. KG;Weil der Stadt;71263;;BADEN_WUERTTEMBERG;Kaufmann/-frau - Einzelhandel | Verkäufer/in;2;2;2026-09-20;2026-09-23;2026;ba-jobsuche;;
Nussbaum Medien Weil der Stadt GmbH & Co. KG;Weil der Stadt;71263;Merklinger Str.;BADEN_WUERTTEMBERG;Medienkaufmann/-frau Digital und Print;1;1;2026-09-20;2026-09-23;2026;ba-jobsuche;;
Penny-Markt GmbH Verwaltung;Weil der Stadt;71263;;BADEN_WUERTTEMBERG;Kaufmann/-frau - Einzelhandel | Verkäufer/in;2;4;2026-09-20;2026-09-23;2026;ba-jobsuche;;
PSE Pharma Solutions Europe Rainer Aufrecht;Weil der Stadt;71263;Landhausstr.;BADEN_WUERTTEMBERG;Duales Studium (B.A.) - BWL  2027 (m/w/d);1;1;2026-09-20;2026-09-23;2026;ba-jobsuche;;
rgr Reber Gaschler GmbH;Weil der Stadt;71263;Josef-Beyerle-Str.;BADEN_WUERTTEMBERG;Steuerfachangestellte/r;1;1;2026-09-20;2026-09-23;2026;ba-jobsuche;;
Silberform AG;Weil der Stadt;71263;Industriestr.;BADEN_WUERTTEMBERG;Technische/r Modellbauer/in - Karosserie und Produktion;1;1;2026-09-20;2026-09-23;2026;ba-jobsuche;;
Sports Vision Management GmbH;Weil der Stadt;71263;Siemensstraße;BADEN_WUERTTEMBERG;Duales Studium / Bachelor of Science - Gesundheitsinformatik | Fitnesstrainer/in | Sport- und Fitnesskaufmann/-frau;3;8;2026-09-20;2026-09-23;2026;ba-jobsuche;;
Stadt-Apotheke Strittmatter OHG;Weil der Stadt;71263;Stuttgarter Str.;BADEN_WUERTTEMBERG;Pharmazeutisch-technische/r Assistent/in;1;1;2026-09-20;2026-09-23;2026;ba-jobsuche;;
Stadtverwaltung Weil der Stadt;Weil der Stadt;71263;Marktplatz;BADEN_WUERTTEMBERG;Verwaltungsfachangestellte/r - Kommunalverwaltung;1;1;2026-09-20;2026-09-23;2026;ba-jobsuche;;
Tallafuss GmbH;Weil der Stadt;71263;Gutenbergstr.;BADEN_WUERTTEMBERG;Anlagenmechaniker/in - Sanitär-, Heizungs- und Klimatechnik;1;1;2026-09-20;2026-09-23;2026;ba-jobsuche;;
WeTraSys GmbH;Weil der Stadt;71263;Josef-Beyerle-Str.;BADEN_WUERTTEMBERG;Informationselektroniker/in | Kaufmann/-frau - Büromanagement;2;2;2026-09-20;2026-09-23;2026;ba-jobsuche;;
Widmaier GmbH Augenoptik-Uhren-Schmuck;Weil der Stadt;71263;Marktplatz;BADEN_WUERTTEMBERG;Augenoptiker/in;1;1;2026-09-20;2026-09-23;2026;ba-jobsuche;;
Würmtal-Apotheke Strittmatter OHG;Weil der Stadt;71263;Kirchplatz;BADEN_WUERTTEMBERG;Pharmazeutisch-technische/r Assistent/in;1;1;2026-09-20;2026-09-23;2026;ba-jobsuche;;
ALDI SÜD Dienstleistungs- SE & Co. oHG;Weil im Schönbuch;71093;;BADEN_WUERTTEMBERG;Verkäufer/in;1;1;2026-09-20;2026-09-23;2026;ba-jobsuche;;
BEISSERMETALL GmbH;Weil im Schönbuch;71093;Siemensstr.;BADEN_WUERTTEMBERG;Konstruktionsmechaniker/in;1;1;2026-09-20;2026-09-23;2026;ba-jobsuche;;
Dr. Wilfried Guess und Dr. Gisela Guess;Weil im Schönbuch;71093;Bergstr.;BADEN_WUERTTEMBERG;Zahnmedizinische/r Fachangestellte/r;1;1;2026-09-20;2026-09-23;2026;ba-jobsuche;;
Genoba Weil im Schönbuch eG;Weil im Schönbuch;71093;Hauptstr.;BADEN_WUERTTEMBERG;Betriebswirt/in (doppelt qualifizierende Ausbildung) - allgemeine Betriebswirtschaft | Finanzassistent/in (doppelt qualifizierende Ausbildung);2;2;2026-09-20;2026-09-23;2026;ba-jobsuche;;
Max Häring GmbH;Weil im Schönbuch;71093;Karl-Benz-Str.;BADEN_WUERTTEMBERG;Dachdecker/in;1;1;2026-09-20;2026-09-23;2026;ba-jobsuche;;
Meier Zimmerei GmbH;Weil im Schönbuch;71093;Uhlandstr.;BADEN_WUERTTEMBERG;Zimmerer/Zimmerin;1;1;2026-09-20;2026-09-23;2026;ba-jobsuche;;
MEWA Textil-Service SE & Co. Deutschland OHG;Weil im Schönbuch;71093;Hermann-Gebauer-Str.;BADEN_WUERTTEMBERG;Berufskraftfahrer/in | Fachkraft - Lagerlogistik | Industriekaufmann/-frau;3;3;2026-09-20;2026-09-23;2026;ba-jobsuche;;
Wanner GmbH Gipser- und Stukkateurbetrieb;Weil im Schönbuch;71093;Tübinger Str.;BADEN_WUERTTEMBERG;Stuckateur/in;1;1;2026-09-20;2026-09-23;2026;ba-jobsuche;;
Wofa-Wolf GmbH;Weil im Schönbuch;71093;Robert-Bosch-Str.;BADEN_WUERTTEMBERG;Dachdecker/in | Stuckateur/in;2;2;2026-09-20;2026-09-23;2026;ba-jobsuche;;
Württemberg. Versicherung Schmid, Hübsch;Weil im Schönbuch;71093;Hauptstr.;BADEN_WUERTTEMBERG;Kaufmann/-frau - Versicherungen und Finanzanlagen;1;1;2026-09-20;2026-09-23;2026;ba-jobsuche;;
Fischer Weilheim GmbH & Co. KG;Weilheim an der Teck;73235;Carl-Benz-Str.;BADEN_WUERTTEMBERG;Baugeräteführer/in | Berufskraftfahrer/in | Duales Studium Bauingenieurwesen/Projektmanagement 2027 | Kraftfahrzeugmechatroniker/in - Nutzfahrzeugtechnik;4;4;2026-09-20;2026-09-23;2026;ba-jobsuche;;
Hans Fischer Transport GmbH;Weilheim an der Teck;73235;Austr.;BADEN_WUERTTEMBERG;Fachlagerist/in | Kaufmann/-frau - Spedition und Logistikdienstleistung;2;2;2026-09-20;2026-09-23;2026;ba-jobsuche;;
ALDI SÜD Dienstleistungs- SE & Co. oHG;Weinstadt;71384;;BADEN_WUERTTEMBERG;Verkäufer/in;1;1;2026-09-20;2026-09-23;2026;ba-jobsuche;;
audius SE;Weinstadt;71384;;BADEN_WUERTTEMBERG;Fachinformatiker/in - Systemintegration | Kaufmann/-frau - Büromanagement;2;2;2026-09-20;2026-09-23;2026;ba-jobsuche;;
BayWa AG HR Services;Weinstadt;71384;Raiffeisenstraße;BADEN_WUERTTEMBERG;Land- und Baumaschinenmechatroniker/in;1;1;2026-09-20;2026-09-23;2026;ba-jobsuche;;
Burger Schloz Automobile GmbH & Co KG Uhingen;Weinstadt;71384;Mercedesstr.;BADEN_WUERTTEMBERG;Fachkraft - Lagerlogistik | Karosserie- und Fahrzeugbaumechaniker/in - Karosserie- und Fahrzeugbautechnik;2;2;2026-09-20;2026-09-23;2026;ba-jobsuche;;
CEMBRE GmbH;Weinstadt;71384;Boschstr.;BADEN_WUERTTEMBERG;Kaufmann/-frau - Groß- und Außenhandelsmanagement (Großhandel);1;1;2026-09-20;2026-09-23;2026;ba-jobsuche;;
CEMO GmbH;Weinstadt;71384;In den Backenländern;BADEN_WUERTTEMBERG;Duales Studium Maschinenbau (Fachrichtung: Konstruktion/Entwicklung);1;1;2026-09-20;2026-09-23;2026;ba-jobsuche;;
dm-drogerie markt GmbH + Co.KG;Weinstadt;71384;Kalkofenstraße 5;BADEN_WUERTTEMBERG;Drogist/in | Duales Studium BWL-Handel (B. A.) 2027 in 71384 Weinstadt;2;2;2026-09-20;2026-09-23;2026;ba-jobsuche;;
Dobler Heiztechnik GmbH;Weinstadt;71384;Stuttgarter Str.;BADEN_WUERTTEMBERG;Ofen- und Luftheizungsbauer/in;1;1;2026-09-20;2026-09-23;2026;ba-jobsuche;;
Dr. Konik & Kollegen;Weinstadt;71384;Strümpfelbacher Str.;BADEN_WUERTTEMBERG;Zahnmedizinische/r Fachangestellte/r;1;1;2026-09-20;2026-09-23;2026;ba-jobsuche;;
EDEKA Südwest Stiftung & Co. KG;Weinstadt;71384;Strümpfelbacher Straße 11;BADEN_WUERTTEMBERG;Fachverkäufer/in - Lebensmittelhandwerk (Fleischerei) | Fleischer/in | Kaufmann/-frau - Einzelhandel | Verkäufer/in;4;8;2026-09-20;2026-09-23;2026;ba-jobsuche;;
Ellwanger bauen u. wohnen GmbH;Weinstadt;71384;Forststr.;BADEN_WUERTTEMBERG;Zimmerer/Zimmerin;1;1;2026-09-20;2026-09-23;2026;ba-jobsuche;;
Ender Gastronomie Weinstadt GmbH & Co. KG;Weinstadt;71384;Kalkofenstr.;BADEN_WUERTTEMBERG;Fachmann/-frau - Systemgastronomie;1;1;2026-09-20;2026-09-23;2026;ba-jobsuche;;
Fit For Less GmbH & Co.KG;Weinstadt;71384;Bruckwiesenstr.;BADEN_WUERTTEMBERG;Sport- und Fitnesskaufmann/-frau;1;4;2026-09-20;2026-09-23;2026;ba-jobsuche;;
GEERS (Sonova Retail Deutschland GmbH);Weinstadt;71384;Strümpfelbacher Straße 4;BADEN_WUERTTEMBERG;Hörakustiker/in;1;1;2026-09-20;2026-09-23;2026;ba-jobsuche;;
Hermann Frech GmbH & Co KG Filiale Weller;Weinstadt;71384;;BADEN_WUERTTEMBERG;Fachverkäufer/in - Lebensmittelhandwerk (Bäckerei);1;1;2026-09-20;2026-09-23;2026;ba-jobsuche;;
HOLD & SPADA IT-Solutions GmbH Standort Stuttgart;Weinstadt;71384;Mercedesstr.;BADEN_WUERTTEMBERG;Fachinformatiker/in - Systemintegration | Kaufmann/-frau - IT-System-Management;2;2;2026-09-20;2026-09-23;2026;ba-jobsuche;;
IFAA GmbH;Weinstadt;;;BADEN_WUERTTEMBERG;Sport- und Fitnesskaufmann/-frau;1;1;2026-09-20;2026-09-23;2026;ba-jobsuche;;
Karatas Elif MK Tronic;Weinstadt;71384;Werkstr.;BADEN_WUERTTEMBERG;Fachkraft - Lagerlogistik;1;1;2026-09-20;2026-09-22;2026;ba-jobsuche;;
Karl Bruckner GmbH;Weinstadt;71384;Bruckwiesenstr.;BADEN_WUERTTEMBERG;Feinwerkmechaniker/in;1;1;2026-09-20;2026-09-23;2026;ba-jobsuche;;
Kelch GmbH;Weinstadt;71384;Werkstr.;BADEN_WUERTTEMBERG;Zerspanungsmechaniker/in;1;1;2026-09-20;2026-09-23;2026;ba-jobsuche;;
KiK Textilien und Non-Food GmbH;Weinstadt;71384;Kalkofenstraße 1 - 7;BADEN_WUERTTEMBERG;Fachwirt/in - Handel (doppelt qualifizierende Ausbildung);1;1;2026-09-20;2026-09-23;2026;ba-jobsuche;;
Leonhard Weiss GmbH & Co. KG;Weinstadt;71384;;BADEN_WUERTTEMBERG;Leitungsbauer/in - Infrastrukturtechnik | Tiefbaufacharbeiter/in (ohne Angabe des Schwerpunkts);2;3;2026-09-20;2026-09-23;2026;ba-jobsuche;;
Lidl Dienstleistung GmbH & Co. KG;Weinstadt;71384;Großheppacher Str.;BADEN_WUERTTEMBERG;Fachwirt/in - Handel (doppelt qualifizierende Ausbildung) | Verkäufer/in;2;2;2026-09-20;2026-09-23;2026;ba-jobsuche;;
McDonald's Deutschland LLC;Weinstadt;71384;Kalkofenstr. 18;BADEN_WUERTTEMBERG;Fachmann/-frau - Systemgastronomie;1;2;2026-09-20;2026-09-23;2026;ba-jobsuche;;
Metzgerei Schäfer GmbH;Weinstadt;71384;Daimlerstr.;BADEN_WUERTTEMBERG;Fachverkäufer/in - Lebensmittelhandwerk (Fleischerei) | Fleischer/in;2;2;2026-09-20;2026-09-23;2026;ba-jobsuche;;
NKD Deutschland GmbH;Weinstadt;71384;Benzstr.;BADEN_WUERTTEMBERG;Fachwirt/in - Handel (doppelt qualifizierende Ausbildung);1;1;2026-09-20;2026-09-23;2026;ba-jobsuche;;
Norma Lebensmittelfilial- betrieb Stiftung & Co. KG;Weinstadt;71384;Benzstraße;BADEN_WUERTTEMBERG;Verkäufer/in;1;2;2026-09-20;2026-09-23;2026;ba-jobsuche;;
NORMA Lebensmittelfilialbetrieb Stiftung & Co. KG;Weinstadt;71384;;BADEN_WUERTTEMBERG;Kaufmann/-frau - Einzelhandel | Verkäufer/in;2;2;2026-09-20;2026-09-23;2026;ba-jobsuche;;
Remstal-Markt Mack Rocco Capurso e.K.;Weinstadt;71384;Strümpfelbacher Str.;BADEN_WUERTTEMBERG;Bachelor Food Management (m/w/d) | Kaufmann/-frau - Einzelhandel | Verkäufer/in;3;5;2026-09-20;2026-09-23;2026;ba-jobsuche;;
REWE Markt GmbH ZwNL Südwest;Weinstadt;71384;;BADEN_WUERTTEMBERG;Kaufmann/-frau - Einzelhandel | Verkäufer/in;2;2;2026-09-20;2026-09-23;2026;ba-jobsuche;;
Riosol GmbH;Weinstadt;71384;Ritterstr.;BADEN_WUERTTEMBERG;Dachdecker/in;1;1;2026-09-20;2026-09-23;2026;ba-jobsuche;;
Röther Beteiligungs GmbH;Weinstadt;71384;;BADEN_WUERTTEMBERG;Verkäufer/in;1;1;2026-09-20;2026-09-23;2026;ba-jobsuche;;
Schaal Group GmbH;Weinstadt;71384;Dammstr.;BADEN_WUERTTEMBERG;Kaufmann/-frau - Einzelhandel;1;1;2026-09-20;2026-09-23;2026;ba-jobsuche;;
Schober Transport GmbH;Weinstadt;71384;Birkelstr.;BADEN_WUERTTEMBERG;Berufskraftfahrer/in | Kaufmann/-frau - Spedition und Logistikdienstleistung;2;2;2026-09-20;2026-09-23;2026;ba-jobsuche;;
Scholz Haare Friseur GmbH;Weinstadt;71384;Heerbergstr.;BADEN_WUERTTEMBERG;Friseur/in;1;1;2026-09-20;2026-09-23;2026;ba-jobsuche;;
Stadt Weinstadt;Weinstadt;71384;Marktplatz;BADEN_WUERTTEMBERG;Erzieher/in | Kaufmann/-frau - Büromanagement | Verwaltungsfachangestellte/r - Kommunalverwaltung | Verwaltungswirt/in (Ausbildung im Beschäftigungsverhältnis);4;5;2026-09-20;2026-09-23;2026;ba-jobsuche;;
STILL GmbH;Weinstadt;71384;Daimlerstr.;BADEN_WUERTTEMBERG;Mechatroniker/in;1;1;2026-09-20;2026-09-23;2026;ba-jobsuche;;
Zott - Fit mit System, Inh. Karin Zott WS;Weinstadt;71384;Großheppacher Str.;BADEN_WUERTTEMBERG;Bachelor of Arts - Fitnessökonomie | Kaufmann/-frau - Büromanagement | Sport- und Fitnesskaufmann/-frau;3;3;2026-09-20;2026-09-23;2026;ba-jobsuche;;
ALDI SÜD Dienstleistungs- SE & Co. oHG;Weissach im Tal;71554;;BADEN_WUERTTEMBERG;Verkäufer/in;1;1;2026-09-20;2026-09-23;2026;ba-jobsuche;;
FWS Bedachungen GmbH;Weissach im Tal;71554;Stuttgarter Str.;BADEN_WUERTTEMBERG;Dachdecker/in;1;1;2026-09-20;2026-09-23;2026;ba-jobsuche;;
Malu GmbH;Weissach im Tal;71554;Welzheimer Str.;BADEN_WUERTTEMBERG;Anlagenmechaniker/in - Sanitär-, Heizungs- und Klimatechnik;1;1;2026-09-20;2026-09-23;2026;ba-jobsuche;;
Stelly Hausrenovierungen GmbH;Weissach im Tal;71554;Brückenstr.;BADEN_WUERTTEMBERG;Zimmerer/Zimmerin;1;1;2026-09-20;2026-09-23;2026;ba-jobsuche;;
EDEKA Südwest Stiftung & Co. KG;Weissach, Württemberg;71287;Weissacher Str. 34;BADEN_WUERTTEMBERG;Verkäufer/in;1;1;2026-09-20;2026-09-23;2026;ba-jobsuche;;
Gemeinde Weissach;Weissach, Württemberg;71287;Rathausplatz;BADEN_WUERTTEMBERG;Erzieher/in;1;1;2026-09-20;2026-09-23;2026;ba-jobsuche;;
Häcker Fliesen und Naturstein GmbH;Weissach, Württemberg;71287;Leonberger Str.;BADEN_WUERTTEMBERG;Fliesen-, Platten- und Mosaikleger/in | Kaufmann/-frau - Groß- und Außenhandelsmanagement (Großhandel);2;2;2026-09-20;2026-09-23;2026;ba-jobsuche;;
Karl Essig GmbH Bauunternehmen;Weissach, Württemberg;71287;Iptinger Str.;BADEN_WUERTTEMBERG;Beton- und Stahlbetonbauer/in;1;1;2026-09-20;2026-09-23;2026;ba-jobsuche;;
Kilpper Treppen- und Wohndesign GmbH;Weissach, Württemberg;71287;Bahnhofstr.;BADEN_WUERTTEMBERG;Tischler/in;1;1;2026-09-20;2026-09-23;2026;ba-jobsuche;;
Samariterstiftung Otto-Mörike-Stift Weissach;Weissach, Württemberg;71287;Sandweg;BADEN_WUERTTEMBERG;Altenpflegehelfer/in | Pflegefachmann/-frau (Ausbildung);2;4;2026-09-20;2026-09-23;2026;ba-jobsuche;;
Steffen Lautenschlager Dach- und Holzbau;Weissach, Württemberg;71287;Flachter Str.;BADEN_WUERTTEMBERG;Zimmerer/Zimmerin;1;1;2026-09-20;2026-09-23;2026;ba-jobsuche;;
Weber GmbH;Weissach, Württemberg;71287;Im Neuenbühl;BADEN_WUERTTEMBERG;Gärtner/in - Garten- und Landschaftsbau;1;1;2026-09-20;2026-09-23;2026;ba-jobsuche;;
ALDI SÜD Dienstleistungs- SE & Co. oHG;Welzheim;73642;;BADEN_WUERTTEMBERG;Verkäufer/in;1;1;2026-09-20;2026-09-23;2026;ba-jobsuche;;
Autohaus Mika GmbH;Welzheim;73642;Industriestr.;BADEN_WUERTTEMBERG;Kraftfahrzeugmechatroniker/in - Personenkraftwagentechnik;1;1;2026-09-20;2026-09-23;2026;ba-jobsuche;;
Capurso Rocco KG;Welzheim;73642;Starenweg;BADEN_WUERTTEMBERG;Fachverkäufer/in - Lebensmittelhandwerk (Bäckerei) | Fachverkäufer/in - Lebensmittelhandwerk (Fleischerei) | Kaufmann/-frau - Einzelhandel | Verkäufer/in;4;4;2026-09-20;2026-09-23;2026;ba-jobsuche;;
Christian Bauer GmbH + Co. KG;Welzheim;73642;Schorndorfer Str.;BADEN_WUERTTEMBERG;Industriekaufmann/-frau | Werkzeugmechaniker/in;2;2;2026-09-20;2026-09-23;2026;ba-jobsuche;;
Christian Bauer Schmuck GmbH & Co.KG;Welzheim;73642;Friedrich-Bauer-Str.;BADEN_WUERTTEMBERG;Edelsteinfasser/in | Gold- und Silberschmied/in - Goldschmieden;2;2;2026-09-20;2026-09-23;2026;ba-jobsuche;;
Dr. Rainer Sorg & Kollegen;Welzheim;73642;Brunnenstr.;BADEN_WUERTTEMBERG;Zahnmedizinische/r Fachangestellte/r;1;1;2026-09-20;2026-09-22;2026;ba-jobsuche;;
EDEKA Südwest Stiftung & Co. KG;Welzheim;73642;Starenweg 29;BADEN_WUERTTEMBERG;Fachverkäufer/in - Lebensmittelhandwerk (Fleischerei) | Kaufmann/-frau - Einzelhandel | Verkäufer/in;3;4;2026-09-20;2026-09-23;2026;ba-jobsuche;;
Fauth Holzbau GmbH;Welzheim;73642;An der Steige;BADEN_WUERTTEMBERG;Zimmerer/Zimmerin;1;2;2026-09-20;2026-09-23;2026;ba-jobsuche;;
Josenhans Gärten GmbH;Welzheim;73642;Paul-Dannenmann-Straße;BADEN_WUERTTEMBERG;Gärtner/in - Garten- und Landschaftsbau;1;1;2026-09-20;2026-09-23;2026;ba-jobsuche;;
Lederkonzepte Brikman GbR;Welzheim;73642;Reizenwiesen;BADEN_WUERTTEMBERG;Sattler/in - Fahrzeugsattlerei;1;1;2026-09-20;2026-09-23;2026;ba-jobsuche;;
Lidl Dienstleistung GmbH & Co. KG;Welzheim;73642;Hundsberger Straße;BADEN_WUERTTEMBERG;Fachwirt/in - Handel (doppelt qualifizierende Ausbildung) | Verkäufer/in;2;2;2026-09-20;2026-09-23;2026;ba-jobsuche;;
MayerS Bäckerei-Konditorei GmbH & Co. KG;Welzheim;73642;Stuttgarter Str. 59;BADEN_WUERTTEMBERG;Fachverkäufer/in - Lebensmittelhandwerk (Bäckerei);1;2;2026-09-20;2026-09-23;2026;ba-jobsuche;;
NKD Deutschland GmbH;Welzheim;73642;Schorndorfer Str.;BADEN_WUERTTEMBERG;Fachwirt/in - Handel (doppelt qualifizierende Ausbildung);1;1;2026-09-20;2026-09-23;2026;ba-jobsuche;;
NORMA Lebensmittelfilialbetrieb Stiftung & Co. KG;Welzheim;73642;;BADEN_WUERTTEMBERG;Kaufmann/-frau - Einzelhandel | Verkäufer/in;2;2;2026-09-20;2026-09-23;2026;ba-jobsuche;;
Ofschenka GmbH;Welzheim;73642;Hutt-Keller-Str.;BADEN_WUERTTEMBERG;Fachkraft - Lagerlogistik;1;2;2026-09-20;2026-09-23;2026;ba-jobsuche;;
Reiner Abraham Karosseriebau;Welzheim;73642;Lerchenstr. 27;BADEN_WUERTTEMBERG;Fahrzeuglackierer/in;1;1;2026-09-20;2026-09-23;2026;ba-jobsuche;;
Seniorenzentrum Bethel Welzheim gGmbH;Welzheim;73642;Schorndorfer Straße;BADEN_WUERTTEMBERG;Pflegefachmann/-frau (Ausbildung);1;1;2026-09-20;2026-09-23;2026;ba-jobsuche;;
VR Bank Schwäbischer Wald eG;Welzheim;73642;;BADEN_WUERTTEMBERG;Bankkaufmann/-frau;1;3;2026-09-20;2026-09-23;2026;ba-jobsuche;;
ALDI SÜD Dienstleistungs- SE & Co. oHG;Wendlingen am Neckar;73240;;BADEN_WUERTTEMBERG;Verkäufer/in;1;1;2026-09-20;2026-09-23;2026;ba-jobsuche;;
barth Spedition GmbH;Wendlingen am Neckar;73240;Neuffenstr.;BADEN_WUERTTEMBERG;Berufskraftfahrer/in;1;1;2026-09-20;2026-09-23;2026;ba-jobsuche;;
Chemoform AG;Wendlingen am Neckar;73240;Bahnhofstr.;BADEN_WUERTTEMBERG;Duales Studium Bachelor of Arts BWL-Handel (m/w/d) | Duales Studium Bachelor of Arts BWL-Industrie (m/w/d) | Fachkraft - Lagerlogistik | Fachlagerist/in;4;4;2026-09-20;2026-09-23;2026;ba-jobsuche;;
Die Wohnidee Stolz GmbH;Wendlingen am Neckar;73240;Neuffenstraße 3;BADEN_WUERTTEMBERG;Bodenleger/in;1;1;2026-09-20;2026-09-23;2026;ba-jobsuche;;
Dr. med. Albert Hollstein;Wendlingen am Neckar;73240;Zollernstr.;BADEN_WUERTTEMBERG;Medizinische/r Fachangestellte/r;1;1;2026-09-20;2026-09-23;2026;ba-jobsuche;;
DRK-Verbund Nürtingen-Kirchheim/Teck gGmbH;Wendlingen am Neckar;73240;;BADEN_WUERTTEMBERG;Altenpflegehelfer/in | Pflegefachmann/-frau (Ausbildung);2;2;2026-09-20;2026-09-23;2026;ba-jobsuche;;
Goz Elif;Wendlingen am Neckar;73240;Albstr.;BADEN_WUERTTEMBERG;Altenpflegehelfer/in | Pflegefachmann/-frau (Ausbildung);2;2;2026-09-20;2026-09-21;2026;ba-jobsuche;;
Kaufland;Wendlingen am Neckar;73240;;BADEN_WUERTTEMBERG;Verkäufer/in;1;1;2026-09-20;2026-09-23;2026;ba-jobsuche;;
Kaufland Dienstleistung GmbH & Co. KG;Wendlingen am Neckar;73240;Wertstraße;BADEN_WUERTTEMBERG;Verkäufer/in;1;1;2026-09-20;2026-09-23;2026;ba-jobsuche;;
Lidl Dienstleistung GmbH & Co. KG;Wendlingen am Neckar;73240;Taläckerstraße;BADEN_WUERTTEMBERG;Fachwirt/in - Handel (doppelt qualifizierende Ausbildung) | Verkäufer/in;2;2;2026-09-20;2026-09-23;2026;ba-jobsuche;;
Mayer Steve;Wendlingen am Neckar;73240;Neckarwasen;BADEN_WUERTTEMBERG;Fachkraft - Gastronomie;1;1;2026-09-20;2026-09-23;2026;ba-jobsuche;;
NORMA Lebensmittelfilialbetrieb Stiftung & Co. KG;Wendlingen am Neckar;73240;;BADEN_WUERTTEMBERG;Kaufmann/-frau - Einzelhandel | Verkäufer/in;2;2;2026-09-20;2026-09-23;2026;ba-jobsuche;;
Pflegeheim Geiselhart Andrea Geiselhart;Wendlingen am Neckar;73240;Unterboihinger Str.;BADEN_WUERTTEMBERG;Altenpflegehelfer/in | Pflegefachmann/-frau (Ausbildung);2;2;2026-09-20;2026-09-23;2026;ba-jobsuche;;
Rayher Paletten GmbH;Wendlingen am Neckar;73240;Heinrich-Otto-Str.;BADEN_WUERTTEMBERG;Industriekaufmann/-frau;1;2;2026-09-20;2026-09-23;2026;ba-jobsuche;;
Stadt Wendlingen am Neckar Zentrale Steuerung Personal, Organisation;Wendlingen am Neckar;73240;Am Marktplatz;BADEN_WUERTTEMBERG;Einführungspraktikum B.A. Public Management | Erzieher/in | Sozialpädagogische/r Assistent/in / Kinderpfleger/in | Verwaltungsfachangestellte/r - Kommunalverwaltung;4;6;2026-09-20;2026-09-23;2026;ba-jobsuche;;
Stiftung Tragwerk;Wendlingen am Neckar;73240;;BADEN_WUERTTEMBERG;Duale*r Student*in für den Studiengang Soziale Arbeit an der DHBW Stuttgart (m/w/d) Nürtingen-Umland;1;1;2026-09-20;2026-09-23;2026;ba-jobsuche;;
Volksbank Mittlerer Neckar eG;Wendlingen am Neckar;73240;Bahnhofstraße;BADEN_WUERTTEMBERG;Bankkaufmann/-frau | Kaufmann/-frau - Digitalisierungsmanagement | Kaufmann/-frau - Versicherungen und Finanzanlagen;3;8;2026-09-20;2026-09-23;2026;ba-jobsuche;;
ZV Gruppenklärwerk Wendlingen KdöR;Wendlingen am Neckar;73240;Vorstadtstr.;BADEN_WUERTTEMBERG;Elektroniker/in - Automatisierungstechnik | Elektroniker/in - Betriebstechnik | Fachinformatiker/in - Systemintegration | Umwelttechnologe/-technologin - Abwasserbewirtschaftung;4;4;2026-09-20;2026-09-23;2026;ba-jobsuche;;
ALDI SÜD Dienstleistungs- SE & Co. oHG;Wernau (Neckar);73249;;BADEN_WUERTTEMBERG;Verkäufer/in;1;1;2026-09-20;2026-09-23;2026;ba-jobsuche;;
Bernhard Adolf Stukkateurbetrieb;Wernau (Neckar);73249;Kranzhaldenstr.;BADEN_WUERTTEMBERG;Stuckateur/in;1;1;2026-09-20;2026-09-23;2026;ba-jobsuche;;
Bischöfliches Jugendamt Diözese Rottenburg;Wernau (Neckar);73249;Antoniusstr.;BADEN_WUERTTEMBERG;Buchhändler/in;1;1;2026-09-20;2026-09-22;2026;ba-jobsuche;;
Blue Star Fitness Inh. Susanne Akman;Wernau (Neckar);73249;Esslinger Str.;BADEN_WUERTTEMBERG;Sport- und Fitnesskaufmann/-frau;1;1;2026-09-20;2026-09-23;2026;ba-jobsuche;;
Carmine Zito;Wernau (Neckar);73249;Adlerstr.;BADEN_WUERTTEMBERG;Fachkraft - Gastronomie | Fachmann/-frau - Restaurants und Veranstaltungsgastronomie;2;3;2026-09-20;2026-09-23;2026;ba-jobsuche;;
Christian Guilliard Zimmerei Christian Guilliard;Wernau (Neckar);73249;Weidachgasse;BADEN_WUERTTEMBERG;Zimmerer/Zimmerin;1;1;2026-09-20;2026-09-23;2026;ba-jobsuche;;
Dormann Bestattungen Ltd.;Wernau (Neckar);73249;Kirchheimer Str.;BADEN_WUERTTEMBERG;Bestattungsfachkraft (Ausbildung);1;1;2026-09-20;2026-09-23;2026;ba-jobsuche;;
Dr. Paul-Dieter Martin;Wernau (Neckar);73249;Bahnhofsplatz;BADEN_WUERTTEMBERG;Zahnmedizinische/r Fachangestellte/r;1;1;2026-09-20;2026-09-23;2026;ba-jobsuche;;
Fitness Planet Unger + Pelz GbR;Wernau (Neckar);73249;Antoniusstr.;BADEN_WUERTTEMBERG;Sport- und Fitnesskaufmann/-frau;1;2;2026-09-20;2026-09-23;2026;ba-jobsuche;;
Frank Unverricht EDEKA Weilheim;Wernau (Neckar);73249;;BADEN_WUERTTEMBERG;Fachverkäufer/in - Lebensmittelhandwerk (Fleischerei) | Verkäufer/in;2;2;2026-09-20;2026-09-23;2026;ba-jobsuche;;
GEERS (Sonova Retail Deutschland GmbH);Wernau (Neckar);73249;Kirchheimer Straße 75;BADEN_WUERTTEMBERG;Hörakustiker/in;1;1;2026-09-20;2026-09-23;2026;ba-jobsuche;;
Landratsamt Esslingen;Wernau (Neckar);73249;Kranzhaldenstraße;BADEN_WUERTTEMBERG;Kenn-Nr.347-67/26 Bachelor of Arts – Soziale Arbeit;1;1;2026-09-20;2026-09-23;2026;ba-jobsuche;;
Lidl Dienstleistung GmbH & Co. KG;Wernau (Neckar);73249;Gottlieb-Wolfer-Str.;BADEN_WUERTTEMBERG;Fachwirt/in - Handel (doppelt qualifizierende Ausbildung) | Verkäufer/in;2;2;2026-09-20;2026-09-23;2026;ba-jobsuche;;
Meine Mediatec GmbH;Wernau (Neckar);73249;Talstr.;BADEN_WUERTTEMBERG;Fachkraft - Veranstaltungstechnik;1;1;2026-09-20;2026-09-23;2026;ba-jobsuche;;
Paul Wilhelm von Keppler-Stiftung;Wernau (Neckar);73249;Kirchheimer Straße 20;BADEN_WUERTTEMBERG;Pflegefachmann/-frau (Ausbildung);1;1;2026-09-20;2026-09-23;2026;ba-jobsuche;;
Robert Bosch GmbH;Wernau (Neckar);73249;;BADEN_WUERTTEMBERG;Elektroniker/in - Automatisierungstechnik | Mechatroniker/in;2;2;2026-09-20;2026-09-23;2026;ba-jobsuche;;
Vermessungsbüro Aldinger GmbH;Wernau (Neckar);73249;Kranzhaldenstr.;BADEN_WUERTTEMBERG;Vermessungstechniker/in - Vermessung;1;1;2026-09-20;2026-09-23;2026;ba-jobsuche;;
Voigt  GmbH;Wernau (Neckar);73249;Brühlstr.;BADEN_WUERTTEMBERG;Industriekaufmann/-frau;1;1;2026-09-20;2026-09-23;2026;ba-jobsuche;;
W. Höhing GmbH;Wernau (Neckar);73249;Esslinger Str.;BADEN_WUERTTEMBERG;Maler/in und Lackierer/in - Gestaltung und Instandhaltung;1;1;2026-09-20;2026-09-23;2026;ba-jobsuche;;
ALDI SÜD Dienstleistungs- SE & Co. oHG;Winnenden, Württemberg;71364;;BADEN_WUERTTEMBERG;Verkäufer/in;1;1;2026-09-20;2026-09-23;2026;ba-jobsuche;;
Alfred Kärcher SE & Co. KG;Winnenden, Württemberg;71364;Alfred-Kärcher-Str.;BADEN_WUERTTEMBERG;Bachelor of Arts (DHBW) BWL Digital Business Management (m/w/d) am Standort Winnenden 2027 | Bachelor of Arts (DHBW) BWL-DLM Consulting & Sales (m/w/d) am Standort Winnenden 2027 | Bachelor of Engineering (DHBW) Embedded Systems (m/w/d) am Standort Winnenden 2027 | Bachelor of Engineering (DHBW) Mechatronik (m/w/d) am Standort Winnenden 2027 | Bachelor of Science (DHBW) Data Science und Künstliche Intelligenz (m/w/d) Standort Winnenden 2027 | Bachelor of Science (DHBW) Wirtschaftsinformatik/Application Management (m/w/d) Winnenden 2027 | Elektroniker/in - Betriebstechnik;7;9;2026-09-20;2026-09-23;2026;ba-jobsuche;;
Alfred Kärcher Vertriebs-GmbH;Winnenden, Württemberg;;;BADEN_WUERTTEMBERG;Kaufmann/-frau - Einzelhandel | Kaufmann/-frau - IT-System-Management | Mechatroniker/in;3;3;2026-09-20;2026-09-23;2026;ba-jobsuche;;
Arbeiter-Samariter-Bund BW e.V. Region Stuttgart;Winnenden, Württemberg;71364;Gerberstr.;BADEN_WUERTTEMBERG;Pflegefachmann/-frau (Ausbildung);1;1;2026-09-20;2026-09-23;2026;ba-jobsuche;;
Bäckerei Maurer GmbH;Winnenden, Württemberg;71364;Linsenhalde;BADEN_WUERTTEMBERG;Fachverkäufer/in - Lebensmittelhandwerk (Bäckerei) | Konditor/in;2;2;2026-09-20;2026-09-23;2026;ba-jobsuche;;
Bäckerei Weber GmbH;Winnenden, Württemberg;71364;Ringstr.;BADEN_WUERTTEMBERG;Fachverkäufer/in - Lebensmittelhandwerk (Bäckerei);1;1;2026-09-20;2026-09-23;2026;ba-jobsuche;;
Burger Schloz Automobile GmbH & Co KG Uhingen;Winnenden, Württemberg;71364;;BADEN_WUERTTEMBERG;Fachkraft - Lagerlogistik | Kraftfahrzeugmechatroniker/in - Nutzfahrzeugtechnik;2;2;2026-09-20;2026-09-23;2026;ba-jobsuche;;
Deichmann SE;Winnenden, Württemberg;71364;Marbacher Straße 8-10;BADEN_WUERTTEMBERG;Kaufmann/-frau - Einzelhandel;1;1;2026-09-20;2026-09-23;2026;ba-jobsuche;;
dm-drogerie markt GmbH + Co.KG;Winnenden, Württemberg;71364;Marktstraße 41;BADEN_WUERTTEMBERG;Drogist/in;1;1;2026-09-20;2026-09-23;2026;ba-jobsuche;;
Dr. Axel Michels;Winnenden, Württemberg;71364;Ringstr.;BADEN_WUERTTEMBERG;Medizinische/r Fachangestellte/r;1;1;2026-09-20;2026-09-23;2026;ba-jobsuche;;
Dres. Heinzmann und Rothfuß;Winnenden, Württemberg;71364;Am Jakobsweg;BADEN_WUERTTEMBERG;Medizinische/r Fachangestellte/r;1;1;2026-09-20;2026-09-23;2026;ba-jobsuche;;
EDEKA Südwest Stiftung & Co. KG;Winnenden, Württemberg;71364;Marbacher Straße 8-10;BADEN_WUERTTEMBERG;Kaufmann/-frau - Einzelhandel | Verkäufer/in;2;8;2026-09-20;2026-09-23;2026;ba-jobsuche;;
Ender Gastronomie Weinstadt GmbH & Co. KG;Winnenden, Württemberg;71364;Max-Eyth-Str.;BADEN_WUERTTEMBERG;Fachmann/-frau - Systemgastronomie;1;1;2026-09-20;2026-09-23;2026;ba-jobsuche;;
Ernteband Fruchtsaft GmbH;Winnenden, Württemberg;71364;Marbacher Str.;BADEN_WUERTTEMBERG;Fachkraft - Fruchtsafttechnik;1;1;2026-09-20;2026-09-23;2026;ba-jobsuche;;
Garten-Baumschule Wöhrle Katja Meindl Meindl;Winnenden, Württemberg;71364;Lilienstr.;BADEN_WUERTTEMBERG;Gärtner/in - Baumschule;1;1;2026-09-20;2026-09-23;2026;ba-jobsuche;;
GEERS (Sonova Retail Deutschland GmbH);Winnenden, Württemberg;71364;Am Jakobsweg 2;BADEN_WUERTTEMBERG;Hörakustiker/in;1;2;2026-09-20;2026-09-23;2026;ba-jobsuche;;
Kaltenleitner-Morper Steuerberatung;Winnenden, Württemberg;71364;Quellenstr.;BADEN_WUERTTEMBERG;Steuerfachangestellte/r;1;1;2026-09-20;2026-09-23;2026;ba-jobsuche;;
KiK Textilien und Non-Food GmbH;Winnenden, Württemberg;71364;Wallstraße 28;BADEN_WUERTTEMBERG;Fachwirt/in - Handel (doppelt qualifizierende Ausbildung) | Verkäufer/in;2;2;2026-09-20;2026-09-23;2026;ba-jobsuche;;
Klöpfer GmbH & Co. KG;Winnenden, Württemberg;71364;Talaue;BADEN_WUERTTEMBERG;Baugeräteführer/in | Straßenbauer/in;2;3;2026-09-20;2026-09-23;2026;ba-jobsuche;;
Krämer GmbH & Co. KG Bauunternehmung;Winnenden, Württemberg;71364;Alfred-Kärcher-Str.;BADEN_WUERTTEMBERG;Beton- und Stahlbetonbauer/in | Maurer/in;2;3;2026-09-20;2026-09-23;2026;ba-jobsuche;;
Lidl Dienstleistung GmbH & Co. KG;Winnenden, Württemberg;71364;Waiblinger Str.;BADEN_WUERTTEMBERG;Fachwirt/in - Handel (doppelt qualifizierende Ausbildung) | Verkäufer/in;2;2;2026-09-20;2026-09-23;2026;ba-jobsuche;;
McDonald's Deutschland LLC;Winnenden, Württemberg;71364;Max-Eyth-Str. 29;BADEN_WUERTTEMBERG;Fachmann/-frau - Systemgastronomie;1;1;2026-09-20;2026-09-23;2026;ba-jobsuche;;
Metzgerei Häfele GmbH;Winnenden, Württemberg;71364;Theodor-Heuss-Platz;BADEN_WUERTTEMBERG;Fachverkäufer/in - Lebensmittelhandwerk (Fleischerei) | Fleischer/in;2;2;2026-09-20;2026-09-23;2026;ba-jobsuche;;
Müller Holding GmbH & Co. KG;Winnenden, Württemberg;71364;Adlerplatz 2;BADEN_WUERTTEMBERG;Kaufmann/-frau - Einzelhandel | Verkäufer/in;2;2;2026-09-20;2026-09-23;2026;ba-jobsuche;;
Negele Schreiner GmbH & Co.KG + Co.KG;Winnenden, Württemberg;71364;Auäckerweg;BADEN_WUERTTEMBERG;Tischler/in;1;1;2026-09-20;2026-09-23;2026;ba-jobsuche;;
NORMA Lebensmittelfilialbetrieb Stiftung & Co. KG;Winnenden, Württemberg;71364;;BADEN_WUERTTEMBERG;Kaufmann/-frau - Einzelhandel | Verkäufer/in;2;2;2026-09-20;2026-09-23;2026;ba-jobsuche;;
Parfümerie Schuback GmbH;Winnenden, Württemberg;71364;Marktstraße 40;BADEN_WUERTTEMBERG;Kaufmann/-frau - Einzelhandel;1;1;2026-09-20;2026-09-23;2026;ba-jobsuche;;
pro optik GmbH Fellbach;Winnenden, Württemberg;71364;Marktstraße;BADEN_WUERTTEMBERG;Augenoptiker/in;1;1;2026-09-20;2026-09-23;2026;ba-jobsuche;;
Reiter GmbH+Co.KG Oberflächentechnik;Winnenden, Württemberg;71364;Berglenstr.;BADEN_WUERTTEMBERG;Fachkraft - Lagerlogistik;1;1;2026-09-20;2026-09-23;2026;ba-jobsuche;;
Rems-Murr-Kliniken gGmbH Rems-Murr-Klinik Winnenden;Winnenden, Württemberg;71364;Am Jakobsweg;BADEN_WUERTTEMBERG;Anästhesietechnische/r Assistent/in | Operationstechnische/r Assistent/in | Pflegefachmann/-frau (Ausbildung);3;3;2026-09-20;2026-09-23;2026;ba-jobsuche;;
REWE Markt GmbH ZwNL Südwest;Winnenden, Württemberg;71364;;BADEN_WUERTTEMBERG;Fachverkäufer/in - Lebensmittelhandwerk (Fleischerei) | Fleischer/in | Kaufmann/-frau - Einzelhandel;3;3;2026-09-20;2026-09-23;2026;ba-jobsuche;;
Schäfer Gerüstbau GmbH & Co. KG;Winnenden, Württemberg;71364;Traminerweg;BADEN_WUERTTEMBERG;Gerüstbauer/in;1;1;2026-09-20;2026-09-23;2026;ba-jobsuche;;
Schuh-Grotz GmbH & Co. KG;Winnenden, Württemberg;71364;;BADEN_WUERTTEMBERG;Kaufmann/-frau - Einzelhandel;1;1;2026-09-20;2026-09-22;2026;ba-jobsuche;;
SST GmbH Niederl. Stuttgart;Winnenden, Württemberg;71364;Johannes-Giesser-Str.;BADEN_WUERTTEMBERG;Kaufmann/-frau - Spedition und Logistikdienstleistung;1;1;2026-09-20;2026-09-23;2026;ba-jobsuche;;
Stadtverwaltung Winnenden;Winnenden, Württemberg;71364;Torstr.;BADEN_WUERTTEMBERG;Beamter/Beamtin - Kommunalverwaltung (mittlerer nichttechnischer Dienst) | Fachinformatiker/in - Systemintegration;2;2;2026-09-20;2026-09-23;2026;ba-jobsuche;;
Stephan Mache MACHE Online;Winnenden, Württemberg;71364;Marktstr.;BADEN_WUERTTEMBERG;Pharmazeutisch-kaufmännische/r Angestellte/r;1;1;2026-09-20;2026-09-23;2026;ba-jobsuche;;
T.E.D. com GmbH;Winnenden, Württemberg;71364;Max-Eyth-Str.;BADEN_WUERTTEMBERG;Informationselektroniker/in;1;1;2026-09-20;2026-09-23;2026;ba-jobsuche;;
Techtronic Industries ELC GmbH;Winnenden, Württemberg;71364;Max-Eyth-Str.;BADEN_WUERTTEMBERG;Duales Studium BWL (B.A.) Dienstleistungsmanagement mit Schwerpunkt Logistik- und Supply Chain Mgm. | Duales Studium Wirtschaftsinformatik/Application Management | Kaufmännische/r Assistent/in/Wirtschaftsassistent/in - Betriebsinformatik;3;3;2026-09-20;2026-09-23;2026;ba-jobsuche;;
ZfP Zentrum für Psychiatrie Klinikum Schloß Winnenden (AdöR);Winnenden, Württemberg;71364;Schloßstr. 50;BADEN_WUERTTEMBERG;Duales Studium Pflege | Pflegefachmann/-frau (Ausbildung);2;3;2026-09-20;2026-09-23;2026;ba-jobsuche;;
AWO Sozial gGmbH;Winterbach bei Schorndorf, Württ.;73650;;BADEN_WUERTTEMBERG;Pflegefachmann/-frau (Ausbildung);1;1;2026-09-20;2026-09-23;2026;ba-jobsuche;;
Contexo GmbH;Winterbach bei Schorndorf, Württ.;73650;Herrenäckerstr.;BADEN_WUERTTEMBERG;Duales Studium Elektrotechnik (m/w/d) 2027 | Elektroniker/in - Automatisierungstechnik | Industriemechaniker/in;3;3;2026-09-20;2026-09-23;2026;ba-jobsuche;;
Dieter Bürk;Winterbach bei Schorndorf, Württ.;73650;Ritterstr.;BADEN_WUERTTEMBERG;Kraftfahrzeugmechatroniker/in - Personenkraftwagentechnik;1;1;2026-09-20;2026-09-23;2026;ba-jobsuche;;
Dres. Aigeldinger-Jordon u. Schäufele GbR;Winterbach bei Schorndorf, Württ.;73650;Bahnhofsplatz;BADEN_WUERTTEMBERG;Medizinische/r Fachangestellte/r;1;1;2026-09-20;2026-09-23;2026;ba-jobsuche;;
Freie Waldorfschule Engelberg Engelberger Schulverein e.V.;Winterbach bei Schorndorf, Württ.;73650;Rudolf-Steiner-Weg;BADEN_WUERTTEMBERG;Erzieher/in;1;1;2026-09-20;2026-09-23;2026;ba-jobsuche;;
Karl Schnell GmbH & Co. KG;Winterbach bei Schorndorf, Württ.;73650;Mühlstraße;BADEN_WUERTTEMBERG;Elektroniker/in - Automatisierungstechnik | Industriemechaniker/in;2;2;2026-09-20;2026-09-23;2026;ba-jobsuche;;
MAN Truck & Bus;Winterbach bei Schorndorf, Württ.;73650;;BADEN_WUERTTEMBERG;Kaufmann/-frau - Büromanagement | Kraftfahrzeugmechatroniker/in - Nutzfahrzeugtechnik;2;2;2026-09-20;2026-09-23;2026;ba-jobsuche;;
MayerS Bäckerei-Konditorei GmbH & Co. KG;Winterbach bei Schorndorf, Württ.;73650;Bahnhofstr. 12;BADEN_WUERTTEMBERG;Fachverkäufer/in - Lebensmittelhandwerk (Bäckerei);1;1;2026-09-20;2026-09-23;2026;ba-jobsuche;;
Netto Marken-Discount Stiftung & Co. KG;Winterbach bei Schorndorf, Württ.;73650;Schorndorfer Str. 18;BADEN_WUERTTEMBERG;Kaufmann/-frau - Einzelhandel | Verkäufer/in;2;3;2026-09-20;2026-09-23;2026;ba-jobsuche;;
Pfisterer Kontaktsysteme GmbH;Winterbach bei Schorndorf, Württ.;73650;Rosenstr.;BADEN_WUERTTEMBERG;Duales Studium BWL-Industrial Business Management (m/w/d) 2027 | Duales Studium Wirtschaftsingenieurwesen (m/w/d) 2027 | Fachkraft - Lagerlogistik | Fachlagerist/in | Industriekaufmann/-frau | Kunststoff- und Kautschuktechnologe/-technologin - Formteile;6;6;2026-09-20;2026-09-23;2026;ba-jobsuche;;
WSD Security GmbH WSD Security GmbH;Winterbach bei Schorndorf, Württ.;73650;;BADEN_WUERTTEMBERG;Fachkraft - Schutz und Sicherheit;1;1;2026-09-20;2026-09-23;2026;ba-jobsuche;;
ALDI SÜD Dienstleistungs- SE & Co. oHG;Wolfschlugen;72649;;BADEN_WUERTTEMBERG;Verkäufer/in;1;1;2026-09-20;2026-09-23;2026;ba-jobsuche;;
ARNO GmbH Präsentationssysteme;Wolfschlugen;72649;Daimlerstr.;BADEN_WUERTTEMBERG;Dualer Studienplatz Holztechnik (m/w/d) | Fachkraft - Lagerlogistik | Fachlagerist/in;3;3;2026-09-20;2026-09-23;2026;ba-jobsuche;;
MKS Metallbau Schreiber GmbH;Wolfschlugen;72649;Benzstr.;BADEN_WUERTTEMBERG;Metallbauer/in - Konstruktionstechnik;1;1;2026-09-20;2026-09-23;2026;ba-jobsuche;;
Ralf Maier Garten- und Landschaftsbau GmbH & Co. KG;Wolfschlugen;72649;Max-Eyth-Str.;BADEN_WUERTTEMBERG;Gärtner/in - Garten- und Landschaftsbau;1;1;2026-09-20;2026-09-23;2026;ba-jobsuche;;
Penny-Markt GmbH Verwaltung;Wüstenrot;71543;;BADEN_WUERTTEMBERG;Kaufmann/-frau - Einzelhandel | Verkäufer/in;2;2;2026-09-20;2026-09-23;2026;ba-jobsuche;;
TREFZ GmbH Fenster- u. Fassadenbau;Wüstenrot;71543;Weidäcker;BADEN_WUERTTEMBERG;Glaser/in - Fenster- und Glasfassadenbau;1;1;2026-09-20;2026-09-23;2026;ba-jobsuche;;
Weidner GmbH;Wüstenrot;71543;Finkenweg;BADEN_WUERTTEMBERG;Anlagenmechaniker/in - Sanitär-, Heizungs- und Klimatechnik;1;1;2026-09-20;2026-09-23;2026;ba-jobsuche;;
Wulle GmbH;Wüstenrot;71543;Spohnweg;BADEN_WUERTTEMBERG;Metallbauer/in - Konstruktionstechnik;1;1;2026-09-20;2026-09-23;2026;ba-jobsuche;;
Alexander-Stift DfS gGmbH Zell;Zell unter Aichelberg;73119;Im Kreben;BADEN_WUERTTEMBERG;Altenpflegehelfer/in | Hauswirtschafter/in | Pflegefachmann/-frau (Ausbildung);3;3;2026-09-20;2026-09-23;2026;ba-jobsuche;;
ALMÜ Präzisions-Werkzeug GmbH;Zell unter Aichelberg;73119;Ohmder Str.;BADEN_WUERTTEMBERG;Präzisionswerkzeugmechaniker/in - Zerspanwerkzeuge | Technische/r Produktdesigner/in - Maschinen- und Anlagenkonstruktion;2;2;2026-09-20;2026-09-23;2026;ba-jobsuche;;
Autohaus Ratzel GmbH;Zell unter Aichelberg;73119;Gereut;BADEN_WUERTTEMBERG;Automobilkaufmann/-frau | Kraftfahrzeugmechatroniker/in - Personenkraftwagentechnik;2;2;2026-09-20;2026-09-23;2026;ba-jobsuche;;
Funk Manuel Sonnenhofbäckerei;Zell unter Aichelberg;73119;Boller Str.;BADEN_WUERTTEMBERG;Bäcker/in | Fachverkäufer/in - Lebensmittelhandwerk (Bäckerei);2;2;2026-09-20;2026-09-23;2026;ba-jobsuche;;
netplay GmbH;Zell unter Aichelberg;73119;Jurastr.;BADEN_WUERTTEMBERG;Fachinformatiker/in - Systemintegration;1;2;2026-09-20;2026-09-23;2026;ba-jobsuche;;
Ortlieb Präzisionssysteme GmbH & Co. KG;Zell unter Aichelberg;73119;Jurastr.;BADEN_WUERTTEMBERG;Mechatroniker/in | Zerspanungsmechaniker/in;2;2;2026-09-20;2026-09-23;2026;ba-jobsuche;;
Restaurant Schäferhof Tino Knoof;Zell unter Aichelberg;73119;Boller Str.;BADEN_WUERTTEMBERG;Koch/Köchin;1;1;2026-09-20;2026-09-23;2026;ba-jobsuche;;
REWE Markt GmbH ZwNL Südwest;Zell unter Aichelberg;73119;;BADEN_WUERTTEMBERG;Fachverkäufer/in - Lebensmittelhandwerk (Fleischerei) | Kaufmann/-frau - Einzelhandel;2;2;2026-09-20;2026-09-23;2026;ba-jobsuche;;
sey-IT Consulting GmbH;Zell unter Aichelberg;73119;Zeppelinstr.;BADEN_WUERTTEMBERG;Kaufmann/-frau - Büromanagement | Kaufmann/-frau - IT-System-Management;2;2;2026-09-20;2026-09-23;2026;ba-jobsuche;;
Zeppelin Rental GmbH;Zell unter Aichelberg;73119;;BADEN_WUERTTEMBERG;Elektroniker/in - Betriebstechnik;1;1;2026-09-20;2026-09-23;2026;ba-jobsuche;;
